site_code,pre_post,longitude,latitude,cluster,site_name,Acanthastrea.Submassive,Acropora.Arborescent.table,Acropora.Bottlebrush,Acropora.Branching,Acropora.Corymbose,Acropora.Digitate,Acropora.Staghorn,Acropora.Tabular,Alveopora.Branching,Alveopora.Submassive,Anacropora,Astrea,Astreopora.Encrusting,Astreopora.Hemispherical,Astreopora.Solid.plates,Astreopora.Submassive,Coeloseris,Coral.Branching,Coral.Columnar,Coral.Digitate,Coral.Encrusting,Coral.Foliose.Plate,Coral.massive,Coral.Submassive,Corals,Coscinaraea.Submassive,Ctenactis,Cycloseris,Cynarina,Cyphastrea.Encrusting,Cyphastrea.Hemispherical,Cyphastrea.Submassive,Diploastrea,Echinophyllia.Encrusting,Echinopora.branching,Echinopora.Branching,Echinopora.Encrusting,Echinopora.Plating,Echinopora.Submassive,Euphyllia,Favia.Hemispherical,Favia.Submassive,Favites.Encrusting,Favites.Hemispherical,Favites.Submassive,Fungia,Galaxea.Branching,Galaxea.Submassive,Gardineroseris,Goniastrea.Hemispherical,Goniastrea.Submassive,Goniopora,Goniopora.Columnar.or.digitate,Goniopora.Encrusting,Goniopora.Hemispherical,Goniopora.Submassive,Halomitra,Heliofungia,Heliopora,Herpolitha,Hydnophora.Branching,Hydnophora.Encrusting,Hydnophora.Submassive,Isopora.Branching,Isopora.Columnar.or.digitate,Isopora.Encrusting,Isopora.Submassive,Leptastrea.Encrusting,Leptastrea.Submassive,Leptoria,Leptoseris.Encrusting,Lobophyllia.Hemispherical,Lobophyllia.Submassive,Merulina.Submassive,Millepora.Branching,Millepora.Submassive,Montipora.Branching,Montipora.Encrusting,Montipora.Foliose.plate,Montipora.Submassive,Moseleya,Mycedium.Foliose.Plate,Oulophyllia.Hemispherical,Oxypora.Encrusting.plate,Pachyseris,Pachyseris.Encrusting,Pachyseris.Foliose,Pachyseris.Submassive,Pavona.Branching,Pavona.Encrusting.plate,Pavona.Submassive,Pectinia.Branching,Pectinia.Encrusting,Phymastrea.Submassive,Physogyra,Platygyra.Hemispherical,Platygyra.Submassive,Plesiastrea,Pocillopora.Branching,Podabacia,Porites.Branching,Porites.Encrusting,Porites.Foliose.plate,Porites.Massive,Porites.Submassive,Psammocora.Branching,Psammocora.Encrusting,Psammocora.Submassive,Sandalolitha,Seriatopora,Stony.corals,Stylocoeniella,Stylophora,Symphyllia.Hemispherical,Symphyllia.Submassive,Tubastrea,Tubipora,Turbinaria.Encrusting,Turbinaria.Foliose.plates
CS1,Pre,152.23517,-19.29696,1,Long Reef West,0,0,0,0,0,0,0,0,0,0,0,0,0,0,0,0,0,0,0,0,0,0,0,0.25,0,0,0,0,0,0,0,0,0,0,0,0,0,0,0,0,0,0,0,0,0,0,0,0,0,0,0,0,0,0,0,0,0,0,0,0,0,0.5,0,0,0,0,0,0,0.75,0,0,0,0,0,0,0.25,0,0.25,0,0.25,0,0,0,0,0,0,0,0,0,0,0,0,0,0,0,0,0,0,0,0,0,0,0,1.25,0,0,0,0,0,0,0,0,0,0,0,0,0,0,0
CS10,Pre,149.18262,-16.94777,1,NE Herald Cay SW,0,0,0,0,0,0,0,0,0,0,0,0,0,0,0,0,0,0,0,0,0,0,0,0,0,0,0,0,0,0,0,0,0,0,0,0,0,0,0,0,0,0,0,0,0,0,0,0,0,0,0,0,0,0,0,0,0,0,0,0,0,0,0,0,0,0,0,0,0,0,0,0,0,0,0,0,0,0,0,0,0,0,0,0,0,0,0,0,0,0,0,0,0,0,0,0,0,0,2,0,0,0,0,0,0,0,0,0,0,0,0,0,0,0,0,0,0,0,0
CS101,Pre,151.07258,-17.41432,1,Diamond Cay Islet,0,0,0.5,0,0,0,0,0,0,0,0,0,0,0,0,0,0,0,0,0,0,0,0,0,0,0,0,0,0,0,0,0,0,0,0,0,0,0,0,0,0,0,0,0,0,0,0,1,0,0,0.5,0,0,0,0,0,0,0,0,0,0,0,0,0,0,0,0,0,1,0.5,0,0,0,0,0,0,0,0,0,0,0,0,0,0,0,0,0,0,0,0,0,0,0,0,0,0,0.5,0,0.5,0,0,0,0,0,0,0,0,0,0,0,0,0,1,0,0,0,0,0,0
CS102,Pre,151.07128,-17.41703,1,East Diamond Islet NW,0,0,0,0,2,0,0,1,0,0,0,0,0,0,0,0,0,0,0,0,0,0,0,0,0,0,0,0,0,0,0,0,0,0,0,0,0,0,0,0,0,0.5,0,0,0,0,0,0,0,0,0,0,0,0,0,0,0,0,0,0,0,0,0,0,0.5,0,0,0,0.5,0,0,0,0,0,0,0,0,0.5,0,0,0,0,0,0,0,0,0,0,0,0,0,0,0,0,0,0,0,0,3,0,0,0,0,0,0.5,0,0,0,0,0,0,0,1,0,0,0,0,0,0
CS103,Pre,151.07027,-17.43525,1,East Diamond Islet lagoon,0,0,0,0,1.5,0,0,6.5,0,0,0,0,0,0,0,0,0,0,0,0,0,0,0,0,0,0,0,0,0,0.5,0,0.5,0,0,0,0,1,0,0,0,0,1,0,0,0.5,0,0,0,0,0,0,0,0,0,0,0,0,0,0,0,0,0,0,0,0,0,0,0,0,0,0,0,0.5,0,0,0,0,0.5,0,0,0,0,0,0,0,0,0,0,0,0,0,0,0,0,0,0,0,0,2.5,0,0,0.5,0,0,0,0,0,0,0,0,0,0,2.5,0,0,0,0,0,0
CS104,Pre,151.07127,-17.4347,1,East Diamond Islet Tower,0,0,0,0,2,0,0,0,0,0,0,0,0,0,0,0,0,0,0,0,0,0,0,0,0,0,0,0,0,0,0,0,0,0,0,0,0,0,0,0,0,0,0,0,0,0,0,0,0,0,0,0,0,0,0,0,0,0,0,0,0,0,0,0,0,0,0,0,0,0,0,0,0,0,0,0,0,0,0,0,0,0,1,0,0,0,0,0,0,0,0,0,0,0,0,0,0,0,1,0,0,0,0,0,0,0,0,0,0,0,0,0,2,0,0,0,0,0,0
CS11,Pre,149.19696,-16.93653,1,NE Herald Cay Central,0,0,0,0,0.9,0.4,0,0,0,0,0,0,0,0,0,0,0,0,0,0,0.5,0,0.4,0,0,0,0,0,0,0,0,0.5,0,0,0,0,0,0,0,0,1.2,0,0,0,0.5,0,0,0,0,1,0.4,0,0,0,0,0,0,0,0,0,0,0,0,0,0,0,0,0,0.4,0,0,0,0,0,0,0,0,0,0,0,0,0,0,0.5,0,0,0,0,0,0,2.9,0,0,0,0,0,0,0,2.2,0,0,0.5,0,0.9,0,0,0,0,0,0,0,0,0.5,0,0,0,0,0,0
CS110,Pre,150.73692,-17.71175,1,Tregrosse Outlier Reef Down,0,0,0,0,0,0,0,0,0,0,0,0,0,0,0,0,0,0,0,0,0,0,0,0,0,0.5,0,0,0,0,0,0,0,0,0,0,0,0,0,0,0,1,0,0,0,0,0,0,0,0,0,0,0,0,0,0,0,0,0,0,0,0,0,0,0,0,0,0,0,0,0,0,0,0,0,0,0,0,0,0,0,0,0,0,0,0,0,0,0,0,0,0,0,0,0,0,0,0,2,0,0,4,0,0,0,0,0,0,0,0,0,0,1,0.5,0,0,0,0,0
CS111,Pre,150.7345,-17.71298,1,Tregrosse Outlier Reef,0,0,0,0,1,0,0,0,0,0,0,0,0,0,0,0,0,0,0,0,0,0,0,0,0,1.5,0,0,0,0,0,0.5,0,0,0,0,1,0,0,0,0,0,0,0,0,0,0,0,0,0,0,0,0,0,0,0,0,0,0,0,0,0,0,0,0,0,0,0,0,0,0,0,0,0,0,0,0,0,0,0,0,0,0,0,0,0,0,0,0,0,0,0,0,0,0,0,0,0,0.5,0,0.5,7,0,0,0,0,0,0,0,0,0,0,2.5,0,0,0,0.5,0,0
CS113,Pre,150.63277,-17.77473,1,Tregosse Reef,0,0,0,0,1,0,0,0.5,0,0,0,0,0,0,0,0,0,0,0,0,0,0,0,0,0,0,0,0,0,0,0,0,0,0,0,0,0,0,0,0,0,0,0,0,0,0,0,0,0,0,0,0,0,0,0,0,0,0,0,0,0,0,0,0,0.5,0,0,0,0,0,0,0,0,0,0,0,0,0,0,0,0,0,0,0,0,0,0,0,0,0,0,0,0,0,0,0,0,0,0.5,0,0.5,1,0,0,0,0,0,0,0,0,0,0,0.5,0,0,0,0,0,0
CS12,Pre,149.19332,-16.93007,1,NE Herald Bommie,0,0,0,0,2,0,0,0,0,0,0,0,0,0,0,0,0,0,0,0,0,0,0,0,0,0,0,0,0,0,0.5,0,0,0,0,0,0,0,0,0,0,0,0,0,0,0,0,0,0,0.5,0,0,0,0,0,0,0,0,0,0,0,0,0,0,0,0,0,0.5,0,0.5,0,0,0,0,0,0,0,0,0,0,0,0,0,0,0,0,0,0,0,0,0.5,0,0,0,0,0,0,0,0,0,0,0.5,0,4.5,1,0,0,0,0.5,0,0,0,0,0,0,0,0,0,0
CS123,Pre,148.50514,-17.82899,1,South Flinders Horseshoe NW,0,0,0,0,2.5,0.5,0,1.5,0,0,0,0,0,0.5,0,0,0,0,0,0,0,0,0,0,0,0,0,0,0,0,0,0,0,0,0,0,0,0,0,0,0,0,0,0,0,0,0,0,0,0,0,0,0,0,0,0,0,0,0,0,0,0,0,0,0,0,0,0,0,0,0,0,0,0,0,0,0,1,0,0,0,0,0,0,0,0,0,0,0,0,0,0,0,0,0,0,0,0,1,0,0,0,0,0.5,0,0,0,0,0,0,0,0.5,0,0,0,0,0,0,0
CS126,Pre,148.43873,-17.71666,1,Flinders Ribbon Reef South Cay,0,0,0,0,3.5,0,0,0.5,0,0,0,0,0,0.5,0,0,0,0,0,0,0.5,0,0,0,0,0,0,0,0,0,0,0,0,0,0,0,0,0,0,0,1,0.5,0,0,0,0,0,0,0,1.5,0.5,0,0,0,0,0,0,0,0,0,0,0,0,0,0,0,0,0,0.5,0,0,0,0,0,0,0,0,0,0,0,0,0,0,0,0,0,0,0,0,0,0,0,0,0.5,0,0,0,0,2,0,0,0,0,5.5,0.5,0,0,0,0,0,0,0,1,0,0,0,0,2.5,0
CS127,Pre,148.4373,-17.71505,1,Flinders Ribbon Reef South Cay SW,0,0.5,0,0,1.5,0.5,0,2,0,0,0,0,0,0,0,0.5,0,0.5,0,0,0,0,0.5,0,0,0,0,0,0,0,0,0,0,0,0,0,0,0,0,0,0.5,0,0,0,0.5,0,0,0,0,2.5,0.5,0,0,0,0,0,0,0,0,0,0,0,0,0,0.5,0,0,0,0,0,0,0,0,1,0,0.5,0,0.5,0,0,0,0,0,0,0,0,0,0,0,0,0,0,0,0,0,0,0,0,1.5,0,0,0,0,0.5,1,0,0,0,0,0,0,0,1,0,0,0,0,0,0
CS128,Pre,148.4606,-17.70575,1,Flinders Cay Storm Bommie,0,0,0,0,0.5,0,0,0,0,0,0,0,0,0,0,0,0,0,0,0,0,0,0,0,0,0,0,0,0,0,0,0,0,0,0,0,0,0,0,0,0,0,0,0,0,0,0,0,0,0,0,0,0,0,0,0,0,0,0,0,0,0,0,0,0,0,0,0,0,0,0,0,0,0,0,0,0,0,0,0,0,0,0,0,0,0,0,0,0,0,0,0,0,0,0,0,0,0,1,0,0,0,0,0,0.5,0,0,0,0,0,0,0,0.5,0,0,0,0,0,0
CS129,Pre,148.46176,-17.70304,1,Flinders Ribbon Reef South Cay E bommie,0,0,0,0,0,0,0,0,0,0,0,0,0,0,0,0,0,0,0,0,1,0,0,1,0,1,0,0,0,0,0,0,0,0,0,0,0,0,0,0,1,1,0,0,0,0,0,0,0,0,0,0,0,0,1,0,0,0,0,0,0,0,0,0,0,0,0,0,0,0,0,0,0,0,0,0,0,1,0,0,0,0,0,0,0,0,0,0,0,0,0,0,0,0,0,0,0,0,0,0,0,1,0,3,0,0,0,0,0,0,0,0,0,0,0,0,0,1,0
CS13,Pre,149.20228,-16.92822,1,NE Herald Back Reef,0,0,0,0,0,0,0,0,0,0,0,0,0,0,0,0.5,0,0,0,0,0.5,0,0,0,0,0,0,0,0,0.5,0.5,0.5,0,0,0,0,2.05,0,0,0,1.05,0.5,0,0,0.5,0,0,0,0,0,0.5,0,0,0,0,0,0,0,0,0,0,0,0,0,0,0,0,0,0,0,0,0,0,0,0,0,0,0.5,0,0,0,0,0,0,0,0,0,0,0,0,1.5,0,0,0,0,0,0.5,0,0,0,0,1.55,0,0.5,0,0,0,0,0,0,0,0,0,0,0,0,0,0,0
CS130,Pre,149.999,-16.93133,1,Chilcott Islet bommie,0,0,0,0,0,0,0,0,0,0,0,0,0,0,0,0,0,0,0,0,0,0,0,0.5,0,2,0,0,0,0,0,0,0,0,0,0,0,0,0,0,0,1.5,0,0,0,0,0,0,0,0,0,0,0,0,0,0,0,0,0,0,0,0,0,0,0,0,0,0,0,0,0,0,0,0,0,0,0,0,0,0,0,0,0,0,0,0,0,0,0,0,1,0,0,0,0,0,0,0,1.5,0,0,2,0,0,0.5,0,0,0,0,0,0,0,0,0,0,0,0,0,0
CS131,Pre,150.00203,-16.93012,1,Chilcott Islet Haven,0,0,0,0,2.5,0,0,0,0,0,0,0,0,0.5,0,0,0,0,0,0,0,0,0,0,0,0,0,0,0,0,0,1,0,0,0,0,0,0,0,0,0.5,0.5,0,0,0,0,0,0,0,0.5,0.5,0,0,0,0,0,0,0,0,0,0,0,0,0,0,0,0,0,0,0,0,0,0,0,0,0,0,0,0,0,0,0,0.5,0,0,0,0,0,0,0,0,0,0,0,0,0,0,0,0.5,0,0,8.5,0,0,0.5,0,0,0,0,0,0,0,0.5,0.5,0,0,0,0,0
CS132,Pre,149.99043,-16.93157,1,Chilcott Islet SW inner reef,0,0,0,0,0,0.5,0,1,0,0,0,0,0,0,0,0,0,0,0,0,1,0,0.5,0,0,0,0,0,0,0,0,0,0,0,0,0,0,0,0,0,0,0,0,0,0,0,0,0,0,0,0,0,0,0,0,0,0,0,0,0,0,0,0,0,0,0,0,0,0,0,0,0,0,0,3,2,0,0,0,0,0,0,0,0,0,0,0,0,0,0,0,0,0,0,0,0,0,0,3.5,0,0,0.5,0,0,0.5,0,0,0,0,0,0,0,0,0,0,0,0,0,0
CS139,Pre,150.26845,-16.53378,7,Magdelaine Cay SW,0,0,0,0,0,0,0,0,0,0,0,0,0,0,0,0,0,0,0,0,0,0,0,0.5,0,0,0.5,0,0,0,0,0,0,0,0,0,0,0,0,0,0,1,0,0,0.5,0.5,0,0,0,0,0,0,0,0,0,0,0,0,0,0,0,0,0,0,2,0,0,0,0,0,0,0,0,0,0,0,0,0,1,0,0,0,0,0,0,0,0,0,0,0,0,0,0,0,0,0,0,0,0,0,0,0.5,0,0,3,0,0,0,0,0,0,0,0,0,0,0,0,0,0
CS140,Pre,150.26973,-16.53091,7,Magdelaine Cay gulch,0,0,0,0,0,0,0,0,0,0,0,0,0,0,0,0,0,0,0,0,0,0,0,0,0,0,0,0,0,0,0,0,0,0,0,0,0,0,0,0,0,0,0,0,0,0,0,0,0,0,0,0,0,0,0,0,0,0,0,0,0,0,0,0,0,0,0,0,0,0,0,0,0,0.5,0,0,0,1,0,0,0,0,0,0,0,0,0,0,0,0,0,0,0,0,0,0,0,0,0,0,0,0,0,0,0.5,0,0,0,0,0,0,0,0,0,0,0,0,0,0
CS141,Pre,150.27712,-16.52097,7,Magdelaine Reef Cruise Ship,0,0,0,0,0,0,0,0,0,0,0,0,0,0,0,0,0,0,0,0,0,0,0,0,0,0,0,0,0,0,0,0,0,0,0,0,0,0,0,0,0,0,0,0,0,0,0,0,0,0,0,0,0,0,0,0,0,0,0,0,0,0,0,0,0.5,0,0,0,0,0,0,0,0,0,0.5,0.5,0,0,0,0,0,0,0,0,0,0,0,0,0,0,0.5,0,0,0,0,0,0,0,0,0,0,0,0,0.5,0.5,0,0,0,0,0,0,0,0.5,0,0,0,0,0,0
CS143,Pre,149.96294,-16.29907,1,South Willis islet south,0,0,0,0,0.5,0,0,0,0,0,0,0,0,0,0,0,0,0,0,0,0,0,0,0,0,0,0,0,0,0,0,0,0,0,0,0,0,0,0,0,0.5,0,0,0,0,0,0,0,0,0,0,0,0,0,0,0,0,0,0,0,0,0,0,0,0,0,0,0,0,3,0,0,0,0,0,0.5,0,1,0,0,0,0,0,0,0,0,0,0,0,0,0,0,0,0,0,0,0,0,0,0,0,0,0,2.5,0,0,0,0,0,0,0,0,0.5,0,0,0,0,0,0
CS144,Pre,149.95958,-16.28601,1,Willis Islet Dark Wall,0,0.5,0,0,0.5,0,0,0,0,0,0,0,0,0,0,0,0,0,0,0,0,0,0,0,0,0,0,0,0,0,0,0,0,0,0,0,0,0,0,0,0,0,0,0,0,0,0,0,0,0,0.5,0,0,0,0,0,0,0,0,0,0,0,0,0,0,0,0,0.5,0,0,0,0,0,0,0,0,0,0,0,0,0,0,0,0,0,0,0,0,0,0,0,0,0,0,0,0,0,0,1,0,0,0,0,0,0,0,0,0.5,0,0,0,0,0,0,0,0,0,0,0
CS145,Pre,149.96138,-16.2927,1,South Willis islet anchorage bommie,0,0,0,0,0,0,0,0,0,0,0,0,0,0.5,0,0,0,0,0,0,0,0,0,0,0,0,0,0,0,0,0,0,0,0,0,0,0.5,0,0,0,0,1,0,0,0,0,0,0,0,0,0.5,0,0,0,0,0,0,0,0,0,0,0,0,0,0,0,0,0,1.5,0,0,0,0,0,0,0,0,0,0,0,0,0,0,0,0,0,0,0,0,0,1,0,0,0,0,0,0.5,0,1.5,0,0,0,0,0,0,0,0,0,0,0,0,0,0.5,0,0,0,0,0,0
CS146,Pre,147.84345,-16.49974,1,Holmes South Cay Inner Reef,0,0,0,0,0,0,0,0,0,0,0,0,0,0,0,0,0,0,0,0,0,0,0,0,0,0,0,0,0,0,0,0,0,0,0,0,0,0,0,0,0,0,0,0,0,0,0,0,0,0,0,0,0,0,0,0,0,0,0,0,0,0,0,0,0,0,0,0.5,0,0,0.5,0,0,0,0,0,0,0,0,0,0,0,0,0,0,0,0,0,0,0,0,0,0,0,0,0.5,0,0,0,0,0,0,0,0,0,0,0,0,0,0,0,0,0,0,0,0,0,0,0
CS147,Pre,147.84033,-16.51274,1,Holmes Reef Cay Buoy Wall,0,0,0,0,0.5,0,0,0,0,0,0,0,0,0,0,0,0,0,0,0,0,0,0,0,0,0,0,0,0,0,0,0,0,0,0,0,0,0,0,0,0.5,0,0,0,0,0,0,0,0,0,0,0,0,0,0,0,0,0,0,0,0,0,0,0,0,0,0,0,0,0,0,0,0,0,0,0,0,0,0,0,0,0,0,0,0,0,0,0,0,0,0,0,0,0,0.5,0,0,0,0.5,0,0,0,0,2,0,0,0,0,0,0,0,0,0,0,0,0,0,0,0
CS148,Pre,147.84016,-16.50813,1,Holmes South Cay South Reef,0,0,0,0,1,0,0,0,0,0,0,0,0,0,0,0,0,0,0,0,0,0,0,0,0,0,0,0,0,0,0,1,0,0,0,0,0,0,0,0,0,0,0,0,0,0,0,0,0,0.5,0,0,0,0,0,0,0,0,0,0,0,0,0,0,0.5,0,0,2.5,0.5,0,0,0,0,0,0,0,0,0,0,0,0,0,0,0,0,0,0,0,0,0,0,0,0,0,0,0,0.5,0,0,0,0,0,0,0,0,0,0,0,0,0,0,0,0.5,0,0,0,0,0,0
CS149,Pre,147.84137,-16.50487,1,Holmes South Cay South Inner Reef,0,0,0,0,2,0,0,0,0,0,0,0,0,0,0,0,0,0,0,0,0,0,0,0,0,0,0,0,0,0,0,0,0,0,0,0,0,0,0,0,0,0,0,0,0,0,0,0,0,0,0,0,0,0,0,0,0,0,0,0,0,0,0,0,0,0,0,0.5,0,0,0,0,0,0,0,0.5,0,0,0,0,0,0,0,0,0,0,0,0,0,0,0,0,0,0,0,0,0,0,1.5,0,0,0,0,0,0,0,0,0,0,0,0,0,0,0,0,0,0,0,0
CS15,Pre,150.00647,-16.92247,1,Chilcott Bommie,0,0,0,0,0.5,0,0,0,0,0,0,0,0,0,0,0,0,0,0,0,0.5,0,0,0,0,0,0,0,0,0,0,0,0,0,0,0,0,0,0,0,0,0,0,0,0,0,0,0,0,0.5,0,0,0,0,0,0,0,0,0,0,0,0,0,0,0,0,0,0,0,0,0,0,0,0,0,0,0,0,0,0,0,0,0,0,0,0,0,0,0,0,0,0,0,0,0,0,0,0,0.5,0,0,0.5,0,0.5,0,0,0,0,0,0,0,0,0,0,0,0,0,0,0
CS150,Pre,147.84932,-16.49493,1,Holmes Reef South Cay Swim through,0,0,0,0,0,0,0,0,0,0,0,0,0,0,0,0,0,0,0,0,0,0,0,0.5,0,0,0,0,0,0,0,0.5,0,0,0,0,1,0,0,0,0.5,0.5,1,0,0,0,0,0,0.5,0,0.5,0,0,0,0,0,0,0,0,0,0,0,0,0,0,0,0,0.5,0,0,0,0,0,0.5,0,0,0,0,0,0,0,0,0,0,0,0,0,0,0,0,0.5,0,0,0,0,0,0,0,1,0,0,0,0,0,0.5,0,0,0,0,0,0,0,0,0,0,0,0,0,0
CS151,Pre,147.86608,-16.47592,1,Holmes N Cay anchorage,0,0,0,0,0,0,0,0,0,0,0,0,0,1,0,0,0,0,0,0,0,0,0,0,0,0,0,0,0,0.5,0,0.5,0,0,0,0,0,0,0,0,0,0,0,0,0,0,0,0,0,0,0,0,0,0,0,0,0,0,0,0,0,0,0,0,0,0,0,0,0,0,0,0,0,0,0,0,0,0,0,0,0,0,0,0,0,0,0,0,0,0,0,0,0,0,0,0,0,0,2.5,0,0,0,0,0,0,0,0,0,0,0,0,0,0,0,0,0,0,0,0
CS153,Pre,146.62455,-13.85535,1,Inner Osprey East,0,0,0,0,0,0,0,0,0,0,0,0,0,2.5,0,0,0,0,0,0,0,0,0,0.5,0,0,0,0,0,0,0,0,0,0,0,0,0,0,0,0,0,0,0.5,0,0,0,0,0,0,0,0,0,0,0,0,0,0,0,0,0,0,0,0,0,0,0,0,0,0,0,0,0,0,0,0,1,0,0,0,0,0,0,0,0,0,0,0,0,0,0,0,0,0,0,0,0,0,0,0,0,0,0,0,0,0,0,0,0,0,0,0,0,0,0,0,0,0,0,0
CS155,Pre,146.55312,-13.8914,7,Osprey Pass South,0,0,0,0,0,0,0,0,0,0,0,0.5,0,0,0,0,0,0,0,0,1,0.5,0,0.5,0,0,0,0,0,0,0,0.5,0,0,0,0,0,0,0,0,0,0,0,0,1,0,0,0,0,0,0,0,0,0,0,0,0,0,0,0,0,0,0,0,0,0,0,0,0.5,0,0,0,0,0,0,2.5,0,1.5,0,1,0,0,0,0,0,0,0,0,0,0,0,0,0,0,0,0,0,0,0,0,0.5,0,0,1.5,4,0,0,0,0,0,0,0,0,0,0,0,0,0,0
CS156,Pre,146.56243,-13.88295,4,Osprey Pass,0,0,0,0,0,0,0,0,0,0,0,0,0,0,0,0,0,0,0,0,1,0,0,0,0,0,0,0,0,0,0,0,0,0,0,0,0,0,0,0,0,0,0,0,0.5,0,0,0,0,0.5,0,0,0,0,0,0,0,0,0,0,0,0,0,0,0,0,0,0.5,0,0,0,0,0,0,0,0.5,0,0,0,0.5,0,0,0,0,0,0,0,0,0,0,0.5,0,0,0,0,0,0,0,0.5,0,0,0,0,6,0,0,0,0,0,0,0,0,0,0,0,0,0,0,0
CS157,Pre,146.5576,-13.8954,7,Osprey Pass Channel,0.5,0,0,0,0,0,0,0,0,0,0,0.5,0,1,0,0,0,0,0,0,1,0,0.5,1,0,0,0,0,0,0,0,0,0,0,0,0,0,0,0,0,0,0.5,0,0,0,0,0,0,0,0,0,0,0,0,0,0,0,0,0,0,0,0,0,0,0,0,0,0,0,0,0,0,0,0,0,0,0,0.5,0.5,0,0,0,0,0,0,0,0,0,0,0,0.5,0,0,0,0,0,0.5,0,3,0,0,0,0.5,5.5,0,0,0,0,0,0,0,0,0,0,0,0,0,0,0
CS158,Pre,146.57765,-13.87003,7,Osprey Castle,0,0,0,0,0,0,0,0,0,0,0,0,0,0,0,0.5,0,0,0,0,0,0,0.5,0,0,0,0,0,0,0,0,0,0,0,0,0,0,0,0,0,0.5,0.5,0,0,0,0.5,0,0,0,0.5,0,0,0,0,0,0,0,0,0,0,0,0,0,0,0,0,0,0,0,0,0,0,0,0,0,0.5,0,0,0,0,0,0,0,0,0,0,0,0,0,0,0,0,0,0,0,0,0,0,0,0,11,0,0,0,0,0,0,0,0,0,0,0,0,0,0,0,0,0,0
CS16,Pre,150.01143,-16.92251,1,Chilcott NE,0,0,0,1.9,3,0.5,0.5,1,0,0,0,0,0,0,0,0,0,0,0,0,0,0,0,0,0,0,0,0,0,0,0,0,0,0,0,0,0,0,0,0,0,0,0,0,0,0,0,0,0,0,0,0,0,0,0,0,0,0,0,0,0,0,0,0,0,0,0,0,0,0,0,0,0,0,0,0,0,0.5,0,0,0,0,0,0,0,0,0,0,0,0,0,0,0,0,0,0,0,0,5.9,0,0,0,0,0,0,0,0,0,0,0,0,0,1,0,0,0,0,0,0
CS17,Pre,149.90476,-16.97162,1,SW South West Islet,0,0,0,0,0.5,0.5,0,0,0,0,0,0,0,0,0,0,0,0,0,0,0,0,0,0,0,0,0,0,0,0,0,0,0,0,0,0,0,0,0,0,0,0,0,0,0,0,0,0,0,0,0,0,0,0,0,0,0,0,0,0,0,0,0,0,0,0,0,0,0,0,0,0,0,0,0,0,0,0,0,0,0,0,0,0,0,0,0,0,0,0,0,0,0,0,0,0,0,0,0,0,0,1.5,0,0.5,0,0,0,0,0,0,0,0,0,0,0,0,0,0,0
CS171,Pre,147.0903,-15.48855,7,Bougainville Reef southwest,0,0,0,0,0,0,0,0,0,0,0,0,0,0,0,0,0,0,0,0,0.5,0,1,1,0,0,0,0,0,0,0,0,0,0,0,0,0,0.5,0,0,0.5,0,0.5,0,0,0,0,0,0.5,0.5,0.5,0,0,0,0,0,0,0,0,0,0,0,0,0,0,0,0,0,0.5,0,0,0,0,0,0,1,0,0,0,0,0,0,0,0,0,0,0,0,0,0,4,0,0,0.5,0,0,0,0,3.5,0,0,0,0,0,42,0,0,0,0,0,0,0,0,0,0,0,0,0,0
CS172,Pre,147.0993,-15.48253,7,Bougainville Reef W central,0,0,0,0,0.5,0.5,0,0,0,0,0,0,0,0,0,0,0,0,0,0,2,0.5,0,2,0,0,0,0,0,0,0,0,0,0,0,0,0,0,0,0,0,0.5,0,0,0,0,0,0,1,2,0,0,0,0,0,0,0,0,0,0,0,0,0,0,0,0,0,0.5,1,0,0,0,0,0,0,2,0,0.5,0,0,0,0,0,0,0,0,0,0,0,0,0.5,0,0,0,0,1.5,0,0,8,0,0,0,0,0.5,7.5,0,0,0,0,0,0,0,0,0,0,0,0,0,0
CS173,Pre,147.10716,-15.48885,4,Bougainville Reef lagoon,0,0,0,0,0,0,0,0,0,0,0,0,0,0,0,0,0,0,0,0,1,0,0.5,0.5,0,0,0,0,0,0,0,0,0,0,0,0,0,0,0,0,1,0,0,0,0,0,0,0,0,1.5,0,0,0,0,0,0,0,0,0,0,0,0.5,0,0,0,0,0,0,0,0,0,0,0,0,0,1.5,0,0,0,0,0,0,0,0,0,0,0,0,0,0,10,0,0,0,0,2,0.5,0,0.5,0,0,0,0,0.5,1.5,0,0,0,0,0,0,0,0,0,0,0,0,0,0
CS174,Pre,147.10759,-15.48433,4,Bougainville Reef Lagoon East,0,0,0,0,0,0,0,0,0,0,0,0,0,0,0,0,0,0,0,0,0,0,0,0,0,0,0,0,0,0,0,0,0,0,0,0,0,0,0,0,0,0,0,0,0,0,0,0,0,0,0,0,0,0,0,0,0,0,1,0,0,0,0,0,0,0,0,0,0,0,0,0,0,0,0,0,0,0,0,0,0,0,0,0,0,0,0,0,0,0,0,0,0,0,0,0,0,0,0,0,0,0,0,0.5,0,0,0,0,0,0,0,0,0,0,0,0,0,0,0
CS175,Pre,147.08723,-15.4908,7,Bougainville Reef point,0,0,0,0,0,0,0,0,0,0,0,0,0,0,0,0,0,0,0,0,3,2,1,2.5,0,0,0,0,0,0,0,0,0,0,0,0,0,0,0,0,0,0,0.5,0,0,0,0,0,0,1,0,0,0,0,0,0,0,0,0,0,0,0,0,0,0,0,0,0.5,0,0,0,0.5,0,1,0,0,0,1,0,0,0,0,0,0,0,0,0,0,0,0,4,0,0,0,0,0.5,0,0,6,0,0,0,0,2,12,0,0,0,0,0,0,0,0,0,0,0,0,0,0
CS176,Pre,147.10453,-15.48135,7,Bougainville Reef inlet,0,0,0,0,0,0,0,0,0,0,0,0,0,0,0,0,0.5,0,0,0,1,0,0,0.5,0,0.5,0,0,0,0,0,0,0,0,0,0,0,0,0,0,0,0,0,0,2.5,0,0,0,0.5,1,0,0,0,0,0,0,0,0,0,0,0,0,0,0,0,0,0,1,0,1,0,0,0,0,0,2,0,0.5,0,0,0,0,0,0,0,0,0,0,0,0,0.5,0,0,2,0,0,0,0,7,0,0,0,0,4,0,0,0,0,0,0,0,0,0,0,0,0,0,0,0
CS177,Pre,146.69139,-13.98559,7,Osprey Reef Lagoon South,0,0,0,0,1,0,0,0,0,0,0,0,0,2.5,0,0,0,0,0,0,0,0,0,0.5,0,0,0,0,0,0,0,0,0,0,0,0,0,0,0,0,0,0,0,0,0,0,0,0,0,0,0.5,0,0,0,0,0,0,0,0,0,0,0,0,0,0,0,0,0,0,0,0,0,0,0,0,1.5,0,0,0,1,0,0,0,0,0,0,0,0,0,0,0,0,0,0,0,0,0,0,0,0,0,0,0,0,0,0,0,0,0,0,0,0,0,0,0,0,0,0,0
CS178,Pre,146.69067,-13.99381,4,Osprey South reef flat,0.5,0,0,0,0,0,0,0,0,0,0,0,0,1.5,0,0,0,0,0,0,0,0,0,0,0,0,0,0,0,0,0,0,0,0,0,0,0,0,0,0,0,0,0,0,0,0,0,0,0.5,0,0,0,0,0,0,0,0,0,0,0,0,0,0,0,0,0,0,0,0,0,0,0,0,0,0,0,0,0,0,0,0,0,0,0,0,0,0,0,0,0,0,0,0,0,0,0,0,0,0.5,0,0,0,0,0,0,0,0,0,0,0,0,0,0,0,0,0,0,0,0
CS179,Pre,146.67549,-13.97563,7,Osprey south bommie,0,0,0,0,0.5,0,0,0,0,0,0,0,0,3.5,0,0,0,0,0,0,0,0,0,0.5,0,0,0,0,0,0,0,0,0,0,0,0,0,0,0,0,0.5,0,0,0,0,0,0,0,0,0.5,0,0,0,0,0,0,0,0,0,0,0,0,0,0,0,0,0,0,0,0,0,1,0,0,0,1.5,0,0,0,0,0,0,0,0,0,0,0,0,0,0,0,0,0,0,0,0,0,0,0,0,0,0,0,0.5,0,0,0,0,0,0,0,0,0,0,0,0,0,0,0
CS18,Pre,149.90547,-16.96134,1,South West Islet Bommie,0,0,0,0,0.55,0,0.55,0.55,0,0,0,0,0,0,0,0,0,0,0,0,0,0,0,0,0,0.55,0,0,0,0,0,0,0,0,0,0,0,0,0,0,0,0,0,0,0,0,0,0,0,0,0,0,0,0,0,0,0,0,0,0,0,0,0,0,0,0,0,0,0,0,0,0,0,0,0,0.55,0,0,0,0,0,0,0,0,0,0,0,0,0,0,0,0,0,0,0,0,0,0,2.6,0,0,1.55,0,0.5,0,0,0,0,0,0,0,0,0.55,0,0,0,0,0,0.5
CS180,Pre,146.66721,-13.96688,7,Osprey S W Bommie,0,0,0,0,0,0,0,0,0,0,0,0,0,0,0,0,0,0,0,0,0,0.5,0,0,0,0,0,0,0,0,0,0,0,0,1,0,0,0,0,0,0,0,0,0,0,0.5,0.5,0,0,0,0.5,0,0,0,0,0,0,0.5,0,0,0,0,0,0,0,0,0,0,0,0,0,1,1.5,0,0,0,0,0,0,0,0,0,0,0,0,0,0,0,0,0,0,0,0,0,0.5,0,0,0,0,0,21,0,0,0,0,0,0,0,0,0,0,0,0,0,0,0,0,0,2.5
CS181,Pre,146.6806,-13.96617,4,Osprey S E Lagoon,0,0,0,0,0,0,0,0,0,0,0,0,0,1,0,0,0,0,0,0,0,0,0,0,0,0,0,0,0,0,0,0.5,0,0,0,0,0,0,0,0,0.5,0,0,0,0,0,0,0,0,0,0,0,0,0,0,0,0,0,0,0,0,0,0,0,0,0,0,0,0,0,0,0,0,0,0,0.5,0,0,0,0,0,0,0,0,0,0,0,0,0,0,0,0,0,0,0,0,0,0,0,0,0,0,0,0,0,0,0,0,0,0,0,0,0,0,0,0,0,0,0
CS182,Pre,146.57249,-13.89028,7,Osprey Lagoon entrance bommie,0.5,0,0,0,0,0,0,0,0,0,0,0,0,0,0,0,0,0,0,0,0,0,0,0.5,0,0,0,0,0,0,0,0.5,0,0,0,0,0,0,0,0,0.5,1,0,0,0,0,0,0,0,0,0,0,0,0,0,0,0,0,0,0,0,0,0,0,0,0,0,0,0,0,0,0,0,0,0,0.5,0,0,0,0.5,0,0,0,0,0,0,0,0,0,0,0,0,0,0,0,0,0,0,0,0,0,0,0,0,0,0,0,0,0,0,0,0,0,0,0,0,0,0,10.5
CS183,Pre,146.56733,-13.88715,7,Osprey Lagoon Entrance NW Bommie,0,0,0,0,0,0,0,0,0,0,0,0,0,0,0,0,0,0,0,0,0.5,0,0,0.5,0,0,0,0,0,0,0,0,0,0,0,0,0,0,0,0,0.5,0,0.5,0,0,0,0,0,0,0.5,0,0,0,0,0,0,0,0,0,0,0,0,0,0,0,0,0,0,0,0,0,0,0,0,0,0,0,0.5,0,0,0,0,0,0,0,0,0,0,0,0,0,0,0,0,0,0,0,0,0,0,0,0,0,2,0,0,0,0,0,0,0,0,0,0,0,0,0,0,0
CS184,Pre,146.54613,-13.80117,7,Osprey Reef North Horn,0,0,0,0,0,0,0,0,0,0,0,0,0,0,0,0,0,0,0,0,3,0,0,0,0,0,0,0,0,0,0,0,0,0,0,0,0,0,0,0,0,0,0,0,0,0,0,0,0,0,0,0,0,0,0,0,0,0,0,0,0,0,0,0,0,0,0,1,0,0,0,0,0,0,0,1,0,0,0,0,0,0,0,0,0,0,0,0,0,0,1,0,0,0,0,0,0,0,0,0,0,0,0,3,10,0,0,2,0,0,0,0,1,0,0,0,0,0,0
CS185,Pre,144.44918,-10.44533,4,Ashmore reef lagoon South,0,0.5,0.5,0,0.5,0,3,0,0,0,0,0,0,0,0,0,0,0,0,0,0.5,0,0,0,0,0,0,0,0,0,0,0,0.5,0,0,0,0,0,0,0,0,0,0,0,0,0,0,0,0,0,0,0,0,0,0,0,0,0,0,0,0,0,0,0,0,0,0,0,0,0,0,0,0,0,0,0,0,0,0,0,0,0,0,0,0,0,0,0,0,0,0,0,0,0,0,0,0,0,0.5,0,0,0,0,2,0,0,0,0,0,0,0,0,0,0,0,0,0,0,0
CS186,Pre,144.45243,-10.43422,7,Ashmore South bommie,0,0,0,0,1,0,1,1,0,0,0,0,0,0.5,0,0,0,0,0,0,0,0,0,0,0,0,0,0,0,0,0,0,0,0,0,0,0,0,0,0,1,0,0,0,0.5,0,0,0,0,1,0.5,0,0,0,0,0,0,0,0,0,0,0,0,0,0,0,0,0,0,0,0.5,0.5,0,0.5,0,0,0,2,0,0,0,0,0,0,0,0,0,0,0,0,0,0,0,0,0,0,0,0,0,0,0,0,0,4,0,0,0,0,0,0,0,0,0,0,0,0,0,0,0
CS187,Pre,144.45293,-10.44136,4,Ashmore South lagoon shore,0,0,1,0,2.5,0,0.5,0,0,0,0,0,0,0,0,0,0,0,0,0,0,0,0.5,0,0,0,0,0,0,0,0,0,0,0,0,0,0,0,0,0,0,0,0,0,0,0,0,0,0,0,0,0,0,0,0,0,0,0,0,0,0,0,0,0,2,0,0,0,0,0,0,0,0,0,0,0,0,0,0,0.5,0,0,0,0,0,0,0,0,0,0,0,0,0,0,0,0.5,0,0,2,0,0,0,0,0.5,0,0,0,0,0,0,0,0,0.5,0,0.5,0,0,0,0
CS188,Pre,144.43016,-10.44121,7,Ashmore Rf Lagoon Bommie SW,0,0,2,0,1.5,0,0,0,0,0,0,0,0,0,0,0,0,0,0,0,1,0,0,1,0,0,0,0,0,0,0,0,1,0,0,0,0,0,0,0,0,0,0,0,0,0,0,0,0,0.5,0,0,0,0,0,0,0,0,0,0,0,0,0,0.5,0.5,0,1.5,0,0.5,0,0,0,0,0,0,0,0,0,0,1,0,0,0,0,0,0,0,0,0,0,0,0,0,0,0,0,0,0,1,0,0,0,0,0,0,0,0,0,0,0,0,0,0,0,0,0,0,0,0
CS189,Pre,144.43347,-10.44697,4,Ashmore Rf Lagoon SW,0,0,0,0,1,0,0,0,0,0,0,0,0,0,0,0,0,0,0,0,0.5,0,0,0,0,0,0,0,0,0,0,0,0,0,0,0,0,0,0,0,0,0,0,0,0,0,0,0,0,0,0,0,0,0,0,0,0,0,0,0,0,0,0,0,2.5,0,0,0,0,0,0,0,0,0,0,0,0,0,0,0,0,0,0,0,0,0,0,0,0,0,0,0,0,0,0,0,0,0,0.5,0,0,0,0,0,0,0,0,0,0,0,0,0,0.5,0.5,0,0,0,0,0
CS190,Pre,144.5215,-10.29918,4,Ashmore Reef lagoon east entrance,0,1,0,0.5,0.5,0,15,1.5,0,0,0,0,0,0,0,0,0,0,0,0,0,0,0.5,0,0,0,0,0,0,0,0,0,0,0,0,0,0,0,0,0,0,0,0,0,0,0,0,0,0,0,0,0,0,0,0,0,0,0,0,0,0,0.5,0,0,0,0,0,0,0,0,0,0,0,0,0,0,0,2,0,0,0,0,0,0,0,0,0,0,0,0,0,0,0,0,0,0,0,0,1.5,0,0,0,0,0,0,0,0,0,0,0,0,0,0,0,0,0,0,0,0
CS191,Pre,144.53391,-10.37448,4,Ashmore Rf Lagoon East Bommie,0,0,0.5,0,1,0,0,0.5,0,0,0,0,0,0.5,0,0,0,0,0,0,3,0,0,0.5,0,0,0,0,0,0,0,0,0.5,0,0,0,0,0,0,0,0.5,0.5,0,0,1.5,0,0,0,0,0.5,0,0,0,0,0,0,0,0,0,0,0,0,0,0,0,0,0,0,0,0,0,0.5,0,0,0,0,0,2.5,0,0,0,0,0,0,0,0,0,0,0,0,0,0,0,0,0,0.5,0,0,0,0,0,0,0,0,0,0,0,0,0,0.5,0,0,2,0,0,0,0,0,0
CS193,Pre,144.69198,-10.03875,7,Boot Rf Wall,0,0,0,0,0.5,0,0,0,0,0,0,0,0,0,0,0,0,0,0,0,0,0,0,0,0,0,0,0,0,0,0,0,4.5,0,0,0,0,0,0,0,1,0.5,0,0,0,0,0,0,0,1,0.5,0,0,0,0,0,0,0,0,0,0,0,0,0,0,0,0,0,0,0,0,0.5,0,0,0,0,0,0.5,0,0,0,0,0,0,0,0,0,0,0,0,0,0,0,0,0,0,0,0,0,0,0,0,0,5.5,0,0,0,0,0,0,0,0,0,0,0,0,0,0,0
CS195,Pre,144.5954,-10.21767,7,Ashmore North East Entrance,0,0,0,1,6.55,1,1,0.5,0,0,0,0,0,0,0,0,0,0,0,0,0,0,0,0,0,0,0,0,0,0,0,0.5,0,0,1,0,0,0.5,0,0,0.5,1,0,0,0,0,0,0,0,0,0,0,0,0,0,0,0,0,0,0,0,0,0,0,6.05,0,0,0.5,0,0,0,0,0,0,0,0,0,0.5,0,0,0,0,0,0.5,0,0,0,0,0,0,0,0,0,0,0,0,0,0,2,0,0,1.5,0,0,0,0,0,0,0,0,0,0,0,0,0.5,0,0,0,2
CS197,Pre,144.58955,-10.22733,7,Ashmore NE Bommie,0,0,3,0,3.5,0.5,0,0.5,0,0,0,0,0,0,0,0,0,0,0,0,0.5,0,0.5,0,0,0,0,0,0,0,0,0,0,0,0,0,0,0,0,0,0,0.5,0,0,0,0.5,0,0,0,0.5,0,0,0,0,0,0,0,0,0,0,0,0,0,0,1.5,0,0,0,0,0,0,0,0,0,0,0,0,1,0,0,0,0,0,0,0,0,0,0,0,0,0,0,0,0,0,0,0,0,0.5,0,0,0,0,0,0,0,0,0,0,0,0,0,3,0,0,0,0,0,0
CS198,Pre,144.58684,-10.23257,4,Ashmore NE Lagoon,0,0,0,0,4,3.5,2,0,0,0,0,0,0,0,0,0,0,0.5,0,0,1,0,0.5,0,0,0,0,0,0,0,0,0,0,0,0,0,0,0,0,0,0,0,0,0,0,0,0,0,0,0,0,0,0,0,0,0,0,0,0,0,0,0,0,0,13,0,0,0,0,0,0,0,0,0,0,0,0,1,0,0,0,0,0,0,0,0,0,0,0,0,0,0,0,0,0,0,0,0,0.5,0,0,0,0,0,0,0,0,0,0,0,0,0,3,0.5,0,0,0,0,0
CS2,Pre,152.21197,-19.28441,1,Brodie Cay NW,0,0,0,0,0.8,0,0,0,0,0.25,0,0,0,0,0,0.25,0,0,0,0,0,0,0,0,0,0,0,0,0,0,0,0,0,0,0,0,0,0,0,0,0,0.25,0,0,0,0,0,0,0,0,0.775,0,0,0,0,0,0,0,0,0,0,0,0,0,0,0,0,0.275,0.25,0,0,0,0,0,0,0,0,0.25,0,0.25,0,0,0,0,0,0,0,0,0,0,0,0,0,0,0,0,0,0,0.25,0,0,1.3,0,0.25,0,0,0,0,0,0,0,0,0,0,0,0,0,0,0
CS20,Pre,155.53484,-23.24725,2,Cato Bommies,0,0,0,1.5,0.5,0,0,0,0,0,0,0,0,0,0,0,0,0,0,0,0.5,0,0,0.5,0,0,0,0,0,0,0,0,0,0,0,0,0,0,0,0,0,0,0,0,0,0,0,0,0,0,0,0,0,0,0,0,0,0,0,0,0,0,0,0,1.5,0,0,0,0,0,0,0,0,0,0,1.5,0,0,0,0.5,0,0,0,0,0,0,0,0,0,0,0,0,0,0,0,0,0,0,0,0,0,4.6,0,0,0.5,0,0,0,0,0,0,0,0,0,0,0,0,0,0.5
CS200,Pre,144.45777,-10.11558,7,Ashmore Reef NW slope,0,0,0,0,2,0,0,1,0,0,0,0,0,0.5,0,0,0,0,0,0,2,0,0,0,0,0,0,0,0,0,0,0,0,0,0,0,0,0,0,0,0,0.5,0,0,0,0,0,0,0,0.5,0,0,0,0,0,0,0,0,0,0,0,0,0,0,0.5,0,0,0,0,0,0.5,0,0,0,0,0,0,0.5,0,0,0,0,0,0,0,0,0,0,0,0,0,0,0,0,0,0,0,0,0.5,0,0,0,0,1,1.5,0,0,0,0,0,0,0,0,0.5,0,0,0,0,0
CS204,Pre,144.68513,-10.10505,7,Boot Rock NW,0,0,0,0,0,0,0,0,0,0,0,0,0,0,0,0,0,0,0,0,2,0,0,0,0,0,0,0,0,0,0,0,0,0,0,0,0,0,0,0,0,0,0,0,0,0,0,0,0,0,0,0,0,0,0,0,0,0,0,0,0,0,0,0,0,0,0,0,0,0,0,0,0,0,0,0,0,0,0,0,0,0,0,0,0,0,1,0,0,0,0,0,0,0,0,0,0,0,0,0,0,0,0,1,0,0,0,0,0,0,0,0,0,0,0,0,0,0,0
CS208,Pre,144.6913,-9.98877,4,Boot Reef Lagoon E,0,9,0,6,6,1,7,2,0,0,0,0,0,0,0,0,0,0,0,0,0,0.5,0,0.5,0,0,0,0,0,0,0,0.5,0,0,0,0,0,0,0,0,0,0,0,0,0,0,0,0,0,0,0,0,0,0,0,0,0,0,0,0,1.5,0,0,0,3.5,0,0,0,0,0,0,0,0,0,0.5,0,0,0,0,0,0,0,0,0,0,0,0,0,0,0,0,0,0,0,0,0,0,0,6.5,0,2,0,0,0.5,0,0,0,0,0,0,0,0,5,0.5,0,0,0,0,0
CS209,Pre,144.694,-9.97456,4,Boot Reef Lagoon W,0,0,0.5,0,0,0,0,0,0,0,0,0,0,0.5,0,0,0,0,0,0,0.5,0,0,0,0,0,0,0,0,0,0,0,2.5,0,0.5,0,0,0,0,0,0,0.5,0,0,0,0,0,0,0,0,0,0,0,0,0,0,0,0,0.5,0,0,0,0,0,0,0,0,0,0,0,0,0,0,0,1.5,1.5,0,1,0,0,0,0,0,0,0,0,0,0,0,0,1.5,0,0,0,0,0,0,0,5.5,0,0,0,0,0,0,0,0,0,0,2.5,0,0,0.5,0,0,0,0,0,0
CS21,Pre,155.55157,-23.25288,2,Cato Lagoon 1,0,0,28.8,1.45,0,0,1,0,0,0,0,0,0,0,0,0,0,0,0,0,0,0,0,0,0,0,0,0,0,0,0,0,0,0,0,0,0,0,0,0,0,0,0,0,0,0,0,0,0,0,0,0,0,0,0,0,0,0,0,0,0,0,0,0,1.45,0,0,0,0,0,0,0,0,0,0,0,0,0,0,0,0,0,0,0,0,0,0,0,0,0,0,0,0,0,0,0,0,0,0,0,0,0,0,0,0,0,0,0,0,0,0,0,0.5,0,0,0,0,0,0
CS211,Pre,144.57626,-10.14414,4,Kate's Garden,0,0.5,0,0.55,2.6,0.5,6.1,1.05,0,0,0,0,0,0,0,0,0,0,0,0,1.55,0.55,0,1,0,0,0,0,0,0,0,0,0,0,0,0,0,0,0,0,0,0,0,0,0,0,0,0,0,0,0,0,0,0,0,0,0,0,0,0,0,0,0,0,13.95,0,0,0,0,0,0,0,0,0,0,0,0,1.5,0,0,0,0,0,0,0,0,0,0,0,0,0,0,0,0,0.5,0,0,0,1.55,0,0,0,0,0,0,0,0,0,0,0,0,0,2.6,0,0,0,0,0,0
CS212,Pre,144.57013,-10.14587,7,Ashmore Reef NE bommy,0,1.55,0,0,4.1,1,0,6.65,0,0,0,0,0,0,0,0,0,0,0,0,2.55,0,0,0,0,0,0,0,0,0,0,0.5,0,0,0,0,0,0,0,0,0.5,0,0,0,0.5,0,0,0,0,0.5,0,0,0,0,0,0,0,0,0,0,0,0,0,0,0,0,0,0,0,0,0.5,0,0,0,0,1.05,0,6.05,1,0,0,0,0,1.5,0,0,0,0,0,0,1,0,0,0,0,0,0,0,0.5,0,0,0,0,0.5,0.5,0,0,0,0,0,0,0,0,0,0,0,0,0,0
CS22,Pre,155.55458,-23.25491,2,Cato Lagoon South,0,0,0,0,0,0,4,0,0,0,0,0,0,0,0,0,0,0,0,0,0,0,0,0.5,0,0,0,0,0,0,0,0,0,0,0,0,0,0,0,0,0,0,0,0,0,0,0,0,0,0,0,0,0,0,0,0,0,0,0,0,0,0,0,3.5,4,0,0,0,0,0,0,0,0,0,12.5,1.5,0,0.5,0,0,0,0,0,0,0,0,0,0,0,0,0,0,0,0,0,0,0,0,0,0,0.5,2,0,0,0,0,0,0,0,0.5,0,0,0,0,0,0,0,0,0
CS23,Pre,155.55701,-23.24037,2,Cato North,0,0,0,0,4.5,0.5,0,2,0,0,0,0,0,0,0,0,0,0,0,0,0,0,0,0,0,0,0,0,0,0,0,0,0,0,0,0,0,0,0,0,0,0,0,0,4.5,0,0,0,0,0,0.5,0,0,0,0,0,0,0,0,0,0,0,0,0,10.5,0,0,0,0,1.5,0,0,0,0,0,1,0,0.5,0,0,0,0,0,0,0,0,0,0,0,0,0,0,0,0,0,0,0,0,0,0,0,1,0,0,0,0,0,0,0,0,0,0,0,0,0,0,0,0,0
CS24,Pre,155.54233,-23.24474,2,Cato Entrance,0,0,0,1,0,0,0,0,0,0,0,0,0,0,0,0,0,0,0,0,1.5,0,0,0,0,1,0,0,0,0,0,0,0,0,0,0,6.5,0,0,0,0,0.5,0,0,0,0,0,0,0,0,0,0,0,0,1.5,0,0,0,0,0,0,0,0,0,4,0,0,0,0,2,0,0,0,0,0,3,0,3.5,0,0,0,0,0,0,0,0,0,0,0,0,1,0,0,0,0,0,0,0,0,0,0,5.5,0,0,0,0,0,0,0,0,0,0,0,0,0,0,0,0,0
CS25,Pre,155.54893,-23.244,2,Cato Passage,0,0,0,0,0.5,0.5,0.5,0,0,0,0,0,0,0,0,0,0,0.5,0,0,1,0,0.5,0.5,0,0,0,0,0,0,0,0,0,0,0,0,0,0,0,0,0,0,0,0,0.5,0,0,0,0,0,0,0,0,0,0,0,0,0,0,0,0,0,0,0,7,13,1,0,0,0,0,0,0,0,0,6,0,0,0,0,0,0,0,0,0,0,0,0,0,0,0.5,0,0,0,0,0,0,0,0.5,0,0,0,0,0,0,0,0,0,0,0,0,0,3,0,0,0,0,0,0
CS3,Pre,152.22077,-19.28476,1,Brodie Cay SE,0,0,0,0,0,0,0,0,0,0,0,0,0,0,0,0,0,0,0,0,0.5,0,0,0,0,0.8,0,0,0,0.275,0,0.55,0,0,0,0,0.55,0,0,0,0.25,0.5,0,0,0.55,0,0,0,0,0,1.325,0,0,0,0,0,0,0,0,0,0,0,0,0,0,0,0,0,0,0,0,0,0,0,0,0,0,0.55,0,0,0,0,0,0,0,0,0,0,0,0,0,0,0,0.25,0,0,0,0,0.25,0,0,0.75,0,0,0,0,0,0,0,0,0,0,0.525,0,0,0,0,0,0
CS31,Pre,155.47404,-22.17677,2,Bird Lagoon,0,0,0,0,0.5,0,6.5,0.5,0,0,0,0,0,0,0,0,0,0,0,0,0,0,0,0,0,0,0,0,0,0,0,0,0,0,0,0,0,0,0,0,0,0,0,0,0,0,0,0,0,0,0,0,0,0,0,0,0,0,0,0,0,0,0,0,7,0.5,0,0,0,0,0,0,0,0,0,0,0,0,0,0,0,0,0,0,0,0,0,0,0,0,0,0,0,0,0,0,0,0,0.5,0,0,7,0,0,0,0,0,0,0,0,0,0,0,0,0,0,0,0,0
CS32,Pre,155.47695,-22.17306,2,Bird Reef Hole,0,0,0,0,0,2,0,0,0,0,0,0,0,0,0,0,0,0,0,0,0,0,0,0.5,0,0,0,0,0,0,0,0,0,0,0,0,0,0,0,0,0,1,0,0,0.5,0,0.5,0,0,0,0.5,0,0,0,0,0,0,0,0,0,0,0,0,0,0,0,0,0,0,0.5,0,0,0,0,0,0,0,0,0,0,0,0,0,0,0,0,0,0,0,0,0,0,0,0,0,0,0.5,0,0.5,0,0.5,1,0,0,0,0,0,0,0,1,0,0,0.5,0,0,0,0,0,0
CS33,Pre,155.45378,-22.16356,2,Bird North Bommie,0,1.5,0,5.5,6,0,1.5,0,0,0,0,0,0,0,0,0,0,0,0,0,0,0,0,0,0,0,0,0,0,0,0,0,0,0,0,0,1.5,0.5,0,0,0,1.5,0,0,0,0,0,0,0,0,0,0,0,0,0,0,0,0,0,0,0,0,0,0,15,4,0.5,0,0,1.5,0,0,0,0,0,0.5,0,0.5,0,0,0,0,0,0,0,0,0,0,0,0,0,0,0,0,0,0,0,0,1,0,0,0,0,0,0,0,0,0,0,0,0,0,0.5,0,0,0,0,0,0
CS34,Pre,155.45462,-22.17084,2,Bird Inner West,0,0.5,0,0,0.5,1,0,0,0,0,0,0,0,0,0,0,0,0,0,0,0,0,0,0,0,0,0,0,0,0,0,0,0,0,0,0,0,0,0,0,0,0,0,0,0,0,0.5,0,0,0,0,0,0,0,0,0,0,0,0,0,0,0,0,0,24.25,0,0,0,0,0,0,0,0,0,0,0,0,0,0,0,0,0,0,0,0,0,0,0,0,0,0,0,0,0,0,0,0,0,0,0,0,0,0,0,0,0,0,0,0,0.5,0,0,1.5,0,0,0,0,0,0
CS35,Pre,155.45081,-22.16866,2,Bird NW Bommie,0,0,0,1,1,0,0,0.5,0,0,0,0,0,0,0,0,0,0.5,0,0,0,0,0,0,0,0,0,0,0,0,0,0,0,0,0,0,0,0,0,0,0,0,0,0,0,0,0,0,0,0,0,0,0,0,0,0,0,0,0,0,0,0,0,0,22.5,4.5,0.5,0,0,0.5,0,0,0,0,0,0,0,0,0,0,0,0,0,0,0,0,0,0,0,0,0,0,0,0,0,0,0,0,0,0,0,5.5,0,0,0,0,0,0,0,0,0,0,0,0,0,0,1,0,0
CS36,Pre,155.36165,-22.1854,2,Porpoise North,0,7.5,0,0,2.5,1,0,2,0,0,0,0,0,0,0,0,0,0,0,0,0.5,0,0.5,0.5,0,0,0,0,0,0,0,0,0,0,0,0,0,0,0,0,0,1,0,0,0,0,0,0.5,0,1,0,0,0,0,0,0,0,0,0,0,0,0,0,0,3.5,4.5,0,0,0,0,0,0,0,0,0,2,0,0,0,0,0,0,0,0,0,0,0,0,0,0,0,0,0,0,0,0,0.5,0,2,0,0,6,0,0,0,0,0,0,0,0.5,0,0,0.5,0,0,0,1.5,0,0
CS38,Pre,155.35576,-22.18586,2,Porpoise Anchorage,0,0,0,0.5,2.5,0,0,0,0,0,0,0,0,0,0,0,0,0,0,0,0.5,0,0,0,0,0,0,0,0,0,0,0,0,0,0,0,0.5,1,0,0,0,3,0,0,0,0,0,0,0,0,0,0,0,0,0,0,0,0,0,0,0,0,0,0,4,1,0.5,0,0,1,0,0,0,0,0.5,3,0,0,0,0,0,0,0,0,0,0,0,0,0,0,0,0,0,0,0,0,0.5,0,1,0,0,3,0,0.5,0,0,0,0,0,2,0,0,0.5,0,0,0,0,0,0
CS39,Pre,155.35547,-22.18985,2,Porpoise Lagoon,0,0,1,0,0,0,8,0,0,0,0,0,0,0,0,0,0,0,0,0,0.5,0,0,0,0,0,0,0,0,0.5,0,0,0,0,0,0,0,2,0,0,0,0,0,0,0,0,5,0,0,0,0,0,0,0,0,0,0,0,0,0,0,0,0,0,3.5,0,0,0,0,0,0,0,0,0,0.5,0.5,0,0,0,0,0,0,0,0,0,0,0,0,0,0,0.5,0,0,0,0,0,0,0,0,0,0,0.5,0,0,0,0,0,0,0,0,0,0,0.5,0,0,0,0,0,0
CS4,Pre,152.32594,-19.23026,1,Paget Cay Bommie,0,0,0,0,0,0,0,0,0,0,0,0,0,0,0,1.525,0,0,0,0,0,0,0,1.075,0,0.5,0,0,0,0,0,0,0,0,0,0,0,0,0,0,0.75,0,0,0,0.5,0,0,0,0,0,2.025,0,0,0,0,0,0,0,0,0,0,0,0,0,0,0,0,0.25,0,0.25,0,0.55,0.525,0.25,0,0,0,0.25,0,0,0,0,0,0,0,0,0,0,0,0,0,0,0,0,0,0,0.275,0,0,0,0,0.275,0,0.55,0,0,0,0,0,0,0,0,0.25,0.275,0,0,0,0,0
CS42,Pre,155.17601,-22.18602,2,Hilton Pool,0,2,0,0,2,1,0,0,0,0,0,0,0,0,0,0,0,0,0,0,0,0,0,0,0,0,0,0,0,0,0,0,0,0.5,0,0,0,1,0,0,0,1.5,0,0,0,0,0,0,0,0,0,0,0,0,1,0,0,0,0,0,0,0,0,0,3.5,0.5,0,0,0,0,0,0,0,0,1,0,0,0.5,0,0,0,0,0,0,0,0,0,0,0,0,0,0,0,0,0,0,0,0,0.5,0,0,7.5,0,0,0.5,0,0,0,0,0,0,0,0,0,0,0,0,0,0
CS44,Pre,155.16463,-22.17629,2,NW Wreck Reef,1,0,0,0,3.5,2,0,1,0,0,0,0,0,0,0,0,0,0,0,0,0.5,0,0,0.5,0,0,0,0,0,0,0,0.5,0,0,0,0,0,0.5,0,0,0,1.5,1,0,0.5,0,0,0.5,0,0,0.5,0,0,0,0,0,0,0,0,0,0,0,0,0,0.5,0,0,0,0,1,0,0,0,0,0.5,0,0,0,0,1.5,0,0,0,0,0,0,0,0,0,0,0,0,0,0,0,0,1,0,1,0,0,11,0,0,0,0,0,0,0,1,0,0,0,0.5,0,0,0,0,0
CS45,Pre,155.17796,-22.17583,2,North Wreck Reef,0,1,0,0,1,0.5,4,2,0,0,0,0,0,0,0,0,0,0,0,0,2,0.5,0,0,0,0,0,0,0,0,0,0,0,0,0,0,2.5,1.5,0,0,0,0,0,0,0,0,0,0.5,0,0,0,0,0,0,0,0,0,0,0,0,0,0,0,0,15.5,0.5,0,0,0,0,0,0,0,0,1.5,0,0,0,0,0,0,0,0,0,0,0,0,0,0,0,1,0,0,0,0,0,0,0,0.5,0,0,9,0,0,0.5,0,0,0,0,0.5,0,0,1,0,0,0,0,0,0
CS48,Pre,153.53757,-21.89729,1,Saumarez SW reef cay,0,0,0,1.5,0,0.5,1,0,0,0,0,0,0,0,0,0,0,1,0,0,1,0.5,0,0,0,0,0,0,0,0,0,0,0,0,0,0,0,0,0,0,0,0,0,0,0,0,0,0,0,0,0,0,0,0,0,0,0,0,0,0,0.5,0,0,0,0,0,0,0.5,0,0,0,0,0,0,0,1.5,0,1,0,0,0,0,0,0,0,0,0,0,0,0,0.5,0,0,0,0,0,0,0,1.5,0,0,4,0,0,0.5,0,0,0,0,0.5,0,0,1,0,0,0,0,0,3
CS50,Pre,153.57968,-21.91736,1,Saumarez SW,0,0,0,0,2,0.5,0,0,0,0,0,0,0,0,0,0,0,0,0,0,1,0,0,1.5,0,0,0,0,0,0,0,0,0,0,0,0,0,0,0,0,0,0,0,0,0,0,0,0,0,0,0,0,0,0,0,0,0,0,0,0,0,0,0,0,0,0,0,0.5,0,0,0,0,0,0,8.5,1,0,1.5,0,1.5,0,0,0,0,0,0,0,0,0,0,0,0,0,0,0,0,0,0,0.5,0,0,1,0,3,0,0,0,0,0,0.5,0,0,1,0,0,0,0,0,0
CS51,Pre,153.58669,-21.91631,4,Saumarez stripe seasnake,0,0,0,0,0.5,0,0,0.5,0,0,0,0,0,0,0,0,0,0,0,0,0.5,0.5,0,1,0,0,0,0,0,0,0,0,0,0,0,0,0,0,0,0,0,0,0,0,0,0,0,0,0,0,0.5,0,0,0,0,0,0,0,0,0,0,0,0,0,0,0,0,0,0,0,0,0,0,0,0,0,0,0,0,0.5,0,0,0,0,0,0,0,0,0,0,0,0,0,0,0,0,0,0,1,0,0,1.5,0,0,0,0,0,0,0,1,0,0,0.5,0,0,0,0,0,0
CS52,Pre,155.7542,-21.25707,1,Kenn Reef anchorage bommie,0,0,0,3,2,0,0,0,0,0,0,0,0,0,0,0,0,0.5,0,0,1.5,0,0,1,0,0,0,0,0,0,0,0,0,0,0,0,0,0,0,0,0,0,0,0,0,0,0,0,0,0,0,0,0,0,0,0,0,0,0,0,0,0,0,0,0.5,0,0,0,0,0,0,0,0,0,0.5,1.5,0,0,0,0.5,0,0,0,0,0,0,0,0,0,0,1.5,0,0,0,0,0,0,0,0,0,0,0,0,0.5,0,0,0,0,0,0,0,0,0,0,0,0,0,0,0.5
CS54,Pre,155.75829,-21.25066,1,Kenn Reef bommie,0,0,0,0,2,0,0,0,0,0,0,0,0,0,0,0,0,0.5,0,0.5,1.5,0.5,0.5,2.5,0,1,0,0,0,0,0,0,0,0,0,0,0,0,0,0,0,0,0,0,0,0,0,0,0,0.5,0,0,0,0,0,0,0,0,0,0,0,0,0,0,1.5,0,0,0,0,0,0,0,0,0.5,3.5,3,0,0.5,0,0,0,0,0,0,0,0,0,0,0,0,1.5,0,0,0,0,0,0,0,0,0,0,0,0,1,6,0,0,0,0,0,0,0,0.5,0,0.5,0,0,0,5
CS55,Pre,155.76086,-21.2535,1,Kenn Labyrinth,0,0.5,0,0,3.5,0,0,0,0,0,0,0,0,0,0,0,0,0,0,0,0.5,0,0,0.5,0,0,0,0,0,0,0,0,0,0,0,0,0,0,0,0,0,0,0,0,0,0,0,0,0,0,0,0,0,0,0.5,0,0,0,0,0,0,0,0,0,0,0,0,0,0,0,0,0,0,0,1,6,0,6.5,0,0.5,0,0,0,0,0,0,0,0,0,0,0,0,0,0,0,0,0,0,1,0,0,0,0,2.5,2.5,0,0,0,0,0,0,0,0.5,0,0,0,0,0,0
CS56,Pre,155.76361,-21.248,1,Kenn Reef rubble,0,0,0,0,4.8,0,0,0,0,0,0,0,0,0.55,0,0.55,0,0,0,0,0,0,0.5,0,0,0,0,0,0,0,0,0.5,0,0,0,0,0,0,0,0,0,0,0,0,0,0,0,0,0,0,0,0,0,0,0,0,0,0,0,0,0,0,0,0,0.55,0,0,0,0,0,0,0,0,0,0.55,1,0,0.55,0,1.6,0,0,0,0,0,0,0,0,0,0,1.05,0,0,0,0,0,0,0,0,0,0,0,0,1.6,0,0,0,0,0,1.05,0,0,0.5,0,0,0.55,0,0,0
CS57,Pre,155.76497,-21.24541,1,Kenn Cave,0,0,3.5,0,3.5,0,0,1.5,0,0,0,0,0,0,0,0,0,0,0,0,0,0,0,0.5,0,0,0,0,0,0,0,0,0,0,0,0,0,0,0,0,0,0,0,0,0,0,0,0.5,0,0,0,0,0,0,0,0,0,0,0,0,0,0,0,0,0,0,0,0,0,0,0,0,0,0,0.5,0,0,0.5,0,0.5,0,0,0,0,0,0,0,0,0,0,0,0,0,0,0,0,0,0,0,0,0,0,0,2,0,0,0,0.5,0,0,0,0,1,0,0,0,0,0,0
CS58,Pre,155.76575,-21.19993,2,Kenn Reef North Cay bommie,0,0,0,0,3,0,0,0.5,0,0,0,0,0,0,0,0,0,0,0,0,0.5,0,0,0.5,0,1,0,0,0,0.5,0,0.5,0,0,0,0,0,0,0,0,0,0,0,0,0,0,0,0,0,0,0.5,0,0,0,0,0,0,0,0,0,0,0,0,0,13,0,0,0,0,2.5,0,0,0,0,4.5,4.5,0,0.5,0,0.5,0,0,0,0.5,0,0,0,0,0,0,1.5,0,0,0,0,0,0,0,0,0,0,0.5,0,1,3,0,0,0,0,0,0,0,1,0,0,0,0,0,0.5
CS6,Pre,152.34184,-19.25796,1,Paget Cay South,0,0,0,0,0,0,0,0,0,0,0,0,0,0,0,0,0,0,0,0,0,0,0,0,0,0,0,0,0,0,0,0,0,0,0,0,0,0,0,0,0,0,0,0,0,0,0,0,0,0,0,0,0,0,0,0,0,0,0,0,0,0,0,0,0,0,0,0,0,0,0,0,0,0,0,0,0,0,0,65.175,0,0,0,0,0,0,0,0,0,0,0,0,0,0,0,0,0,0,0,0,0,0,0,0,0,0,0,0,0,0,0,0,0,0,0,0,0,0,0
CS60,Pre,155.77281,-21.20282,2,Kenn Reef North Cay,0.5,0,0,0,0,0,0,0,0,0,0,0,0,0,0,0,0,0,0,0,0,0,0,0.5,0,0,0,0,0,0,0,0,0,0,0,0,0,0,0,0,0,0,0,0,0,0,0,0,0,0,0,0,0,0,1,0,0,0,0,0,0,0,0,0,2.5,0,0,0,0,0,0,0,0,0,0,0,0,0,0,0,0,0,0,0,0,0,0,0,0,0,0,0,0,0,0,0,0,0,0,0,0,0,0,0,0,0,0,0,0,0,0,0,0,0,0,0,0,0,0
CS61,Pre,155.76982,-21.20865,2,Kenn Reef Pipeline,0,0,0,0,0,1.5,0,0,0,0,0,0,0,0,0,0,0,0,0,0,0.5,0,0,0,0,0,0,0,0,0,0.5,0.5,0,0,0,0,0,0,0,0,0,0,0,0,1,0,0,0,0,0,0,0,0,0,0,0,0,0,0,0,0,0,0,0,9.5,0,0,0,0,0.5,0,0,0,0,2,2,0,0.5,0,0,0,0,0,0,0,0,0,0,0,0,0,0,0,0,0,0,0,0,0,0,0,9,0,0,0,0,0,0,0,0,0,0,0,0,0,0,0,0,0
CS63,Pre,154.3944,-21.0003,1,Frederick Passage,0,0,0,0,1,0,0,0,0,0,0,0,0,0,0,0,0,0,0,0,0,0,0,0,0,0.5,0,0,0,0,0,0.5,0,0,0,0,0,0,0,0,0,0,0,0,0,0,0,0,0,0,0,0,0,0,0,0,0,0,0,0,0,0,0,0,0,0,0,0,0,0,0,0,0,0,3.5,0,0,0,0,0,0,0,0,0,0,0,0,0,0,0,0,0,0,0,0,0,0,0,0,0,0,2,0,0,0,0,0,0,0,1.5,0,0,0.5,0,0,0,0,0,0
CS64,Pre,154.39374,-20.99787,1,Fredrick Central Bommie,0,0,0,0,1,0,0,0,0,0,0,0,0,0,0,0,0,0,0,0,0.5,0,0,0.5,0,0,0,0,0,0.5,0,1,0,0,0,0,0,0,0,0,0.5,0,0,0,0,0,0,0,0,0,0.5,0,0,0,0,0,0,0,0,0,0,0,0,0,2.6,0,0,0,0,0,0,0,0,0,0,0.5,0,1,0,0,0,0,0,0,0,0,0,0,0,0,0.5,0,0,0,0,0,0,0,0,0,0,1,0,0,0.5,0,0,0,0,0,0,0,0,0,0,0,0,0,0
CS65,Pre,154.39197,-21.0065,1,Fredrick central reef,0,0,0,0,3,0,0,0,0,0,0,0,0,1,0,0,0,0,0,0,0,0,0,0,0,0,0,0,0,0,0,1,0,0,0,0,0,0,0,0,0,0,0.5,0,0,0,0,0.5,0,0,0.5,0,0,0,0,0,0,0,0,0,0,0,0,0,0,0,0,0,0,0,0,0,0,0,0,3,0,0,0,0,0,0,0,0.5,0,0,0,0,0,0,2,0,0,0,0,0,0,0,0,0,0,0,0,0,0,0,0,0,0,0,0,0,0,0,0,0,0,0,0
CS7,Pre,152.38809,-19.1254,1,Weather Station Inner Reef,0,0,0,0,1.25,0.5,0,0.5,0,0,0,0,0,0,0,0,0,0,0,0,0,0,0,0.25,0,0,0,0,0,0,0,0,0,0,0,0,0,0,0,0,0,0,0,0,0,0,0,0,0,0,0,0,0,0,0,0,0,0,0,0,0,0,0.25,0,0,0,0,0,0,0,0,0,0,0,0,0,0,1.25,0,0,0,0,0,0,0,0,0,0,0,0,0,0,0,0,0,0,0,0,1.25,0,0,0,0,0,0,0,0,0,0,0,0,0,0,0,0,0,0,0,0
CS72,Pre,154.37269,-21.02036,1,Fredrick Observatory Cay,0,0,0,0,0,0,0,0,0,0,0,0,0,0,0,0,0,0,0,0,1,0,0,0,0,0,0,0,0,0,0,0,0,0,0,0,0,0,0,0,0,0,0,0,0,0,0,0,0,0,0,0,0,0,0,0,0,0,0,0,0,0,0,0,0,0,0,0,0,0,0,0,0,0,0,0,0,0,0,0,0,0,0,0,0,0,0,0,0,0,0,0,0,0,0,0,0,0,0,0,0,0,0,0,0,0,0,0,0,0,0,0,0,0,0,0,0,0,0
CS73,Pre,154.39572,-20.93697,1,North Fredrick Bommie,0,0,0,0,0.5,0,0,0,0,0,0,0,0,0,0,0,0,0,0,0,0,0,0,0.5,0,0,0,0,0,0.5,0,0,0,0,0,0,0,0,0,0,0,0,0,0,0,0,0,0,0,0,0,0,0,0,0,0,0,0,0,0,0,0,0,0,9.5,0,0,0,0,0,0,0,0,0,1.5,0,0,2,0,1,0,0,0,0,0,0,0,0,0,0,0,0,0,0,0,0,0,0,0.5,0,0,0.5,0,0,0,0,0,0,0,0,0,0,0,0,0,0,0,0,0
CS74,Pre,154.39723,-20.93624,1,Frederick Lighthouse,0,1,2.5,1,2,0,1,0,0,0,0,0,0,0,0,0,0,0,0,0,0.5,0,0.5,0,0,0,0,0,0,0,0,0,0,0,0,0,0,0,0,0,0,0,0,0,0,0,0,0,0,0,0,0,0,0,0,0,0,0,0,0,0,0,0,0,8.5,0,0,0,0,0,0,0,0,0,0,0,0,8,2,9,0,0,0,0,0,0,0,0,0,0,0,0,0,0,0,0,0,0,0.5,0,0,0,0,0.5,0,0,0,0,0,0,0,0,0,0.5,0,0,0,0,0
CS8,Pre,152.38714,-19.09532,1,Carola Cay,0,0,0,0,1,0,0,0,0,0,0,0,0,0,0,0,0,0,0,0,0,0,0,0,0,0,0,0,0,0,0,0,0,0,0,0,0,0,0,0,0,0,0,0,0,0,0,0,0,0,0,0,0,0,0,0,0,0,0,0,0,0,0,0,0,0,0,0,0,0,0,0,0,0,0,0,0,0,0,0,0,0,0,0,0,0,0,0,0,0,0,0,0,0,0,0,0,0,0,0,0,0,0,0.5,0,0,0,0,0,0,0,0,0,0,0,0,0,0,0
CS9,Pre,149.20002,-16.92194,1,NE Herald Cay NE,0,0,0,0,0,0,0,0,0,0,0,0,0,0,0,0,0,0,0,0,0,0,0,0,0,0,0,0,0,0,0,0,0,0,0,0,0,0,0,0,1,0.5,0.5,0,0.5,0,0,0,0,0,0.5,0,0,0,0,0,0,0,0,0,0,0,0,0,0,0,0,0,0,0,0,0,0,0,0,0.5,0,0,0,0,0,0,0,0,0,0,0,0,0,0,0,0,0,0.5,0,0,0,0,0.5,0,0,0,0,0.5,0,0,0,0,0,0,0,0,0.5,0,0,0,0,0,0
GBR146,Pre,148.92328,-20.06494,4,Alcyonaria Point,0,0,0,0,1.5,0,0,0,0,0,0,0,0,0,0,0,0,0,0,0,1,0,0,0,0,0,0,0,0,0,0,0,2.5,0,0,0,0,0,0,0,0,0,0,0,0.5,0,0,0,0,0,0.5,0,0,0,0,0,0,0,0,0,0,0,0,0,0,0,0,0,0,0,0,0,0,0,0.5,0,0,5,0,0,0,0,0,0.5,0,0,1.5,0,0,0,0,0,0,0,0,0,0,0,0,0,0,0,0,0,0,0,0,0,0,0,0,0,0,0,0.5,0,0,0,0
GBR148,Pre,148.88061,-20.04033,4,Blue Pearl Bay,0,0,0,0,1,0,0.5,0,0,0,0,0,0,0,0,0,0,0,0,0,0,0,0,0,0,0,0,0,0,0,0,0,0,0,0,0,0,1,0,0,2,0,0,0,0,1,0,0,0,0,0.5,0,0,0,0,0,0,0,0,0,0,0,0,0,0,0,0,0,0,0,1.5,0,0,0,0.5,0,0,3.5,0,0.5,0,0,0,0,0,0,0,0,1.5,0,0,0,0,0,0,0.5,0,0,2.5,0,7,0,0,17,0,0,0,1,0,0,0,0,0,0,0.5,0,0,0,0
GBR16,Pre,151.77309,-23.24659,4,Tryon Island south,0,0,0.5,7.5,3,0,3,0,0,0,0,0,0,0,0,0,0,0,0,0,0.5,0,0,0,0,0,0,0,0,0,0,0,0,0,0,0,0,0,0,0,0,1,0,0,0.5,0,0.5,0,0,1,0,0,0,0,0,0,0,0,0,0,0,0,0,0,7,0,0,0,0,0,0,0,0,0.5,0,0,0,8.5,2.5,1,0,0,0,0,0,0,0,0,0,0,0,0,0,0,0,0,0,0,0.5,0,0,0,0,0,2,0,0,0,0,2,0,0,0.5,0,0,0,0,0,0
GBR160,Pre,147.7231,-18.66173,4,Chicken Reef East,0,0,0,0,3,0,0,0,0,0,0,0,0,0,0,0,0,0,0,0,0.5,0,0,0,0,0,0,0,0,1,0,0,0,0,0,0,0,0,0,0,0,0,0,0,0.5,0,0,0,0,0.5,0,0,0,0,0,0,0,0,0,0,0,0,0,0,0,0,0,0,0,0,0,0,0,0.5,0,0,0,0,0,0,0,0,0,0,0,0,0,0,0,0,0,0,0,0,0,0,0,0,0.5,0,0,0.5,0,0.5,0,0,0,0,0,0,0,0,0,0,0,0,0,0,0
GBR161,Pre,147.70284,-18.66084,4,Chicken Reef,0,0,0,0.5,4,0,0,1,0,0,0,0,0,0,0,0,0,0,0,0,0.5,0,0,0,0,0,0,0,0,0.5,0,0,1.5,0,0,0,0,0,0,0,0,0,0,0,0.5,0,0,0,0,0,0,0,0,0,0.5,0,0,0,0,0,0,0,0,0,1,0,0,0,0,0,0,0,0,0,0,0.5,0,3.5,0.5,0,0,0,0,0,0,0,0,0,0,0,0,0,2.5,0,0,0,0,0,0.5,0,0,1,0,0.5,0.5,0,0,0,0,0,0,0,0,0,0,0,0,0,0
GBR17,Pre,151.77568,-23.24371,7,Tryon Island south west,0,0.5,3.5,0,1.5,0,1.5,2,0,0,0,0,0,0,0,0,0,0,0,0,0,0,0,0.5,0,0,0,0,0,0,0,0,0,0.5,0,0,1.5,0,0,0,0,0,0,0,0,0,0,0,0,0,0,0,0,0,0,0,0,0,0,0,0,0,0,0,2,0,0,0,0,0,0,1,0,14,0,0,0,9,1.5,0.5,0,0,0,0,0,0,0,0,0,0,0,0,0,0,0,0,0,0,0,0,0,0,0,0,0,0,0,0,0,1,0,0,1,0,0,0,0,0,0
GBR2,Pre,152.41618,-23.89878,3,Lady Musgrave Lagoon N,0,0,0.5,0.5,0,0,1.5,0,0,0,0,0,0,0,0,0,0,0,0,0,0,0,0,0.5,0,0,0,0,0,0,0,0,0,0,0,0,0,0,0,0,0,0,0,0,0.5,0,0,0,0,0,0,0,0,0,0,0,0,0,0,0,0,0,0,0.5,0.5,0,0,0,0,0,0,0,0,0,0,0,0,2.5,0,0,0,0,0,0,0,0,0,0,0,0,0.5,0,0,0,0,0,0,0,0,0,27.5,0,0,0,0.5,0,0,0,0,2,0,0,0.5,0,0,0,0,0,0
GBR213,Pre,145.99349,-16.52825,4,Hastings Reef,0,1,0,0.5,1.5,0,0,0.5,0,0,0,0,0,0,0,0,0,0,0,0,0.5,0,0,0.5,0,0,0,0,0,0,0,0,0.5,0,0,0,0,0,0,0,0,0.5,0,0,0,0,0,0,0,0,0,0,0,0,0,0,0,0,0,0,0,0,0,0,0,0,0,0.5,0,0,0,0,0,0.5,0,0,0,6.25,0,0,0,0,0,0,0,0,2.1,0,0,0,0.5,0,0,0.5,0,0,0,0,2.1,0,0,0,0,7.3,0,0,0,0,0,0,0,0,0,0,0,0,0,0,0
GBR217,Pre,145.8291,-15.9758,4,Agincourt Reef - The Gap,0,0,0.5,0,2.5,0.5,0,0,0,0,0,0,0,0,0,0,0,0,0,0,0,0,0,0.5,0,0,0,0,0,0.5,0,0,0.5,0.5,0,0,0,0,0,0,1.5,0,0,0,0.5,0,0,1,0,0.5,0,0,0,0,0,0,0,0,0,0,0,0,0,0,0,0,0,0,0,0,0,0,0,0,0,0,0,5.6,0,0.5,0,0,0,0,0,0,0,0,0,0,0.5,0,0,0,0,0,0,0,0,0,1,0,0,2.5,0,0,0,0,0,0,0,0,1,0,0,0,0,0,0
GBR218,Pre,145.81968,-15.96846,4,Agincourt Reef - The Point,0,0,5,0,3.5,0,3.05,0,0,0,0,0,0,0,0,0,0,0,0,0,1,0,0,0,0,0,0,0,0,0,0,0,0,0.5,0,0,0,0.5,0,0,0,0.5,0,0,0,0,0,0,0,0,0,0,0,0,0.5,0,0,0,0,0.5,0,0,0,0,0,0,0,0,0,0,0,0,0,1.5,0,0,0,1,0,0,0,0,0,0,0,0,0,0,0,0,0.5,0,0.5,0,0,0,0.5,0,3.5,0,5.5,0,0,13.6,4.5,0,0,0,0,0,0,0,0,0,0,0,0,0,0
GBR223,Pre,145.46565,-14.68717,7,Blue Lagoon Channel,0,0,0,0,0,0,0,0,0,0,0,0,0,0,0,0,0,0,0,0,0,0,0,0,0,0,0,0,0,0,0,0,0,0,0,0,0,0,0,0,0,0,0,0,0,0,0,0.5,0,0,0,0,0,0,0,0,0,0,0,0,0,0,0,0,0,0,0,0,0,0,0,0,0,0,0,0,0,0,0,0,0,0,0,0,0,0,0,0,0,0,0,0,0,0,0,0,0,0,0,0,4,0,0,16.5,0.5,0,0,0,0,0,0,0,0,0,0,0,0,0,0
GBR224,Pre,145.44327,-14.68708,4,Horseshoe Reef,0,0,0,0,0,0,0,0,0,0,0,0,0,0,0,0,0,0,0,0,0.5,0,0,0,0,0,0.5,0,0,0,0,0,0,0,0,0,0,0,0,0,0,0,0,0,0,0,0,0,0,0,0,0,0.5,0,0,0,0,0,0,0,0,0,0,0,0,0,0,0,0,0,0,2.5,0,0,0,0,0,0.5,0,0,0,0,0,0,0,0,0,0,0,0,0,0,0,0,0,0,0,0,0,0,0,0,0,5,0.5,0,0,0,0,0,0,0,0,0,0,0,0,0,0
GBR231,Pre,145.44851,-14.65101,7,Cobia Hole,0,0,0,0,0,0,0,0.5,0,0,0,0,0,0,0,0,0,0,0,0,0,0,0,0,0,0,0,0,0,0,0,0,0,0,0,0,0,0,0,0,0,0,0,0,0,0,0,0,0,0,0.5,0,0,1,0,0,0,0,0,0,0,0,0,0,0,0,0,0,0.5,0,1,0,0,0,0,0,0,0,0,0,0,0,0,0,0,0,0,0,0,0,0,0,0,0,0,0,1,0,0.5,0,0,0.5,0,1.5,0,0,0,0,0,0,0,0,0,0,0,0,0,0,0.5
GBR232,Pre,145.45386,-14.6461,4,Mermaid Cove north,0,0,0,0,0,0,0,0,0,0,0,0,0,0,0,0.5,0,0,0,0,0.5,0,0,0,0,0,0,0,0,0,0,0,1,0,0,0,0,0,0,0,0,0,0,0,0,0,0,0,0,0,0,0,0,0,0,0,0,0,0,0,0,0,0,0,0,0,0,0,0,0,0,0,0,0,0,0,0,2.5,0,0,0,0,0,0,0,0,0,0,0,0,0,0,0,0,0,0,0.5,0,0,0,0,0,0,0.5,0,0,0,0,0,0,0,0,0,0,0,0,0,0,0
GBR234,Pre,145.45471,-14.64524,4,Mermaid dropoff north,0,0,0,0,0,0,0,0,0,0,0,0,0,0,0,0,0,0,0,0,0.5,0,0,0,0,0,0,0,0,0,0,0,0,0,0,0,0,0,0,0,0,0,0,0,0,0,0,0,0,0,0,0,0,0,0,0,0,0,0,0,0,0,0,0,0,0,0,0,0,0,0,0,0,0,0,0,0,2,0,0,0,0,0,0,0,0,0,0,0,0,0,0,0,0,0,0,0,0,0,0,0,0,0,2,0,0,0,0,0,0,0,0,0,0,0,0,0,0,0
GBR24,Pre,149.13292,-19.81261,4,Hook Reef Passage,0,0,0,0.5,0.5,0,0,0,0,0,0,0.5,0,0,0,0,0,0,0,0,0,0,0,0,0,0,0,0,0,0,0,0,0,0,0,0,0,0,0,0,0,0,0,0,0,0,0,0,0,0,0,0,0,0,0,0,0,0,0,0,0,0,0,0,0,0,0,0,0,0,0,0,0,0,0,0.5,0,0,0,0,0,0,0,0,0,0,0,0,0,0,0,0,0,0,0,0,0,0,0,0,0,0,0,0,0,0,0,0,0,0,0,0,0,0,0,0,0,0,0
GBR243,Pre,151.75731,-23.53652,3,Masthead Site 3,0,0,0,0,6.5,0,4.5,1,0,0,0,0,0,0.5,0,0,0,0,0,0,0,0,0,0,0,0,0,0,0,0,0,0,0,0,0,0,0,0,0,0,0.5,0,0,0,0,0,0,0,0,0,0,0,0,0,0,0,0,0,0,0,0,0,0,0,0,0,0,0,0,0.5,0,0,0,0,0,0,0,1.5,0,0,0,0,0,0,0,0,0,0,0,0,0,0,0,0,0,0,0,0,0.5,0,0,0,0,1,0,0,0,0,0,0.5,0,0,0,0,0,0,0,0,0.5
GBR248,Pre,151.7747,-23.49835,3,Erskyne Island Site 1,0,0,0,0,0.5,0,0,1,0,0,0,0.5,0,0,0,0,0,0,0,0,0,0,0,0,0,0,0,0,0,0,0,0,0,0,0,0,0,0,0,0,0.5,0,0,0,0,0,0,0,0,0,0,0.5,0,0,0,0,0,0,0,0,0,0,0,0,0,0,0,0,0,0,0,0,0,0,0,0,0,0.5,0,0,0,0,0,0,0,0,0,0,0,0,0,0,0,0,0,0,0.5,0,0,0,0,0,0,0,0,0,0,0,0,0,0,0,0,0,0,0,0,0,0
GBR25,Pre,149.13617,-19.81349,4,Hook Reef1,0.25,0,0,0,4.5,0.75,0,4.5,0,0,0,0.25,0,0,0,0,0,0,0,0,0,0,0,0,0,0,0,0,0,0,0,0,0,0.75,0,0,0,0,0,0,0.25,0.5,0.25,0,0,0.5,0,0,0,0.25,0.25,0,0,0,0,0,0,0,0,0,0,0,0,0,1.25,0,0,0,0,0,0,0,0,0,0,0,0,0.5,0,0,0,0,0,0,0,0,0,0,0,0,0.5,0,0,0,0,0.25,0,0,2.25,0,0,0.25,0,5.025,0.75,0,0,0,0,0,0,0,0.75,0.25,0.25,0,0,0,0
GBR250,Pre,151.94545,-23.25245,3,Broomfield Reef Site 2,0,0,0,0,11.5,0.5,1,60.5,0,0,0,0,0,0,0,0,0,0,0,0,0,0,0,0,0,0,0,0,0,0,0,0,0,0,0,0,0,0,0,0,0,0,0,0,0,0,0,0,0,0,0,0,0,0,0,0,0,0,0,0,0,0,0,0,0,0,0,0,0,0,0,0,0,0,0,0,0,0,0,0,0,0,0,0,0,0,0,0,0,0,0.5,0,0,0,0,0,0,0,0,0,0,0,0,0,0,0,0,0,0,0,0,0,0,0,0,0,0,0,0
GBR253,Pre,150.93748,-23.1957,4,Monkey Point,0,0,0,13,10,0,2.5,0,0,0,0,0,0,0,0,0,0,0,0,0,0,0,0,0,0,0,0,0,0,0,0,0,0,0,0,0,0,0,0,0,0,0,0,0,0,1.5,0,0,0,0,0,0,0,0,0,0,0,0,0,0,0,0,0,0,0,0,0,0,0,0,0,0,0,0,0,0,0,0,0,0,0,0,0,0,0,0,0,0,0,0,0,0,0,0,0,0,0,0,0,0,0,0,0,0,5,0,0,0,0,0,0,0,0,0,0,0,0,0,0
GBR255,Pre,150.9803,-23.18769,4,Clam Bay,0,0,0,0,0,0,0,0,0,0,0,0,0,0,0,0,0,0,0,0,0,0,0,0,0,0,0,0,0,0,1,1,0,0,0,0,0,0,0,0,0,0,0,0,0,0,0,0,0,0,0,0,0,0,0,0,0,0,0,0,0,0,0,0,0,0,0,0,0,0,0,0,0,0,0,0,0,0,0,0,0,0,0,0,0,0,0,0,0,0,0,0,0,0,0,0,0,0,0,0,0,0,0,0,0,0,0,0,0,0,0,0,0,0,0,0,0,0,0
GBR257,Pre,151.91543,-23.1778,3,North Island Site 3,0,1,0,1,8.5,4,1,63.5,0,0,0,0,0,0,0,0,0,0,0,0,0,0,0,0,0,0,0,0,0,0,0,0,0,0,0,0,0,0,0,0,0,0,0,0,1.5,0,0,0,0,0,0,0,0,0,0,0,0,0,0,0,0,0,0,0,1.5,0,0,0,0,0,0,0,0,0,0.5,0,0,0.5,1,0.5,0,0,0,0,0,0,0,0,0,0,0,0,0,0,0,0,0,0,0,0,0,0.5,0,0,0,0,0,0,0,0,0,0,0,0,0,0,0,0,0
GBR3,Pre,152.39361,-23.89929,3,Lady Musgrave West central,0.5,0,0,4.5,3.5,0,31.5,1.5,0,0,0,0,0,0,0,0,0,0,0,0,0,0.5,0,1.5,0,0,0,0,0,0,0,0,0,0,0,0,1,0,0,0,0,0,0,0,0,0,0,0,0,0,0,0,0,0,0,0,0,0,0,0,0,0,0,0,0.5,0,0,0,0,0,0,0,0,0,0,0,0,8,2.5,1,0,0,0,0,0,0,0,0,0,0,0,0,0,0,0,0,0,0,0,0,0,0,0,0,0,0,0,0,0,0,0,0,0,0,0,0,0,0,0
GBR39,Pre,145.6632,-14.66452,1,Cod Hole,0,0,0,0,0.5,0,0,0,0,0,0,0,0,0.5,0,0,0,0,0,0,0,0,0,0,0,0,0,0,0,0,0,0,0,0.5,0,0,0,0,0,0,0,0,0,0,0,0,0,0,0,0,0,0,0,0,0,0,0,0,0,0,0,0,0,0,0,0,0,0,0,0,0,0,0,0,0,0,0,1,0,0,0,0,0,0,0,0,0,0,0,0,0,0,0,0,0,0,0,0,0.5,0,0,0,0,3.5,0,0,0,0,0,0,0,0,0,1.5,0,0,0,0,0
GBR41,Pre,144.50067,-13.97733,4,Tydeman Cay anchorage,0,0.55,2.6,0,3.1,1.05,0.5,0.5,0,0,0,0,0,0,0,0,0,0,0,0,3.7,0,0,0,0,0,0,0,0,0,0.55,0,0,0,0,0,0,0,0,0,0,0,0,0,0.5,0,0,0,0,1.05,0.55,0,0,0,0,0,0,0,0,0,0,0,0,0,0,0,0,0,0,0,0,0,0,0,0,0,0,2.6,0,0,0,0,0,0,0,0,0,0,0,0,0.55,0,0,0,0,0,0,0,0.5,0,0,0.55,0,3.15,0,0,0,0,0,0,0,0,1.05,0,0,0,0,0,0
GBR45,Pre,143.40371,-12.28595,7,Forbes Island west boulders,0,0,0,0,0,0,0,0,0,0,0,0,0,0,0,0,0,0.5,0,0,0.5,0,0,0,0,0,0,0,0,0,0,0,0,0,0,0,0,0,0,0,0,0,0,0,0,1,0,0,0,0,0,0,0,0,0,0,0,0,0,0,0.5,0,0,0,0,0,0,0,0,0,0,0,0,0,0,0,0,0,0,0,0,0,0,0,0,0,0,0,0,0,0,0,0,0,0,0,0,0,0,0,14.5,0,0,3.5,1.5,1,0,0,0,0,0,0,0,0,0,0,0,0,0
GBR46,Pre,143.41092,-12.28241,5,Forbes Island NE,0,0,0,0,0,0,0,0,0,0,0,0,0,0,0,0,0,0,0,0,0,0,0.5,1,0,0,0,0,0,0,0,0,0,0,0,0,0,0.5,0,0,0,0,0,0,0,0.5,0,0,0,0,0.5,0,0.5,0,0,0,0,0,0,0,0,0,0,0,0,0,0,0,0,0,0,0,0,0,0,0,0,0,0,0,0,0,0,0,0,0,0,0,0,0,0,0,0,0,0,0,0,0,0,0,10,0,0,1.5,0,0,0,0,0,0,0,0,0,0,0,0,0,0,0
GBR47,Pre,143.40709,-12.28121,5,Forbes Island bommie,0,0,0,0,0,0,0,0,0,0,0,0,0,0,0,0,0,0,0,0,0.5,0,0.5,0,0,0,0,0,0,0,0,0,0,0,0,0,0,0,0,0,1,0,0,0,0,0,0,0,0,0,0,0,0,0,0,0,0,0,0,0,0,0,0,0,0,0,0,0,0,0,0,0.5,0,0,0,0,0,0,0,0,0,0,0,0,0,0,0,0,0,0,0,0,0,0,0,0,0,0,0,0,4,0,0,0.5,0,0,0,0,0,0,0,0,0,0,0,0,0,0,0
GBR48,Pre,143.40302,-12.28091,5,Forbes Island Bommie West,0,0,0,0,0,0,0,0,0,0,0,0,0,0,0,0,0,0,0,0,0.5,0,0,0,0,0,0,0,0,0,0,0,0,0,0,0,0,0,0,0,0,0,0,0,0,0,0,0,0,0,0,0,0,0,0,0,0,0,0,0,0,0,0,0,0,0,0,0,0,0,0,0,0,0,0,0,0,0,0,0,0.5,0,0,0,0,0,0,0,0,0,0,0,0,0,0,0,0,0,0,0,8.5,0,0,0.5,2,0,0,0,0,0,0,0,0,0,0,0,0,0,0
GBR49,Pre,143.40232,-12.29055,5,Forbes Island Isthmus Rf,0,0,0,0,0,0,0,0,0,0,0,0,0,0,0,0,0,0,0,0,0,0,0,0,0,0,0,0,0,0,0,0,0,0,0,0,0,0,0,0,0,0,0,0,0,0.5,0,0,0,0,0,0,0.5,0,0,0,0,0,0,0,0,0,0,0,0,0,0,0.5,0,0,0,0.5,0,0,0,0,0,0,0,0,0,0,0,0,0,0,0,0,0,0,0,0,0,0,0,0,0,0,0,0,22,0,0,4.5,0,0,0,0,0,0,0,0,0,0,0,0,0,0,0
GBR53,Pre,143.65005,-11.76571,4,Salamander Reef,0,1,4.05,3,0,0,0.5,0,0,0,0,0,0,0,0,0,0,0,0,0,0,0.5,0,0,0,0,0,0,0,0,0,0,0,0,0,0,0,6.55,0,0,0,0,0,0,0,0,0,0,0,0,0,0,0,0,0,0,0,0,0,0,0,0,0,0,0,0,0,0,0,0,0,0,0,11.6,0,0,0,0,0.5,0,0,0,0,0,0,0,0,0,0,0,0,0,0,0,0,0,0,0,0,0,0,0,0,4.55,1,0,0,0,0,0,0,0,0,0,0,0,0,0,0
GBR54,Pre,143.64859,-12.16237,4,Two Hour Reef,0,0.5,0,0,1,0,0.5,0.5,0,0,0,0,0,0,0,0,0,0,0,0,0,0,0,0,0,0,0,0,0,0,0,0,0,0,0,0,0,9.25,0,0,0,0,0,0,0,1,0,0,0,0,0.5,0,0.5,0,0.5,0,0.5,0,0,0.5,0.5,0,0,0.5,0.5,0,0,0,0,0,0,0.5,0,2.05,0,0,0,0,0,17,0,0,0,0,0,0,0,0,0,0,0,0,0,0,0,0,0,0,1.05,0,0.5,0,0,19.05,0,0,0,0,0,0,0,0,0,0,0,0,0,0,0
GBR55,Pre,143.76197,-12.38375,4,Lagoon Reef Inner NW,0,1.55,1.05,3.05,1,0,2.6,0,0,0,0,0,0,0.5,0,0,0,0,0,0,0,0,0,0,0,0,0,0,0,0,0,0,0,0,0.5,0,0,0.5,3.1,0,0,0,0,0,0,0,0.5,0.5,0,0,0,0,0,0,0,0,0,0,0,0,0,0,0,0,0.5,0,0,0,0,0,0,0,0,0,0,0.5,0,0.5,0,0,0,0,0,0,0,0,0,0,0,0,0,0,0,0,0,0,0,0,0,0,23.9,0,0,0,0,0,0,0,0,1,0,0,0.5,0,0,0,0,0,0
GBR56,Pre,143.75672,-12.38175,4,Lagoon Reef Outer NW,0,0,4.65,0,5.6,0,2.6,1,0,0,0,0,0,0,0,0,0,0,0,0,0,0,0,0,0,0,0,0,0,0,0,0,2.6,0.5,0,0,0,0,0,0,0,0,0,0,0,0,0,0,0,0.5,0,0,0,0,0,0,0,0,0,0,0,0,0,0.5,1.55,0,0,0,0,0,0,0,0,0,0,0.5,0,0.5,0,0,0,0,0,0,0,0,0,0,0,0,0,0,0,0,0,0,0,0,3.05,0,0.5,0,0,0.5,0,0,0,0,0,2.05,0,0,1,0,0,0,0,0,0
GBR57,Pre,143.772,-12.38391,7,Lagoon Reef Inner E,0,0,0.5,0,2.2,0,0,0,0,0,0,0,0,0.5,0,0,0,0.55,0,0,0.55,0,0,0.55,0,0,0,0,0,0,0,0,0,0,0.5,0,0,0.5,0,0,1,0,0,0,0,0,0,0,0,1,0,0,0,0,0,0,0,0,0,0,0,0,0,0,0.5,0,0,0,0,0,0,0,0,0,0,0,0,4.6,1.55,2.15,0,0,0,0,0,0,0,0,0,0,0.55,0,0,0,0,0,0,0,0,0,1,0,0,3.65,2.05,0,0,0,0,1,0,0,1.05,0,0,0,0,0,0
GBR58,Pre,143.58327,-12.62531,4,Burke Reef,0,0,0,0,1,0,0,0,0,0,0,0,0,0,0,0,0,0,0,0,0,0,0,0.5,0,0,0,0,0,0,0,0,2,0,0,0,0,2,0,0,0.5,0,0,0,0,0,0,1,0,0,0,0,0,0,0,0,0,0,0,0,0,0,0,0,0,0,0,0,0,0,0,0,0,0,0,0,0,0.5,0,0,0,0,0,0,0,0,0,0,0,0,0,0,0,0,0,0,0,0,1.5,0,0,0,0,25,0,0,0,0,0,0,0,0,0,0,0,0,0,0,0
GBR59,Pre,143.8151,-12.87385,4,Shark Reef,0,1.5,1,0,9.5,0.5,3,3.5,0,0,0,0,0,0,0,0,0,0,0,0,0,0,0,0,0,0.5,0,0,0,0,0,0.5,0,0,0,0,0,0,0,0,0,0,0,0,0.5,0,0,0,0,0.5,0.5,0,0,0,0,0,0,0,0,0,0,0,0,0,0,0,0,0.5,0,0,0,0,0,0,0,1.5,0,0,0,0,0,0,0,0,0,0,0,0,0,0,0,0,0,0,0,0,0,0,2,0,0,0,0,2,0,0,0,0,0,0,0,0,1,0,0,0,0,0,0
GBR60,Pre,143.82034,-12.87695,4,Shark Reef Gardens,0,0,1,0,4,1,1.5,0,0,0,0,0,0,0,0,0,0,0,0,0,0,0,0,0,0,0,0,0,0,0,0,0,0,0,0,0,0,0,0,0,0,0,0,0,0,0,0,0.5,0,0,0,0,0,0,0,0,0,0,0,0,0,0,0,0,0,0,0,0,0,0,0,0,0,0,0,0.5,0,0.5,0,0,0,0,0,0,0,0,0,0,0,0,0,0,0,0,0,0,0,0,1,0,0,0.5,0,1,0,0,0,0,0,0.5,0,0,0,0.5,0,0,0,0,0
GBR62,Pre,144.28213,-13.8185,4,Crocodile Bommie,0,0,0,0,0,1,0,0,0,0,0,0,0,0,0,0,0,0,0,0,0,0,0,0.5,0,0.5,0,0,0,0,0,0.5,0,0,0,0,0,0,0,0,0,0,0,0,0,0,0,0,0,2.5,0,0,0,0,0,0,0,0,0,0,0,0,0,0,0.5,0,0,0,0,0,0,0,0,0,0,1,0,1,0,0,0,0,0,0,0,0,0,0,0,0,0,0,0,0,0,0,0,0,0.5,0,0,1,0,3,0,0,0,0,0,0,0,0,0,0,0,0,0,0,0
GBR63,Pre,144.68397,-13.99527,4,Surprise Reef,0,0,0.5,0,7,0,0.5,2.55,0,0,0,0,0,0,0,0,0,0,0,0,0,0,0,0,0,0,0,0,0,0,0,0,0,0,0,0,0,0,0,0,0,0,0,0,0,0,0,0,0,0,0,0,0,0,0,0,0,0,0,0,0,0,0,0,0,0,0,0,0,0,0,0,0,0,0,0,0,1.5,0,0,0,0,0,0,0,0,0,0,0,0,0,0,0,0,0,0,0.5,0,0,0,0,0,0,1,0,0,0,0,0,0,0,0,0.5,0,0,0,0,0,0
GBR64,Pre,144.67643,-13.98947,4,Surprise Reef Paradise,0,0,0,0,0,0,0,0,0,0,0,0,0,0,0,0,0,0,0,0,0.5,0,0,0,0,0,0,0,0,0,0,0,0,0,0,0,0,0,0,0,0,0,0,0,0,0,0,0,0,0,0,0,0,0,0,0,0,0,0,0,0,1.5,0,0,0,0,0,0,0,0,0,0,0,0,0,2,0,0.5,0,0,0,0,0,0,0,0,0,0,0,0,0,0,0,0,0,0,0,0,1,0,0,0,0,0,0,0,0,0,0,0,0,0,1,0,0,0,0,0,0
GBR67,Pre,145.5309,-14.51742,1,Day Reef Inner,0,0,0,0,0,0,0,0,0,0,0,0,0,0,0,0,0,0,0,0,0.5,0,0,0.5,0,0.5,0,0,0,0,0,0,0,0,0,0,0.5,0,0,0,0,0,0,0,0,0,0,0,0,0,0,0,0,0,0,0,0,0,0,0,0,0,0,0,0,0,0,0,0,0,0.5,0,0,0,0,1,0,1,0,0,0,0,0,0,0,0,0,0,0,0,0,0,0,0,0,0,0,0,1,0,0,0,0,0,0,0,0,0,0,1,0,0.5,0,0,0,0,0,0,0
NMP-BF1,Pre,114.17564,-21.83921,4,Bundegi,0,0,0,0,0.5,2,0,0,0,0,0,0,0,0,0,0,0,0,0,0,0,0,0,0,0,0,0,0,0,0,0,0,0,0,0,0,0,0,0,0,0,0,0,0,0,0.5,0,0,0,0,0,0,0,0,0,0.5,0,0,0,0,0,0,0,0,0,0,0,0,0,0,0,0,0,0,0,0,0,0,0,0,0,0,0,0,0,0,0,0,0,0,0,0,0,0,0,0,0,0,0,0,0,0,0,0,0,0,0,0,0,0,0,0,0,0,0,0,0,0,0
NMP-C1,Pre,113.75987,-23.17701,3,Monck Head,0,0,0,0,0,1,1.5,0,0,0,0,0,0,0,0,0,0,0,0,0,0,0,0,0.5,0,0,0,0,0,0,0,0,0,0,0,0,0,0,0,0,0,0,0,0,0,0,0,0,0,1,0,0,0,0,0,0,0,0,0,0,0,0,0,0,0,0,0,0,0,0,0,0,0,0,0,0,0,0,0,0,0,0,0,0,0,0,0,0,0,0,0,0,0,0,0,0,0,0,0,0,0,0,0,0,0.5,0,0,0,0,0,0,0,0,0,0,0,0,0,0
NMP-C3,Pre,113.75364,-23.14152,3,Coral Bay Central,0,0,0,0,0,6,0,0,0,0,0,0,0,0,0,0,0,0,2,0,0,0,0,1,0,0,0,0,0,0,0,5,0,0,0,11,0,0,0,0,0,0,0,0,0,1,0,0,0,0,0,0,0,0,0,0,0,0,0,0,0,0,0,0,0,0,0,0,0,1,0,0,0,9,0,0,0,1,4,0,0,0,0,0,0,0,0,0,0,0,0,0,0,0,0,0,0,0,0,0,0,0,0,0,2,0,0,0,0,4,0,0,0,0,0,0,0,0,0
NMP-C4,Pre,113.76354,-23.19995,3,Yalobia Passage,0,1.666666667,0,0,5.333333333,2.666666667,0.666666667,10.33333333,0,0,0,0.333333333,0,0,0,0,0,0,0,0,0,0,0,0.666666667,0,0,0,0,0,0.333333333,0,0.333333333,0,0,0,0,0,0,0,0,0.333333333,0.333333333,0,0,0,0,0,0,0,1,0,0,0,0,0,0,0,0,0,0,0,0,0,0,0,0,0,0,0.666666667,0.333333333,0,0,0,0.666666667,0,0,0,3,0,1.333333333,0,0,0,0,0,0,0,0,0,0,0,0,0,0.333333333,0,0.333333333,0,0,2,0,0,0,0,3.333333333,0,0,0,0,0,0,0,0,0,0,0,0,0,0,0
NMP-S2,Pre,113.77937,-22.92875,3,Bruboodjoo,0,0,0,0,0,3,0,0,0,0,0,0,0,0,0,0,0,0,0,0,0,0,0,0,0,0,0,0,0,0,0,1.5,0,0,0,0,0,0.5,0,0,0.5,0,0,0,0.5,0,0,0,0,0.5,0,0,0,0,0,0,0,0,0,0,0,0,0,0,0,0,0,0,0,0,0,0,0,0,0,0,0,0,0,0,0,0,0,0,0,0,0,0,0,0,0,0,0,0,0,0,1,0,0,0,0,0,0,0,0,0,0,0,0,0.5,0,0,0,0,0,0,0,0,0
NMP-S3,Pre,113.75232,-23.12872,3,Coral Bay DEC1,0,0,0,0,1.2,0.6,0,0,0,0,0,0,0,0,0,0,0,0,0,0,0.2,0.2,0,0.2,0,0,0,0,0,0,0,1.2,0,0.2,0,1,0,0,0,0,1,0.4,0,0,0.4,0,0,0,0,0.2,0.2,0,0,0,0,0,0,0,0,0,0,0,0,0,0,0,0,0,0.2,0,0,0,0,2,0,0,0,0.8,2,0.8,0,0,0,0,0,0,0,0,0,0,1,0,0.6,0,0,0.6,0,0,0,0,0,0.2,0,0,1.6,0,0,0,0,3.6,0,0,0,0,0,0,0,0,0
NMP1,Pre,113.75042,-23.11234,3,Point Maud Outer,0,0,0,0,2,4.6,0,3.42,0,0,0,0,0,0,0,0,0,0,0,0,0,0,0,0,0,0,0,0,0,0,0,0,0,0,0,0,0,0,0,0,0.22,0,0,0,0.2,0,0,0,0,0,0,0,0,0,0,0,0,0,0,0,0,0,0,0,0,0,0,0,0,0,0,0,0,0,0,0,0,0.2,0,0,0,0,0,0,0,0,0,0,0,0,0,0,0,0,0,0,0,0,0.4,0,0,0,0,0.2,0,0,0,0,0,0.2,0,0,0,0,0,0,0,0,0
NMP11,Pre,113.76328,-23.20838,3,Maud RZ2,0,0,0,0.275,1.05,0.25,0.275,0,0,0,0,0,0,0,0,0,0,0,0,0.25,1.325,0,0.25,1.575,0,0,0,0,0,0,0,0,0,0,0,0,0.25,0.25,0.25,0,0,0,0,0,0,0.275,0,0.25,0,0,0,0,0,0,0,0,0,0,0,0,0,0,0,0,0,0,0,0,0.25,0,0,0.775,0,1.85,0,0,0,6.425,6.875,5.95,0,0,0,0,0,0,0,0,0,0,0.25,0,0,0,0,0,0.775,0,0.25,0,0,0,0,0,4.775,0,0,0,0,1.3,0,0,0,0,0,0,0,0,0
NMP19,Pre,113.73966,-23.09197,3,Maud SZ Nth,0,0.5,0,0,1.375,4.175,0,1.25,0,0,0,0,0,0,0,0,0,0,0,0,0.5,0,0,0,0,0,0,0,0,0,0,0,0,0,0,0,0,0,0,0,0,0,0,0,0,0,0,0,0,0,0,0,0,0,0,0,0,0,0,0,0,0,0,0,0,0,0,0,0,0,0,0,0,0,0,0,0,0,0,0,0,0,0,0,0,0,0,0,0,0,0,0,0,0,0,0,0,0,0,0,0,0,0,0.25,0,0,0,0,0,0,0,0,0,0,0,0,0,0,0
NMP2,Pre,113.75562,-23.12142,3,Point Maud Inner,0,0,0,0,2.666666667,3,3,0.666666667,0,0,0,0,0,1,0,0,0,0,0,0,0,0,0,0,0,0,0,0,0,0,0,0.666666667,0,0,0,0,0,0,0,0,0.333333333,0,0,0,0,0,0,0,0,0,0,0,0,0,0,0,0,0,0,0,0,0,0,0,0,0,0,0,0,0,0,0,0,0,0,0,0,3,0,0.333333333,0,0,0,0,0,0,0,0,0,0,0,0,0,0,0,0,0,0,0,0,0,0,0,0,0,0,0,0,0,0.333333333,0,0,0,0,0,0,0,0,0
NMP20,Pre,113.81843,-23.04473,3,Oyster rocks buoy,0,0,0,0,0.25,0,0,1.625,0,0,0,0,0,0,0,0,0,0,0,0,1.125,0,0,0.475,0,0,0,0,0,0,0,0,0,0,0,0,0,0,0,0.225,0,0,0,0,0,0.25,0,26.375,0,0.25,0.775,0,0,0,0,0,0,0,0,0,0,0,0,0,0,0,0,0,0,0.225,0,3.825,0,0.475,0,0,0,0,0,0,0,0,0.25,0,0,0,0,0,0,0,0,0,0,0,0,0,0.225,0,0.525,0,0,0,0,0.225,0,0,0,0,0,0.225,0,0,0,0,0,0,0,0,0
NMP21,Pre,113.76709,-23.14221,3,Coral Bay (Sanctuary zone),0,0,0,1.05,0,0,18.7,0,0,0,0,0,0,0,0,0,0,0,0,1.05,1.05,1.05,0.5,1.6,0,0,0,0,0,0,0,0.55,0,0,0,0.55,0.5,1.05,0,0,0.5,0,0,0,0,0.55,0,1.05,0,0,0,0,0,0,0,0,0,0,0,0,0,0,0,0,0,0,0,0,0,0,0,0.55,0,0,0,0,0,1.05,10.35,8.9,0,0,0,0,0,0,0,0,0,0,0,0,0,0,0,0,0,0,0,0,0,0,0,0,0,0,0,0,0,0,0,0,0,0,0,0,0,0,0
NMP24,Pre,113.76248,-23.20194,3,Yalobia Bommie,0,0.55,0,0,15.35,1.05,0,0,0,0,0,0,0,0,0,0,0,0,0,0,0,0,0,0.5,0,0,0,0,0,0.55,0,0,0,0,0,0,0,0,0,0,0,0.55,0.5,0,0.5,1.05,0,0,0,0,0,0,0,0,0,0,0,0,0,0,0,0,0,0,0,0,0,0,0,0,0,0,0,2,0,0,0,4.65,1.5,1.5,0,1,0,0,0,0,0,0,0,0,0,0,0,0,0,0,0,0,0,0,0,0,0,0.5,0,0,0,0,0,0.55,0,0,0,0,0,0,0,0,0
NMP27,Pre,113.7404,-23.13496,3,Coral Bay Offshore,0,0,0,0.5,0.5,0,0,1.05,0,0,0,0,0,0,0,0,0,0,0,0,3.15,0,0,2.6,0,0,0,0,0,0,0,0,0,0,0,0,0,0,0,0,0,0,0,0,0,0,0,0,0,0.5,0,0,0,0.55,0.55,0,0,0,0,0,0,0,0,0,0,0,0,0,0,0,0,0.55,0,0,0,0,0,1.05,0,0,0,0,0,0,0,0,0,0,0,0,0,0,0,0,0,1.6,1.55,0,0,0,0,0,0,0,0,0,0,0,0,0,0,0,0,0,0,0,0,0,0
NMP6,Pre,113.75875,-23.16108,3,Monck Head Outer,0,0,0,0,0.25,2.05,0.75,0,0,0,0,0,0,0,0,0,0,0,0,0.25,0.775,0,0,1.775,0,0,0,0,0,0.525,0,0.5,0,0,0,3.025,0,0,0,0,0,0,0,0,1.25,0,0,0.25,0,0.25,0,0,0,0,0,0,0,0,0,0,0,0,0,0,0,0,0,0,0,0,0,0.775,0,0.5,0,0,0,3.05,3.3,3.825,0,0,0,0.5,0,0,0,0,0,0,0,0,0,0,0,0,0,0,0,0,0,0,0,0,7.825,0,0,0,0,1.25,0,0,0,0,0,0,0,0,0
NMP9,Pre,113.76158,-23.12627,3,Bills Bay 1,0,0,0,0,0,0.666666667,2.333333333,0,0,0,0,0,0,0,0,0,0,0,0,0,0,0,0,0.333333333,0,0,0,0,0,0,0,0,0,0,0,0,0,0,0,0,0,0,0,0,0,0,0,0,0,0,0,0,0,0,0,0,0,0,0,0,0,0,0,0,0,0,0,0,0,0,0,0,0,0,0,0,0,0,0,0,0,0,0,0,0,0,0,0,0,0,0,0,0,0,0,0,0,0,0,0,0,0,0,0,0,0,0,0,0,0,0,0,0,0,0,0,0,0,0
NWS10,Pre,123.32136,-11.97452,7,Rogaa Bommie,0,0,0,0,0,0,0,0,0,0,0,0.45,0,0,0,0,0,0,0,0,0,0,0,0,0,0,0,0,0,0,0,0,0,0,0,0,0,0,0,0,0,0,0,0,0,0,0,0,0,1.4,0.45,0,0,0,0,0,0,0,0,0,0,0,0,0,1.75,0,0,0.45,0.5,0,0,0,0,0,0,1.3,0,0,0,0,0,0,0,0,0,0,0,0,0,0,0.5,0,0,0,0,0,0,0,0,0,0,0,0,1.95,0,0,0,0,0,0,0,0,0,0,0,0,0,0,0
NWS100,Pre,119.37575,-17.29965,6,Clerke east reef top C28,0,0,0,0,0,0,0,0,0,0,0,0,0,0,0,0,0,0,0,0,0,0,0.5,0,0,0,0,0,0,0,0,0,0,0,0,0,0,0,0,0,0,0,0,0,0,0,0,0.95,0,0,0,0,0,0,0,0,0,0,0,0,0,0,0,0,0,0,0,0,0,0,0,0,0,0,0,0,0,0.5,0,0,0,0,0,0,0,0,0,0,0,0,0,0,0,0,0,0,0,0,0,0,0,0,0,0.95,0,0,0,0.5,0,0,0,0,0,0,0,0,0,0,0
NWS101,Pre,119.38393,-17.35516,6,Clerke Reef - BnB,0,0,0,0,3.5,1,0,1.5,0,0,0,0,0,0,0,0,0.5,0,0,0,0,0,0,0,0,0,0,0,0,0,0.5,1,0,0,0,0,0,0,0,0,1,6.85,0.5,0,0,0,0,0,0,0.5,1,0,0,0,0,0,0,0,0,0,0,0,0,0,1.5,0,0.5,0.5,0,0,0.5,0,0,0.5,0,5.9,0,6.85,0,0,0,0,0,0,0,0,0,0,0,0,3.4,0,0,0,0,0.5,0,0,2.95,0,0,0,0,4.85,1.45,0,0,0,0,0,0,0,0.95,0,0,0,0,0,0
NWS11,Pre,123.33523,-11.98059,5,Hibernia Lagoon SW,0,0,0,0,1.45,0,0,0,0,0,0,0,0,0,0,0,0,0,0,0,0,0,0,0,0,0,0,0,0,0,0,0,0,0,0,0,0,0,0,0,0,0,0,0,0,0,0,0,0,0,0,0,0,0,0,0,0,0,0.5,0,0,0,0,0,0,0,0,0,0,0,0,0,0,0,0,0,0,0,0,0,0,0,0,0,0,0,0,0,0,0,0,0,0,0,0,0,0,0,0,0,3.35,0,0,0.5,0,0,0,0,0,0.5,0,0,0,0,0,0,0,0,0
NWS12,Pre,123.33757,-11.97626,5,Hibernia Lagoon NW,0,0,0,0,0,0,0,0,0,0,0,0,0,0,0,0,0,0,0.45,0,0,0,0,0,0,0,0,0,0,0,0,0,0,0,0,0,0,0,0,0,0,0.5,0,0,0,0.5,0,0,0,0,0,0,0,0,0,0,0,0,0,0,0,0,0,0,0,0,0,0,0,0,0,0,0,0,0,0,0,0,0,0.5,0,0,0,0,0,0,0,0,0,0,0,0,0,0,0,0,0,0,0.5,0,6.15,0,0,0,0,0,0,0.5,0,0.45,0,0,0,0,0,0,0,0,2.5
NWS13,Pre,123.3271,-11.9834,7,Golden Sleeper Corner,0,2,0,0.5,0.5,0,0.5,0,0,0,0,0,0,0,0,0,0,0,0,0,0.5,0.5,0,1.5,0,0,0,0,0,0.5,0,0,0,0,0,0,0,0,0,0,0,0,0,0,0,0,0,0,0,0,0,0,0,0,0,0,0,0,0.5,0,0,0,0,0,0,0,0,0.5,0,0,0,0,0,0,0,0,0,6.6,0.5,0,0,0,0,0,0,0,0,0,0,0,0,0,0,0,0,0,0,0,0,0,0,0,0,0.5,0.5,0,0,0,0,0,0,0,0,0,0,0,0,0,0
NWS14,Pre,123.00392,-12.217,5,Surge Crest East,0,0,0,0.5,0,0,3.05,1,0,0,0,0,0,0,0,0,0,0,0,0,0,0,0,0,0,0,0,0,0,0,0,0,0,0,0,0,0,0,0,0,0,0,0,0,1.05,0,0,1.05,0.5,0,0,0,0,0,0,0,0,0,0,0,0,0,0,6.55,0,0,0,0,0,0,0,0,0,0,0,0.5,0,0,0,0,0,0,0,0,0,0,0,0,0,0,0,0,0,0,0,0,0,0,0.5,0,2,0,0,1.45,0,0,0,0,0,1.95,0,0,0.5,0,0,0,0,0,0
NWS15,Pre,123.00575,-12.2159,5,Surge Crest West,0,0,0,0,1,0,0,0.5,0,0,0,0,0,0,0,0,0,0,0,0,0.5,0,0,0,0,0,0,0,0,0.5,0,0,0,0,0,0,0,0,0,0,0,0,0,0,0,0,0,0,0,0,0,0,0,0,0,0,0,0,0,0,0,0,0,0,0,0,0,0,0,0,0,0,0,0,0,0.5,0,0,0,0,0,0,0,0,0,0,0,0,0,0,0,0,0,0,0,0,0,0,0,0,1,0,0,0.5,0,0,0,0,0,0,0,0,0,0,0,0,1.55,0,0
NWS16,Pre,122.98389,-12.23963,5,Guardian Reef,0,0,0,0.5,1.95,0.5,0,0,0,0,0,0,0,0,0,0,0,0,0,0,1,0,0.45,0.5,0,0,0,0,0,0,0.45,0,0,0,0,0,0,4.6,0,0,0,0,0,0,0,0.45,0,0,0,0,0.95,0,0,0,0.5,0,0,0,0,0.5,0.5,0,0,0,0,0,0,0,0,0,0,0,0,1.4,0,0.5,0,0,0,0,0,1.45,0,0,0,0,0,0,0,0,0,0,0,0,0,0,0.45,0,0,0,0.5,0,0,1.85,0,0,0,0,0.5,0.95,0,0,0,0,0,0,0,0,0
NWS17,Pre,122.99063,-12.24179,5,Turtle Patch,0,0,0.95,0.55,0,0.55,0,0,0,0,0,0,0,0,0,0,0,0,0,0,1.1,0,0,0,0,0,1.1,0,0,0,0,0,0,0,0,0,0,0.55,0,0,0.5,0,0,0,1.1,1.6,0,0.55,0,1.55,0,0,0,0,1.6,0,0,0,0,0,1.05,0,0,2.05,0,0,0,0,0,0,0,0,0,2.15,0,0,0,0,0,0.5,0,1.1,0,0,0,0,0,0,0,0,0,0,0,0,0,0,0,0,0,0,2.7,0,0,0.5,0.55,1.6,0,0,0,5.25,0,0,0,0,0,0,0,0,0
NWS18,Pre,122.98493,-12.24122,5,Busy Bommie,0,0,0,0,1,1,0.5,1.5,0,0,0,0,0,0,0,0,0.5,0,0,0,0.5,0,0,0,0,0,0,0,0,0.5,0,0,0,0,0,0,0,1.05,0,0,0.5,0,0,0,1,0,0,0,0,1.5,1.55,0,0,0,0.5,0,0,0,0,0,0,0,0,0,0,0,0,0.5,0,0,0,0,0,0.5,0,0,0,0,0,1.55,0,0,0,0,0,0,0,0,0,0,0.5,0,0,0,0,0,2.55,0,0,0,1.05,0,0,1,0,0,0,0,0,1,0,0,0,0,0,0,0,0,0
NWS19,Pre,122.98329,-12.24054,5,Grand Oculis Bommie,0,0,0,0,0,0.5,0,0.5,0,0,0,0,0,0,0,0,0,0,0,0,0,0,0,0,0,0,0,0,0,0.5,0,0,0,0,0,0,0,0.5,0,0,0,0,0,0,0,0.5,0,1,0,0.5,0.5,1,0,0,1,0,0,0,0,0,0,0,0,0,0,0,0,0,0,0,0,0,0,0,0,0.5,0,0,0,0,0,0,0,0,0,0,2.5,0,0,0,0,0,0,0,0,0,0.5,0,0,0,0.5,0,0,3.05,0,0,0,0,0,0.5,0,0,0,0,0,0,0,0,0
NWS20,Pre,123.00182,-12.24414,5,Flat's Edge,0,0,0,0,1,0.5,1,0,0,0,0,0,0,0,0,0,0,0,0,0,0,0,0,0,0,0,0,0,0,0,0,0,0,0,0,0,0,0,0,0,0,0,0,0,0,0,0,0,0,0,0,0,0,0,2.45,0,0,0,1.5,0,0,0,0,1,0.5,0,0,0,0,0,0,0,0,0,0,0,0,1,0,0,0,0,0,0,0,0,0,0,0,0,0,0,0,0,0,0,1,0,0,0,1,0,0,5.45,0,0,0,0,0,1.95,0,0,0,0,0,0,0,0,0
NWS21,Pre,122.99881,-12.24405,5,Hemiplage Bommie,0,0,0,0,0,0,0,0.5,0,0,0,0,0,0,0,0,0,0,0,0,0,0.5,1.45,0.95,0,0,0.5,0,0,0,0,0,0,0,0,0,0,0.5,0,0,0,0,0,0,1.5,0.5,0,0,0,0.5,0.5,0,0,0,1,0,0,0,0,0,0,0,0,7.75,0.5,0,0,0,0,0,0,1.9,0,0,0,0.5,0,0,0,0.5,0,0.95,0,0,0,0,0,0,0,0,0,0,0,0,0,0,0.5,0,0.5,0,3.85,0,0,0,1.45,0,0,0,0,0.5,0,0,0,0,0,0,0,0,0
NWS22,Pre,122.9864,-12.24109,5,Dotty Reef,0,0,0,0,1.5,0,0,2.45,0,0,0,0,0,0,0,0,0,0,0,0,0.5,0,0,0,0,0,0.5,0,0,0,0,0.5,0,0,0,0,0,6.75,0,0,0,0.5,0,0,0.5,0,0,0,0,0.5,0,0,0,0,0.5,0,0,0,0.5,0,0,0,0,1,0,0,0,0,0,0,0,0,0,1.55,0,0,0,0,0,0,0,0,0,0.5,0,0,0,0,0,0,1.55,0,0,0,0,0,0,0,0,0,0,0,0,0,1.05,0,0,0,0,3.1,0,0,0,0,0,0,0,0,0
NWS23,Pre,122.99001,-12.23384,5,Kuhlii Bommie,0,0,0,0,0,0,0,0,0,0,0,0,0,0,0,0,0,0,0,0,0,0.5,0,0,0,0,0.5,0,0,0,0,0,0,0,0,0,0,0,0,0,0,0,0,0,0.5,0,0,1,0,0,0,0,3.4,0,1.95,0,0,0,0,0,0,0,0,22.75,0,0,0,0,0,0,0,0,0,0,0,0.5,0,0.5,0,0,0,0.5,0,0,0,0,0,0,0,0,0.5,0,0,0,0,0,0,0,0,0,2.55,0,0,0,0,0,0,0,0,1.95,0,0,0,0,0,0,1,0,0
NWS24,Pre,122.98531,-12.24264,5,Reel Lost Bommie,0,0,0,0,1,0,13.9,0,0,0,0,0,0,0.55,0,0,0,0,0,0,0,0,0.45,0,0,0,0,0,0,0,0,0,0,0,0,0,0,0,0,0,0,0.45,0,0,0,0,0,0.45,0,1.65,0.45,0,0,0,0,0,0,0,0,0,0,0,0,0,0,0.55,0,0,0,0,0,0,0,0,0,0,0,0,0,0,0,1.65,0,0,0,0,0.55,10.55,0,0,0,0,0,0,0,0,0.45,0,0,0,3.2,0,0,0.55,2.2,0,0,0,0,0,0,0,0,0,0,0,0,0,0
NWS25,Pre,122.98643,-12.23989,5,Eviota Bommie,0,0,0,0,1,1,0,0,0,0,0,0,0,0,0,0,0,0,0,0,0,0,0,0,0,0,0,0,0,1,0,0,0,2,0,0,0,0,0,0,0,0,0,0,0,1,0,0,0,2,0,0,0,0,1,0,0,0,0,0,0,0,0,0,0,0,0,0,0,0,0,0,0,0,1,0,0,1,0,0,0,0,0,0,0,0,0,0,0,0,0,0,0,1,0,0,0,0,0,1,0,0,0,0,0,0,0,0,0,5,0,0,0,0,0,0,0,0,0
NWS26,Pre,121.99474,-13.62389,2,Seringapatam North,0,0,0,0,0.5,0.5,0,0,0,0,0,0,0,0,0,0,0,0,0,0,0,0,0,0,0,0,0,0,0,0,0,0,0.5,0,0,0,0,1,0,0,0,0,0,0,0,0,0,0,0,0,0,0,0,0,0,0,0,0,0,0,0,0,0,0,0,0,0,0,0,0,0,0,0,0,0,0,0,2.85,0,0.5,0,0,0,0,0,0,0,0,0,0,0,0,0,0,0,0,0,0,0,0,0,0,0,2.85,0.95,0,0,0,0,0.95,0,0,0,0,0.5,0,0,0,0
NWS27,Pre,121.96127,-14.07039,6,Election Day Reef,0,0,0,0,0,0,0,0,0,0,0,0,0,0,0,0,0,0,0,0,1.9,0,0,0,0,0,0,0,0,0,0,0,0,0,0,0,0,0,0,0,0,0,0,0,1,0,0,0,0,1,0,0,0,0,0,0,0,0,0,0,0,0,0,0,0,0,0,0,1,0,0,0,0,0,0,0,0,0,0,0,0,0,0,0,0,0,0,0,0,0,2.9,0,0,0,0,0,0,0,0,0,0,0,0,1,0,0,0,0,0,1.9,0,0,0,0,0,0,0,0,0
NWS28,Pre,121.94218,-14.1327,6,Consolation Bommie,0,0,0,0,0,0,0,0,0,0,0,0,0,0,0,0.4,0,0,0,0,0.5,0,0,0,0,0,0,0,0,0,0,0,0,0,0,0,0,0,0,0,0,0,0,0,0,0.5,0,0,0,0,0,0,0,0,0,0,0,0,0,0.5,0,0,0,0,0,0,0,0,0,0,0,0,0,0,0,0,0,0,0,0,0,0,0,0,0,0,0,0,0,0,0,0,0,0,0,0,0,0,0,0,0,0,0,0.5,0,0,0,0,0,0.8,0,0,0,0,0,0,0,0,0
NWS29,Pre,121.94546,-14.12668,6,Moray Bommie,0,0,0,0,0,0,0,0,0,0,0,0,0,0,0,0,0,0,0,0,0.5,0,0.5,0,0,0,0,0,0,0,0,0,0,0,0,0,0,0,0,0,0,0,0,0,0,0.5,0,0.5,0,0.5,0.5,0,0,0,0,0,0,0,0,0,0,0,0,0,0,0,0,0,0,0,0,0,0,0.95,0,0,0,0.5,0,0,0,0,0,0,0,0,0,0,0,0,0,0,0,0,0,0,0,0,0.5,0,0,0,0,0,0,0,0,0.5,0,0.5,0,0,0,0,0,0,0,0,0
NWS3,Pre,123.3878,-11.9719,7,Cardinal Shoal,0,0,0,0,0,0,0,0,0,0,0,0,0,0,0,0,0,0,0,0,0.5,0,0.5,0,0,0,0,0,0,0.5,0,0,0,0,0,0,0,0,0,0,0,0,0,0,0,0,0,0,0,0,0,0,0,0,0,0,0,0,2.5,0,0,0,0,0,0,0,0,0,0,0,0,0,0,0,0,1,0,0,0,0,0,0,0,0,0,0,0,0,0,0,0,0,0,0,0,0,0,0,0,0,0,0,0,2.5,0,0,0,0,0,0,0,0,0,0,0,0,0,0,0
NWS30,Pre,121.9589,-14.14184,6,Longnose Spur,0,0,0,0,0.9,0,0,0,0,0,0,0,0,0,0,0,0,0,0,0,0.45,0,0,0.95,0,0,0,0,0,0,0,0,0,0,0,0,0,0,0,0,0,0,0,0,0,0,0,0,0,0,0.45,0,0,0,0,0,0,0,0,0,0,0,0,0,0,0,0,0.45,0,0,0,0,0,0,0,0.45,0,0.45,0,0.45,0,0,0,0,0,0,0,0,0,0,1.85,0,0,0,0,0,0,0,0.95,0,0,0.45,0,8.8,0.9,0,0,0,0,0,0,0,0,0,0,0,0,0,0
NWS31,Pre,121.95693,-14.14383,7,Napoleon Reef,0,0,0,0,0,0,0,0,0,0,0,0,0,0,0,0,0,0,0,0,1,0,0,0,0,0,0,0,0,0,0,0,0,0,0,0,0,0,0,0,0,0,0,0,0,0,0,0,0,0,0,0,0,0,0,0,0,0,0,0,0,0,0,0,0,0,0,1,0,0,0,0,0,0,0,0,0,1,0,0,0,0,0,0,0,0,0,0,0,0,0,0,0,0,0,0,0,0,2,0,0,0,0,12.2,2,0,0,0,0,1,0,0,0,0,0,0,0,0,0
NWS32,Pre,121.96473,-14.10934,6,Goby Heaven,0,0,0,0,0,0,0,0,0,0,0,0,0,0,0,0.5,0,0,0,0,0,0,0,1,0,0,0,0,0,0,0,0.5,0,0,0,0,0,0,0,0,0,0,0,0,0,0,0,0,0,0,0.5,0,0,0,0,0,0,0,0,0,0,0,0,0,0,0,0,0,0,0,0,0,0,0,0,0,0,0,0,0,0,0,0,0,0,0,0,0,0,0,1.5,0,0,0,0,0,0,0,0,0,0,0,0,0,0,0,0,0,0,0,0,0,0,0,0,0,0,0,0
NWS33,Pre,121.95847,-14.05597,7,NE Passage,0,0,0,0,0,0,0,0,0,0,0,0,0,0,0,0.4,0,0,0,0,1.75,0,0,0,0,0,0,0,0,0,0,0,0,0,0,0,0,0,0,0,0,0.4,0,0,0,0,0,0,0,0,0,0,0,0,0,0,0,0,0,0,0,0,0,0,0,0,0,0,0.4,0,0,0,0,0,0,0,0,2.75,0,0,0,0,0,0,0,0,0,0,0,0,0.5,0,0,0,0,0,0,0,6.8,0,0,0,0,2.35,1,0,0,0,0,0.4,0,0,0,0,0,0,0,0,0
NWS34,Pre,121.9653,-14.06257,6,Table Tip,0,0,0,0,0,0,0,0,0,0,0,0,0,1.05,0,0,0,0,0,0,1.55,0,0,0,0,0,0,0,0,0,0,0,0,0,0,0,0,0,0,0,0,0,0,0,0,0,0,0,0,0,0,0,0,0,0,0,0,0,0,0,0,0,0,0,0,0,0,0,0,0,0,0,0,0,0,0,0,0,0,0.5,0,0,0,0,0,0,0,0,0,0,0,0,0,0,0,0,0,0,1.05,0,0,0,0,8.5,0,0,0,0,0,0,0,0,0,0,0,0,0,0,0
NWS35,Pre,121.95083,-14.0717,6,Ian's Anchorage,0,0,0,0,0,0,0,0,0,0,0,0,0,0.5,0,0,0,0,0,0,0.5,0,0,1,0,0,0,0,0,0.5,0,0.5,0,0,0,0,0,0,0,0,0,0.5,0,0,0,0,0,1.45,0,0.5,1,0,0,0,0,0,0,0,0,0,0,0,0,0,0,0,0,0,0,0,0,0,0,0.5,0,0,0,3.9,0,0,0,0,0,0,0,0,0,0,0,0,2.5,0,0,0,0,0,0,0,2.45,0,0,0,0,5.45,4.35,0,0,0,0,0,0,0,0,0,0,0,0,0,0
NWS36,Pre,121.78767,-14.0747,7,Fungiid Fields,0,0,0,0,1.55,0,0,0,0,0,0,0,0,0,0,0,0,0,0,0,0.95,0,0,0,0,0,0.95,0,0,0,0,0.5,0,0,0,0,0,0,0,0,0,0,0,0,0,16.2,0,0,0,0.5,0.5,0,0,0,0,0,0,0,0,0,0,0,0,0,0,0,0,0,0,0,0,0,0,0.5,0,0,0,0.5,0,0,0,0,0,0,0,0,0,0,0,0,4.5,0,0,0,0,0,0,0,0,0,0,0,0,0.5,0,0,0,0,0.5,2.95,0,0,0,0,0,0,0,0,0
NWS37,Pre,121.78072,-14.0453,6,Stake Edge,0,0,0,0,0.55,0,0,0,0,0,0,0,0,0,0,0,0,0,0,0,3.2,0,0.55,0.55,0,0,0,0,0,0,0,0,0,0,0,0,0,0,0,0,0,0,0,0,0,0,0,0,0,0.55,0,0,0,0,0,0,0,0,0,0,0,0,0,0,0,0,0,1.05,0,0,0,0,0,0,0,0,0,4.75,0,0,0,0,0,0,0,0,0,0,0,0,0.55,0,0,0,1.05,0,0,0,3.2,0,0,0,0,10.6,0,0,0,0,0,0,0,0,0,0,0,0,0,0,0
NWS38,Pre,121.77651,-14.06866,6,Chaetodontoides,0,0,0,0,1.5,0,0,0.5,0,0,0,0,0,0,0,0,0,0,0,0,0,0,0,0.5,0,0,0,0,0,0,0,0,0,0,0,0,0,0,0,0,0,0,0,0,0,0,0,0,0,0,0,0,0,0,0,0,0,0,0,0,0,0,0,0,0,0,0,0,0,0,0,0,0,0,0,0,0,4.5,0,0,0,0,0,0,0,0,0,0,0,0,0,0,0,0,0,0,0,0,0,0,0,0,0,4.5,0,0,0,0,0,0.5,0,0,0,0,0,0,0,0,0
NWS39,Pre,121.74816,-14.0828,6,Odonus Dropoff,0,0,0,0,0,0.5,0,0.5,0,0,0,0,0,0,0,0,0,0,0,0,0.5,0,0,0,0,0,0,0,0,0,0,0,0,0,0,0,0,0,0,0,0,0,0,0,0,0,0,0,0,0.5,0,0,0,0,0,0,0,0,0,0,0,0,0,0,0,0,0,0,0,0,0,0,0,0,0,0,0,6.5,0,0,0,0,0,0,0,0,0,0,0,0,0,0,0,0,0,0,0,0,0,0,0,0,0,0.5,0,0,0,0,0,0,0,0,0,0,0,0,0,0,0
NWS4,Pre,123.3794,-11.969,6,Titan Reef,0,0,0,0,0,0,0,0.45,0,0,0,0,0,0,0,0,0,0,0,0,0,0,0,0,0,0,0,0,0,0,0,0,0,0,0,0,0,0,0,0,0,0,0,0,0,0.5,0,0,0,0,0,0,0,0,0,0,0,0,0.45,0,0,0,0,0,0,0,0,0,0,0,0,0,0,0,0,0,0,0,0,0,0,0,0,0,0,0,0,0,0,0,0.45,0,0,0,0,0,0,0,0,0,0,0,0,0,0,0,0,0,0,1,0,0,0,0,0,0,0,0,0
NWS40,Pre,121.742,-14.0785,6,Stern Trawler Reef,0,0,0,0,1,0.5,0,0,0,0,0,0,0,0,0,0,0,0,0,0,0,0,0.5,0.95,0,0,0,0,0,0.5,0,0.5,0,0,0,0,0,0,0,0,0,0,0,0,0,0,0,0,0,0,0.5,0,0,0,0,0,0,0,4.05,0,0,0,0,0,0,0,0,0,0,0,0,0,0,0,0,0,0,0,0,0,0,0,0,0,0,0,0,0,0,0,0,0,0,0,0,0,0,0,1.45,0,0,0,0,6.4,1.05,0,0,0,0,1.05,0,0,0,0,0,0,0,0,0
NWS41,Pre,121.72068,-14.10823,7,Dead West,0,0,0,0,0.45,0,0,3.25,0,0,0,0,0,0,0,0,0,0,0,0,1.4,0,0.95,0.45,0,0,0,0,0,0,0,0,0,0,0,0,0,0,0,0,0,0,0,0,0,0,0,0,0,0,0.45,0,0,0,0,0,0,0,0,0,0,0,0,0,0,0,0,0,0,0,0,0,0,0,0,0.45,0,1.85,0,0,0,0,0,0,0,0,0,0,0,0,0,0,0,0,0,0,0,0,0.45,0,0,0,0,2.3,0,0,0,0,0,0,0,0,0,0,0,0,0,0,0
NWS5,Pre,123.38074,-11.97961,6,Hibernia Lagoon SE,0,0,0,0,0,0,0,0,0,0,0,0,0,0,0,0,0,0,0,0,0,0,0,0,0,0,0,0,0,0,0,0,0,0,0,0,0,0,0,0,0,1.9,0,0,0,0,0,0,0,0,0,0,0,0,0,0,0,0,0,0,0,0,0,0,0,0,0,0,0,0,0,0,0,0,0,1,0,0,0,0,0,0,0,0,0,0,0,0,0,0,0,0,0,0,0,0,0,0,0,0,0,0,0,0,0,0,0,0,0,1.9,0,0,0,0,0,0,0,0,0
NWS50,Pre,118.97,-17.6101,6,Imperieuse SE lagoon,0,0,0,0,0,0,0,0,0,0,0,0,0,0,0,0,0,0,0,0,0,0,0,0,0,0,0,0,0,0,0,0,0,0,0,0,0,0,0,0,0.95,0,0,0,0,0,0,0,0,1.45,0.5,0,0,0,0,0,0,0,0,0,0,0.45,0,0,0,0,0,2,0,0,0,0,0,0,0.5,0,0,0.5,0,0,0,0,0,0,0,0,0,0,0,0,0,0,0,0,0,0,0,0,0,0,0,0,0,2.4,0,0,0,0,0,0,0,0,0,0,0,0,0,0,0
NWS51,Pre,118.96364,-17.6089,6,Imperieuse West Lagoon,0,0,4.9,0,0,0,14.05,0,0,0,0,0,0,0,0,0,0,0,0,0,0,0,0,0,0,0,0,0,0,0,0,0,0,0,0,0,0,0,0,0,0,0,0,0,0,0,0,0,0,0,0,0,0.95,0,0,0,0,0,0,0,0,0,0,0.5,0,0,0,0,0,0,0,0,0,0,0,0,0,1.45,0,0,0,0,0,0.5,0,0,0,0,0,0,0,0,0,0,0,0,0,0,0,0,0,0,0,0,0,0,0,0,0,0,0,0,0,0,0,0,0,0,0
NWS53,Pre,118.96872,-17.579,6,Imperieuse SE reef top,0,0,0,0,1.45,0,1.9,0,0,0,0,0,0,0,0,0,0,0,0,0,0,0,0,0,0,0,0,0,0,0,0,0,0,0,0,0,0,2.4,0,0,0.95,0.5,0,0,0,0.45,0,1.85,0,2.35,0,0,0,0,0,0,0,0,0,0,1.4,0,0.5,8.1,0.5,0,0,0,0,0.5,0,0,0,0,0,0,0,2.4,0,0,0,0,0,0,0,0,0,0,0,0,0.45,0,0,0,0,0,0,0,0.45,0,0,0,0,0.5,0,0,0,0,0,0,0,0,0,0,0,0,0,0,0
NWS54,Pre,118.9369,-17.5804,6,Imperieuse east lagoon,0,0.5,0,0,0.9,3.65,0.5,0,0,0,0,0,0,0,0,0,0,0,0,0,0,0,0,0.5,0,0,0,0,0,0,0,0.5,0,0,0,0,0,0,0,0,0.9,0.4,0,0,1.25,0.4,0,0,0,5.4,0.4,0,0,0,0,0,0,0,0,0,0,0,0,0,0.5,0,0,0,0,0,0,0,0,0,0,0,0,0.4,0,0,0,0,0,0,0,0,0,0,0,0,0,0.5,0,2,0,0,0.4,0,0,0,0,0,0,1.25,0,0,0,0,0,0,0,0,0,0,0,0,0,0,0
NWS55,Pre,118.97193,-17.56991,6,Imperieuse East,0,1,0,0.5,4.9,3.45,0,0,0,0,0,0.95,0,0,0,0,0,0,0,0,0,0,0,0,0,0,0,0,0,0,0,0.5,0,0,0,0,0,1.5,0,0,0,1.5,0,0,1,0,0,0,1,0,1.45,0,0,0,0,0,0,0,0.5,0,0,0,0,0.5,3.45,0,0,0.5,0,0.5,0.5,0.5,0,0,0,9.55,0,5.35,0,0.5,0,0,0,0,0,0,1.5,0,0,0,8.8,0,0,0,0,0,0.5,0,1.45,0,0.5,0,0.5,4.55,1,0,0,0,0,0,0,0,0.5,0,0,0,0,0,0
NWS56,Pre,118.9747,-17.6102,7,Imperieuse Reef Rage,0.5,0,0,0,1.5,0.5,0,0,0,0,0,0,0,0,0,0,0,0,0,0,0,0,0,0,0,0,0,0,0,0,0,0,0,0,0,0,0,0,0,0,0.5,2.45,0,0,0,0,0,0.5,0.5,0.95,3.45,0,0,0,0,0,0,0,0,0,0,0,0,0,3.45,0,0,0,0.5,1.5,0,0,0,0,0,2.95,0,6.9,0,0,0,0,0,0,0,0,0,0,0,0,5.4,0,0,0,0,0,0,0.5,0.5,0,0,0,0,7.85,0,0,0,0,0,0,0,0,0.95,0.5,0,0,0,0.5,0
NWS57,Pre,118.9737,-17.548,7,Imperieuse edge,0,1,0,0,5.9,1.95,0,5.85,0,0,0,0,0,0,0,0,0,0,0,0,1.45,0,0,0,0,0,0,0,0,0.5,0,0,0,0,0,0,0,0,0,0,1,1.45,0.5,0,0,0,0,0,0,2,1.95,0,0,0,0,0,0,0,0,0,0,0,0,0.5,3.4,0,0,0,0,0,0,0,0,0,0,4.85,0,0.5,0,0.5,0,0,0,0,0,0,0,0,0,0,2.5,0,0,0,0,0,0,0,2.5,0,0,0.5,0,2.45,0,0,0,0,0,2,0,0,0,0,0,0,0,0,0
NWS58,Pre,118.9738,-17.5531,7,Rowley Shoals 3,0,0,0,0,6.35,1.5,0,1.95,0,0,0,0.5,0,0,0,0,0,0,0,0,1.9,0,0,0,0,0,0,0,0,0.5,0,0,0.95,0,0,0,0.5,0,0,0,0,1,0,0,0,0,0,0.5,0,0.5,0.5,0,0,0,0,0,0,0,0,0,0,0,0,0,3.35,0,0,0.95,0.95,0,0,0,0,0,0,4.8,0,0.5,0,0,0,0,0,0,0,0,0,0,0,0,8.15,0,0,0,0,0,0,0,2.9,0,0,0,0,7.7,0.5,0,0,0,0,0,0,0,0.5,0,0,0,0,0,0
NWS59,Pre,118.9668,-17.54732,6,Imperieuse lagoon bommie,0,0,0,0,1.95,0,4.8,0,2.4,0,0,0,0,0,0,0,0,0,0,0,0,0,0,0,0,0,0,0,0,0.5,0,0,0,0,0,0,0,0,0,0,0,0.5,0,0,0,1,0,0,0,0,0,0,0,0,0,0,0,0,0,0,0,0,0,2.4,0,0,0,0,0,0,0,0,0,0.5,0,0.5,0,0,0,0,0,0,0,0,0,0,0.5,0,0,0,2.9,0,0,0,0,0,0,0,0,0,2.45,0,0,0.5,0,0,0,0,0,0,0,0,0,0,0,0,0,0,0
NWS6,Pre,123.38116,-11.97448,6,Hibernia Lagoon SE2,0,0,0,0,0,0,1.95,0,0,0,0,0,0,0,0,0,0,0,0,0,0,0,0.5,0,0,0,0,0,0,0,0,0,0,0,0,0,0,0,0,0,0,0.5,0,0,0,0,0,0,0,0.5,0.5,0,0,0,0,0,0,0,0,0,0,0,0,0,0,0,0,0,0,0,0,0,0,0,0,0,0,0,0,0,0,0,0,0,0,0,0,0,0,0,0,0,0,0,0,0,0,0,0,0,1.45,0,0,2.4,0,0,0,0,0,0,0,0,0,0,0,0,0,0,0
NWS60,Pre,118.96884,-17.54749,6,Imperieuse 14,0,0,0,0,0,0,0,0,0,0,0,0,0,0,0,0,0,0,0,0,0,0,0,0,0,0,0,0,0,0,0,0,0,0,0,0,0,0,0,0,0,0,0,0,0,0,0,1.1,0,2.15,0,0,0,0,0,0,0,0,0,0,0.55,0,0,4.1,0.55,0,0,0,0,0,0,0,0,0,0,0.5,0,0.5,0,0,0,0,0,0,0,0,0,0,0,0,2.6,0,0,0,0,0,0,0,0,0,1.6,0.55,0,4.35,0.5,0,0,0,0,0,0,0,0,0,0,0,0,0,0
NWS61,Pre,118.9724,-17.5582,6,Imperieuse edge RS3-3,0,0,0,0.5,3.45,0.95,0,3.8,0,0,0,0,0.5,0,0,0,0,0,0,0,1.95,0,0,0,0,0,0,0,0,0.5,0,0,0.5,0,0,0,0,0,0,0,0.95,4.35,0.5,0,0.5,0,0,0,0,0.5,4.3,0,0,0,0,0,0,0,0,0,0,0,0,0,1,0,0,1,0,1,0,0,0,0,0,3.35,0,1.9,0,0,0,0,0,0,0,0,0,0,0,0,4.35,0,0,0.5,0,0,0,0,1.95,0,0,0.5,0,7.7,0.5,0,0,0,0,0,0,0,0.5,0,0,0,0,0,0
NWS62,Pre,118.96635,-17.50713,7,Imperieuse anchorage,0,0,0,0,2.7,0,0,0,0,0,0,0,0,0,0,0,0,0,0,0,1.8,0,0.9,0,0,0,0,0,0,0,0,0,2.8,0,0,0,0,0,0,0,0.9,0,0,0,0,0,0,0,0,0,3.7,0,0,0,0,0,0,0,0,0,0,0,0,0,1.8,0,0,0,0,0,0,0.9,0,0,0,4.6,0,0,0,0,0,0,0,0.9,0,0,0,0,0,0,1.8,0,0,0,0,0,0,0,3.6,0,0,0,0,3.7,0,0,0,0,0,0,0,0,0,0,0,0,0.9,0,0
NWS63,Pre,118.96276,-17.50218,6,Imperieuse north,0,0.5,0,0.5,7.25,2.9,0,1.95,0,0,0,0,0,0,0,0,0,0,0,0,1.45,0,0,0,0,0,0,0,0,0.5,0,0,0,0,0,0,0,0.5,0,0,0.95,1.95,0,0,0.5,0,0,0,0,1,0,0,0.5,0,0,0,0,0,0,0,0,0,0,0,1,0,0,0,0,0.5,0,0,0,0,0,1.9,0,2.4,0,0,0,0,0,0,0,0,0,0,0,0,0.5,0,0,0,0,0.5,0,0,2.4,0,0,0,0,1.45,0,0,0,0,0,0,0,0,0.5,0,0,0,0,0,0
NWS64,Pre,118.94214,-17.56045,6,Imperieuse north lagoon,0,0,0.5,2.95,0.5,0,32.05,0,0,0,0,0,0,0,0,0,0,0,0,0,0,0,0,0,0,0,0,0,0,0,0,0,0,0,0,5.4,0,1.45,0,0,0,0,0,0,0,1,0,0.5,0,0.5,0,0,0,0,0,0,0,0,0,0,0,0,0,2.45,0,0,0,0,0,0,0,0,0,0,0,0,0,0,0,0,0,0,0,0,0,0,0,0,0,0,0,0.5,0,0,0,0,0,0,0,0,0,0,0,0,0,0,0,0,0.5,0,0,0,0,0,0,0,0,0,0
NWS66,Pre,119.6539,-17.0764,7,Mermaid anchorage dropoff 1.3,0,0,0,0,3.95,0,0,1.9,0,0,0,0,0.5,0,4.05,0,0,0,0,0,0,0,0,0,0,0,0,0,0,0.5,0,0,0.5,0,0,0,0,1,0,0,0,0,0,0,0.5,0,0,0,0,0,0.5,0,0,0,0,0,0,0,0,0,0,0,0,0,0.95,0,0,0,0,0,0,1.5,0,0,0,0,0,6.75,0,0,0,0,0,0,0,0,0,0,0,0,0.5,0,0,0,0,0,0,0,5.55,0,0,0,0,4.5,0,0,0,0.5,0,0,0,0,0,0,0,0,0,0,0
NWS67,Pre,119.6455,-17.07374,6,Mermaid anchorage bommie,0,0.5,0,0,1.5,1,1,3.5,0,0,0,0,0,0,0,0.5,0,0,0,0,0,0,0,0,0,0,0,0,0,0,0,0,0,0,0,0,0,0,0,0,0,0.5,0,0,0,0,0,0,0,0,0,0,0,0,0,0,0,0,0,0,0,0,0,3,0,0,0,0,0.5,0,0,0,0,0,0,0,0,5.5,0,0,0,0,0,0,0,0,0,0,0,0,0,0,0,0,0,0,0,0,1,0,0,0,0,4.5,0,0,0,0,0,0,0,0,0,0,0,0,0,0,0
NWS68,Pre,119.64696,-17.06263,7,Mermaid S channel entrance,2.55,0,0,0,2,0,0,0,0,0,0,0,0,0,0,0,0,0,0,0,0,0,0,0,0,0,0,0,0,0.5,0,0,2.55,0,0,0,0,0,0,0,1.5,1,0,0,0,0,0,0,0.5,0.5,0,0,0,0,0,0,0,0,0,0,0,0,0,0,0,0,0,1.5,0,0,0,0,0,0,0,2,0,3,0,0,0,0,0,0,0,0.5,0,1.5,0,0,2,0,0,0,0,0,0,0,4.55,0,0,1.5,0,14.15,0,0,0,0,0,0,0,0,0,0,0,0,0,0,0
NWS69,Pre,119.6494,-17.0658,7,Mermaid anchorage dropoff 1.1,0,0,0,0,1.4,0,0,0.45,0,0,0,0,1.5,0,0,0,0,0,0,0,0,0,0,0,0,0,0,0,0,0.45,0,0.95,1.4,0,0,0,0,0.5,0,0,0,6.8,0,0,0,0,0,0,0,0.45,1.35,0,0,0,0,0,0,0,0,0,0,0,0,0,0.45,0,0,0,0,0,0,0.5,0,1,0,0.9,0,5.3,0,0.9,0,0,0,0,0,0,0,0,0,0,3.85,0,0,0,0,0,0,0,3.35,0,0,0,0,0.5,0,0,0,0,0,0,0,0,0,0,0,0,0,0,0
NWS7,Pre,123.3586,-11.9671,5,Big Fish Gulch,0,0,0,0,0,0,0,0,0,0,0,0,0,0,0,0,0,0,0,0,0,0,0,0.5,0,0,0,0,0,0,0,0,0,0,0,0,0,0,0,0,0,0,0,0,0,0,0,0,0,0,0,0,0,0,0,0,0,0,0,0,0,0,0,0,0,0,0,0,0,0,0,0,0,0,0,0,0,0,0,0,0,0,0,0,0,0,0,0,0,0,0,0,0,0,0,0,0,0,0.5,0,0,0.5,0,0.5,0,0,0,0,0,0,0,0,0,0,0,0,0,0,1
NWS71,Pre,119.6311,-17.15365,6,Mermaid S bommie,0,0.95,0,0,0,0,16.4,0,0,0,0,0,0,1,0,0.5,0,0,0,0,0,0,0,0,0,0,0,0,0,0,0,0,0,0,0,0,0,0,0,0,0,0,0,0,0,0.5,0,0,0,0.5,0,0,0,0,0.5,0,0,0,0,0,0,0,0,0.5,0,0,0,0,0,0,0,0,0,0,0,0,0,0,0,0,0,0,0,0,0,0,0,1.5,0,0,0,0,0,0,0,0,0,0,0,0,0,0,0,1,0,0,0,0,0.5,0,0,0,0,0,0,0,0,0,0
NWS72,Pre,119.64617,-17.0754,7,Mermaid Reef Lagoon Dragon,0,0,0,0,0,0,0,0,0,0,0,0,0,0,0,0,0,0,0,0,0,0,0,0,0,0,0,0,0,0,0,0,0,0,0,0,0,0,0,0,0,0,0,0,0,0,0,0,0,0,0,0,0,0,0,0,0,0,0,0,0,0,0,0,0,0,0,0,0.5,0,0,0,0,0,0,0,0,0,0,0,0,0,0,0,0,0,0,0,0,0,0.5,0,0,0,0,0,0,0,0,0,0,0,0,1.4,0.45,0,0,0,0,0,0,0,0,0,0,0,0,0,0
NWS73,Pre,119.64167,-17.06644,6,Mermaid channel mid bank,0,0,0,1.45,1.05,1.1,0,0.55,0,0,0,0,0,0,0,0,0,0,0,0,0.5,0,0,0,0,0,0.55,0,0,0,0,0.55,0,0,0,0,0,0,0,0,0,0.55,0,0,0,0,0,0.55,0,1.05,1.05,0,0,0,0,0,0,0,0.5,0,0,0,0,0,0,0,0,0.55,0,0,0,0,0,1.9,0,1.05,0,4.1,0,0,0,0,0,0,0,0,0,1.45,0,0,2.15,0,0,0,0,0,0,0,0.55,0,1.1,0,0,11.1,4.75,0,0,1.6,0,0,0,0,0,0,0,0,0,0,0
NWS74,Pre,119.64367,-17.06983,6,Mermaid Lagoon Reef Dragon Escape,0,0.5,0,0,2.55,1.55,0,0,0,0,0,0,0,0.5,0,0,0,0,0,0,0,0,0,0,0,0,0,0,0,0,0,0,0,0,0,0,0,0,0,0,1.05,0,0,0,0,0.5,0,0.5,0,2.05,0,0,0,0,0,0,0,0,0.5,0,0,0,0,3.05,0,0,0,0,0,0,0,0,0,0,0,0,0,4.05,0,2.05,0,0,0,0,0,0,0,0,0,0,0.5,0,0,0,0,0,0,0,0,0,0,0,0,4.05,0,0,0,0,0,0,0,0,0,0,0,0,0,0,0
NWS75,Pre,119.6148,-17.08687,6,Mermaid west lagoon,0,1.3,0,0,0.9,0,0,0,0,0,0,0,0,0.35,0,0,0,0,0.35,0,0,0,0,0.35,0,0,0,0,0,0,0,0.35,0,0,0,0,0,0,0,0,0,0,0,0,0,0,0,0,0,0,0,0,0,0,0,0,0,0,0,0.45,0,0,0,0,0,0,0,0,0,0,0,0,0,0,0,0,0,0.45,0,0,0,0,0,0,0,0,0,0,0,0,0,0,0,0.35,0,0,0,0,0,0,0.45,0,0,0,0,0,0,0,0.35,0,0.45,0,0,0,0,0,0,0,0
NWS76,Pre,119.63474,-17.11469,6,Mermaid central bommie,0,0.45,0,0,0.45,0,1.4,0,0,0,0,0,0,0,0,1.4,0,0,0,0,0,0,0,0,0,0,0.5,0,0,0,0,0,0,0,0,0,0,0,0,0,0,0,0,0,0.5,4.85,0,0,0,0,0,0,0,0,0,0,0,0,0,0,0,0,0,0,0,0,0,0,0,0,0,0,0,0,0,0.5,0,0,0,0,0,0,0,0,0,0,0,0,0,0,0,0,0,0,0,0,0,0,0,0,0,0,0,0,0,0,0,0,0,0,0,0,0,0,0,0,0,0,0
NWS77,Pre,119.64815,-17.06202,7,Mermaid Reef Cod Hole,0,0,0,3.1,3.1,0,0,0,0,0,0,0,1,0,0,1,0,0,0,0,1,0,0,0,0,0,0,0,0,0,0,0,5.1,0,0,0,0,0,0,0,0,0,0,0,0,1,0,0,0,0,0,0,0,0,0,0,0,0,0,0,0,0,0,0,0,0,0,0,0,1,0,4,0,0,0,1,0,4.1,0,0,0,0,0,0,0,1,4.1,0,0,0,6.1,0,0,0,0,0,0,0,1,0,0,0,0,2,9.2,0,0,0,0,1,0,0,1,0,0,0,0,0,0
NWS78,Pre,119.64027,-17.0666,6,Mermaid channel bommies,0,0,0,0,2,0,3,1,0,0,0,0,0,0,0,0,0,0,0,0,0,0,0,0,0,0,0,0,0,0,0,0,0,0,0,0,0,0,0,0,0,3,0,0,0,0,0,0,0,1,1,0,0,0,0,0,0,0,0,0,0,0,0,5.1,0,0,0,0,0,0,0,0,0,0,0,0,0,3,1,1,0,0,0,0,0,0,1,0,0,0,4,0,0,0,0,0,0,0,0,0,3,0,0,9.1,2,0,0,0,0,0,0,0,0,0,0,0,0,0,0
NWS79,Pre,119.6533,-17.0721,7,Mermaid dropoff 1.2,0,0,0,0,1.5,3.5,0,0.5,0,0,0,0,0,0,0,0,0,0,0,0,1,0,0,0,0,0,0,0,0,1.5,0,0.5,2.5,0,0,0,0.5,0,0,0,0,4.5,0,0,0.5,0,0,0.5,0,1,2.5,0,0,0,0,0,0,0,0,0,0,0,0,0.5,0,0,0,0,0,0,0,0,0,0,0,3.5,0,8.95,0,0.5,0,0,0,0,0,0,0,0,0,0,4.5,0,0,0,0,0,0,0,1,0,0,0,0,1,0,0,0,0,0,0,0.5,0,0,0,0,0,0,0,0
NWS8,Pre,123.36079,-11.97908,5,Hibernia Lagoon South,0,0,0,0,0,0,0,1.05,0,0,0,0,0,0,0,0,0,0,0,0,0,0,0,0.5,0,0,0,0,0,0,0.5,0.45,0,0,0,0,0,0,0,0,0.45,0,0,0,0,0.5,0,0,0,0,0,0,0,0,0,0,0,0,0,0,0,0,0,0.45,0,0,0,0,0,0,0,0,0,0,0,0,0,0,0,0,0,0,0,0,0,0,0,0,0,0,0,0,0,0,0,0,0,0,0,0,5.95,0,0,4.6,0,0,0,0,0,2.45,0,0,0,0,0,0,0,0,0
NWS80,Pre,119.65518,-17.08181,7,Mermaid Reef No Pygmy,0,0,0,0.5,2.8,1.55,0,0.5,0,0,0,0,0,0,0,0,0,0,0,0,0,0,0,0,0,0,0,0,0,0,0,0,6.4,0,0,0,0,0.45,0,0,0,2,0,0,0,0,0,0,0,3.05,2.5,0,0,0,0,0,0,0,0,0,0,0,0,1.05,0,0,0,0.95,0,0,0.45,0,0,0.5,0,2.5,0,5.85,0,0,0,0,0,0,0,0,0,0,0,0,2.3,0,0,0,0,0,0,0,3.9,0,0.45,0,0,3.9,0.45,0,0,0,0,0,0,0,0,0,0,0,0,0,0
NWS81,Pre,119.61792,-17.02767,7,Mermaid North M1,0,1,0,0,4.5,3.5,0,13.95,0,0,0,0,0,0,0,0,0,0,0,0,0.5,0,0,0,0,0,0,0,0,0,0,0.5,1,0,0,0,0,0.5,0,0,0,4.5,0,0,0,0,0,0,0,0,1.5,0,0,0,0,0,0,0,0,0,0,0,0,0,1,0,0,0,0,0,0,0,0,0,0,4,0,7,0,0.5,0,0,0,0,0,0,0,0.5,0,0,1.5,0,0,0,0,0.5,0,0,2,0,0,0,0,2,2,0,0,0,0,0,0,0,0,0,0,0,0,0,0
NWS82,Pre,119.5962,-17.0762,6,Mermaid west dropoff M4,0,0,0,0,3.9,8.4,0,0,0,0,0,0,0,0,0,0,0,0,0,0,0.5,0,0,0,0,0,0,0,0,0,0,0,0,0,0,0,0,0,0,0,0.5,0.5,0,0,0,0,0,0,0,0,1,0,0,0,0,0,0,0,0,0,0,0,0,0,0,0,0,0,0.5,0,0,0,0,0,0,0,0,6.95,0,0,0,0,0,0,0,0,0,0,0,0,1.95,0,0,0,0,0,0,0,2.5,0,0,0,0,0,0.5,0,0,0,0,0,0,0,0,0,0,0,0,0,0
NWS83,Pre,119.35201,-17.24607,7,Clerke North C1B,0,1,0,1.5,13,4,0.5,9,0,0,0,0,0,0,0,0.5,0,0,0,0,0,0,0,0,0,0,0,0,0,0.5,0,0.5,0,0,0,0,0,0,0,0,0,1.5,0,0,0,0,0,0.5,0,0,0,0,0,0,0,0,0,0,0,0,0,0,0,0,4,0,0,0.5,0,0,0,0,0,0,0,1.5,0,2.5,0,0.5,0,0,0,0,0,0,0,0,0,0,2,0,0,0,0,0,0,0,0.5,0,0,0,0,10,0,0,0,0,0,0.5,0,0,0,0,0,0,0,0,0
NWS84,Pre,119.34713,-17.24612,7,Clerke North Point,0,0,0,0,6.5,10.95,0,0.5,0,0,0,0,0,0,0,0,0,0,0,0,0,0,0,0,0,0,0,0,0,0,0.5,0.5,0,0,0,0,0,0,0,0,0,0,0,0,0,0,0,0.5,0,0,0,0,0,0,0,0,0,0,0,0,0,0,0,0.5,1,0,0,0.5,0,0,0,0,0,0,0,0,0,3.5,0,3,0,0,0,0,0,0,0,0,0,0,0.5,0,0,0,0,0,0,0,3,0,0,0,0,1,0,0,0,0,0,0,0,0,0,0,0,0,0,0,0
NWS86,Pre,119.35929,-17.2909,6,Clerke anchorage dropoff 2.1,0,0,0,1.45,4.5,1,0,2.5,0,0,0,0.5,0,0,0,0,0,0,0,0,0,0,0,0.5,0,0,0,0,0,0,0,1.45,3.4,0,0,0,0,0.5,0,0,0.5,0.95,0,0,1.5,0,0,0,0,0.5,2.95,0,0,0,0,0,0,0,0,0,0,0,0,4,2,0,0,0,0,0,0,0,0,0,0,5.4,0,3,0,0.5,0,0,0,0,0,0,0,0,0,0,8.4,0,0,0,0,0,0,0,2,0,0,0,0,1.5,6.95,0,0,0,0,0,0,0,1,0,0,0,0,0,0
NWS87,Pre,119.3769,-17.2843,6,Clerke Anchorage Dropoff 2.2,0,0,0,0,2.3,5.7,0,1.1,0,0,0,0,0,0,0,0,0,0,0,0,1.1,0,0,0,0,0,0,0,0,0,0,0,2.3,0,0,0,0,0,0,0,2.3,2.3,0,0,0,0,0,0,0,2.2,4.6,0,0,0,0,0,0,0,0,0,0,0,0,0,1.1,0,0,0,0,0,0,0,0,0,0,12.6,0,4.6,0,0,0,0,0,0,0,0,0,0,0,0,2.2,0,0,0,0,0,0,0,6.8,0,0,0,0,3.4,2.3,0,0,0,0,0,0,0,0,0,0,0,0,0,0
NWS88,Pre,119.3775,-17.288,6,Clerke anchorage dropoff 2.3,0,0,0,0,6.35,1,0.5,2.9,0,0,0,0.5,0,0,0,0,0,0,0,0,0.5,0,0,0,0,0,0,0,0,1.5,0,2,0,0,0,0,0,0,0,0,0,1.5,0,0,0,0,0,0,0,0.95,4.4,0,0,0,0,0,0,0,0,0,0,0,0,5.5,0.5,0,0,0,0,2,0,0.5,0,0.5,0,1.95,0,4.9,0,0,0,0,0,0,0,0,0,0,0,0,6.85,0,0,0,0,0,0,0,1.5,0,0,0.5,0,0,5.5,0,0,0,0,0,0,0,0.5,0,0,0,0,0,0
NWS89,Pre,119.36037,-17.25302,7,Blue lagoon,0,0,0,0,3.5,0.5,0,3.55,0,0,0,0,0,0,0,0,0,0,0,0,0,0,0,0,0,0,0,0,0,0,0,0,0,0,0,0,0,0,0,0,1.5,2,0,0,0,0,0,0,0.5,0.5,1,0,0,0,0,0,0,0,0,0,0,0,0,0,2.5,0,0,0,0,0,0,0,0,0,0,5,0,6,0.5,0.5,0,0,0,0,0,0,0,0,0,0,0.5,0,0,0,0,0,0,0,4.55,0,0,0,0,12.55,2.5,0,0,0,0,0,0,0,0,0,0,0,0,0,0
NWS9,Pre,123.3356,-11.9685,7,Spur and Groove Reef,0,0.5,0,0,0,0,0,0,0,0,0,0,0,0,0,0,0,0,0,0,0.5,0,0.5,0,0,0,0,0,0,0,0,0,0,0,0,0,0,0,0,0,0,0.5,0,0,0,0,0,0,0,0.5,0.5,0,0,0,0,0,0,0,0,0,0,0,0,0,0.5,0,0,0,0,0,0,0,0,0.5,0,0,0,0.5,0,0.5,0,0,0,0,0,0,0,0,0,0,0,0,0,0,0,0,0,0,0.5,0,0,0,0,2,0.5,0,0,0,0,0,0,0,0,0,0,0,0,0,0
NWS90,Pre,119.3724,-17.28632,6,Clerke Reef Snorkelling Paradise,0,0,0,2,2.9,1,17.25,0,0,0,0,0,0,0,0,0,0,0,0,0,0.5,0,0,0,0,0,0,0,0,0,0,0,0,0,0,0,0,0,0,0,0,0,0,0,0,0.5,0,0,0,0,0,0,0,0,0,0,0,0,0,0,0,0,0,19.4,0,0,0,0,0,0,0,0,0,0,0,0,0,0,0,0,0,0,0,0,0,0,0,0,0,0,0.5,0,0,0,0,0,0,0,0,0,0.5,0,0,0,0,0,0,0,0,0,0,0,0,0,0,0,0,0,0
NWS91,Pre,119.37301,-17.28312,6,Clerke NE C14,0,0.5,0.5,0.5,4.6,1.5,12.3,2.1,0,0,0,0,0,0,0,0,0,0,0,0,0,0,0,0,0,0,0,0,0,0,0,0,0,0,0,0,0,0,0,0,1,0,0,0,0,0,0,0.5,0,1.5,0.5,0,0,0,0,0,0,0,0,0,0,0,0,9.4,1.5,0,0,0,0,0,0,0,0,0.5,0,0,0,1,0,0.5,0,0,0,0,0,0,0,0,0,0,1.55,0,0,0,0,0,0,0,0,0,0.5,0,0,5.15,0,0,0,0,0,0,0,0,0,0,0,0,0,0,0
NWS92,Pre,119.37053,-17.28321,7,Clerke Reef Aquarium,0,0,2.45,0.5,1.45,0,1.45,0,0,0,0,0,0,0,0,0.95,0,0,0,0,0,0,0,0,0,0,1,0,0,0,0,0,0,0,0,0,0,1.45,0,0,0,0,0,0,0,1.9,0,0,0,0.5,0,0,0,0,0,0,0,0,0,0,0,0,0,0,0,0,0,0,0,0,0,0,0,0,0,0,0,2.4,0,0,0,0,0,0,0,0,0,0,0,0,2.9,0,0,0,0,0,0,0,0,0,14.5,0,0,0,2.9,0,0,0,0,2.4,0,0,0,0,0,0,0,0,0
NWS93,Pre,119.3423,-17.29772,6,Clerke west lagoon C26,0,0,0,0,0,0,18.2,0,0,0,0,0,0,0,0,0,0,0,0,0,0,0,0,0,0,0,0,0,0,0,0,0,0,0,0,0,0,0,0,0,0,0,0,0,0,0.9,0,0,0,0,0,0,0,0,0,0,0,0,0,0,0,0,0,0,0,0,0,0,0,0,0,0,0,0,0,0,0,0,0,0,0,0,0,0,0,0,0,0,0,0,0,0,0,0,0,0,0,0,0,0,0,0,0,2.7,1.8,0,0,0,0,0,0,0,0,0,0,0,0,0,0
NWS94,Pre,119.3675,-17.31065,6,Clerke west C12,0,0,0,0,0,0,15.7,0,0,0,0,0,0,0.9,0,0,0,0,0,0,0,0,0.9,0,0,0,0,0,0,0,0,0,0,0,0,1.7,0,0.9,0,0,0,0,0,0,0,0,0,0,0,0.9,0,0,0,0,0,0,0,0,0.9,0,0,0,0,0,0,0,0,0,0,0,0,0,0,0,0,0,0,0.9,0,0,0,0,0,0,0,0,0,0,0,0,0,0,0,0,0,0,0,0,0,0,0,0,0,0.9,0.9,0,0,0,0,0.9,0,0,0,0,0,0,0,0,0
NWS95,Pre,119.3675,-17.31065,6,Clerke lagoon bommie C13,0,0,6.65,0.5,1.5,0,4.6,0,0,0,0,0,0,1.55,0,0,0,0,0,0,0.5,0,0,0,0,0,0,0,0,0.5,0.5,0,0,0,0,0,0,0,0,0,0,0,0,0,0,1,0,0,0,1,0,0,0,0,0,0,0,0,0,0,0,0,0,0,0,0,0,0,0,0,0,0,0,0,0,0,0,4.6,0,3,0,0,0,0,0,0,0,0,0,0,0.5,0,0,1,0,0,0,0,0,0,0,0,0,0,0,0,0,0,0,0,0,0,0,0,0,0,0,0,0
NWS96,Pre,119.3605,-17.31882,6,South Lagoon bommie C21,0,0,0,1.15,1.55,0,7.1,0,0,0,0,0,0,0,0,0,0,0,0,0,0,0,0,0,0,0,0,0,0,0,0.4,0.4,0,0,0,1.15,0,0.5,0,0,0.4,0,0,0,0,0.5,0,0,0,0.5,0,0,0,0,0,0,0,0,0,0,0,0,0,0,0,0,0,0,0,0,0,0,0,0,0,0,0,0,0,1,0,0,0,0,0,0,0,0,0,0,0,0,0,0,0,0,0,0,0,0,0,0,0,0.8,0,0,0,0,0,0,0,0,0,0,0,0,0,0,0
NWS97,Pre,119.3675,-17.3155,6,Clerke south lagoon C25,0,0,0.35,1.8,0,0,16.9,0,0,0,0,0,0,0.35,0,0,0,0,0,0,0,0,0,0,0,0,0,0,0,0.5,0.35,0,0,0,0,0,0,0,0,0,0,0,0,0,0,0,0,0,0,0,0,0,0,0,0,0,0,0,0,0,0,0,0,0,0,0,0,0,0,0,0,0,0,0,0,0,0,2.05,0,0,0,0,0,0,0,0,0,0,0,0,0.7,0,0,0,0,0,0,0,0,0,0,0,0,0.35,0,0,0,0,0,0,0,0,0,0,0,0,0,0,0
NWS98,Pre,119.37064,-17.30694,6,Clerke lagoon east C20,0,0,2.05,2.05,1,0,21.5,0,0,0,0,0,0,0,0,0,0,0,0,0,0,0,0,0,0,0,0.5,0,0,0,0,0,0,0,0,0,0,0.5,0,0,0,0,0,0,0,0,0,0,0,2.05,0,0,0,0,0,0,0,0,0,0,0,0,0,0,0,0,0,0,0,0,0,0,0,0.5,0,0,0,2.6,0,1.05,0,0,0,0,0,0,1.05,3.55,0,0,0,0,0,0,0,0,0,0,0,0,0,0,0,0.5,0,0,0,0,0,0,0,0,0,0,0,0,0,0,0
NWS99,Pre,119.35929,-17.2909,6,Clerke lagoon NW bommie C29,0,0,1,0.5,5.5,0,7,0,0,0,0,0,0,0.5,0,0.5,0,0,0,0,0.5,0,0.5,1,0,0,0.5,0,0,0,0,0,0,0,0,0,0,0.5,0,0,0,0.5,0,0,0.5,0,0,0.5,0,4,1,0,0.5,0,0,0,0,0,0,0,0,0,0,0,0,0,0,0,0,0,0,0,0,0.5,0,2.5,0,0.5,0,1.5,0,0,0,0,0,0,0,0,0,0,0.5,0,0,2.5,0,0,0,0,0.5,0,0,0,0,0.5,0,0,0,0,0,2,0,0,0,0.5,0,0,0,0,0
WA83,Pre,123.05123,-16.43598,5,Bardi Hole  Cape Leveque,0,0,0,0,0,0,0,0,0,0,0,0,0,0,0,0,0,0.5,0,0,0,0,0,0,0,0,0,0,0,0,0,0,0,0,0,0,0,0,0,0.5,0.5,0,0,0,0,0,0,0,0,0,0,0,0,0,0.5,0,0,0,0,0.5,0,0,0,0,0,0,0,0,0,0,0,0,0,0.5,0,0,0.5,0.5,0.5,0,0,0.5,0,0,0,0,0,0,0,0,0,0,7.3,0,0,0,0.5,0,0,0,1.9,0,0,0,0.5,0,0,0,0,0,0,0,0,0,0,0,0,0,0
WA86,Pre,123.0338,-16.41926,5,Gundanin Headland,0,0,0,0,0,0,1.45,0,0,0,0,0,0,0,0,0,0,0,0,0,0,0,0,0.5,0,0,0,0,0,0,0,0,0,0,0,3.85,0,7.15,0,0,0,0,0,0,0,0,0,0,0,0,0,0,0,0,0,0,0,0,0,0.5,0,0,0,0,0,0,0,0,0,0,0,0,0,0,1.95,0.95,0,0,4.3,0.95,0,0,0,0,0,0,0,0,0,0,0,0,0,0,0,0,0,0,0,0,3.85,0,0,0,0,0,0,0,0,0,0,0,0.5,0,0,0,0,0,0
WA87,Pre,123.03509,-16.39654,7,One tree reef S,0,0,0,0,1.3,0,0,1.75,0,0,0,0.85,0,0,0,0,0,0,0,0,1.35,0.45,0,1.3,0,0,0,0,0,0.9,0,0,0,0.45,0,0,0,2.6,0,0,0,0.45,0.45,0,0,0,0,0,0,0,0,0,0,0,0,0,0,0,0,0,0.45,0.9,0.45,0,0,0,0,0.45,0,0,0,0,0,0.45,0,3.05,0,1.35,2.25,3.5,0,0,0,0,0,0,0,0,0,0,0,0,0,0,0,0,5,0,0,0,0,0.45,0,0,0,0,0,0,0,0,0,0,0,1.8,0,0,0.45,0,0