survey_id,site_code,site_name,latitude,longitude,survey_date,program,database,is_NESP_pre.post,survey_year
912342230,CS1,Long Reef West,-19.29696,152.23517,9/9/2012,RLS,Squidle+,Pre,2012
912342239,CS1,Long Reef West,-19.29696,152.23517,9/9/2012,RLS,Squidle+,Pre,2012
912346321,CS1,Long Reef West,-19.29696,152.23517,7/6/2016,RLS,Squidle+,Post,2016
912346333,CS1,Long Reef West,-19.29696,152.23517,7/6/2016,RLS,Squidle+,Post,2016
912347738,CS1,Long Reef West,-19.29696,152.23517,19/3/2017,RLS,Squidle+,Post,2017
912347739,CS1,Long Reef West,-19.29696,152.23517,19/3/2017,RLS,Squidle+,Post,2017
912342268,CS10,NE Herald Cay SW,-16.94777,149.18262,23/10/2012,RLS,Squidle+,Pre,2012
912342269,CS10,NE Herald Cay SW,-16.94777,149.18262,23/10/2012,RLS,Squidle+,Pre,2012
912347688,CS10,NE Herald Cay SW,-16.94777,149.18262,13/1/2017,RLS,Squidle+,Post,2017
912343250,CS101,Diamond Cay Islet,-17.41432,151.07258,16/6/2013,RLS,Squidle+,Pre,2013
912347636,CS101,Diamond Cay Islet,-17.41432,151.07258,18/11/2016,RLS,Squidle+,Post,2016
912347666,CS101,Diamond Cay Islet,-17.41432,151.07258,18/11/2016,RLS,Squidle+,Post,2016
912343252,CS102,East Diamond Islet NW,-17.41703,151.07128,16/6/2013,RLS,Squidle+,Pre,2013
912343253,CS102,East Diamond Islet NW,-17.41703,151.07128,16/6/2013,RLS,Squidle+,Pre,2013
912347637,CS102,East Diamond Islet NW,-17.41703,151.07128,18/11/2016,RLS,Squidle+,Post,2016
912347667,CS102,East Diamond Islet NW,-17.41703,151.07128,18/11/2016,RLS,Squidle+,Post,2016
912343254,CS103,East Diamond Islet lagoon,-17.43525,151.07027,17/6/2013,RLS,Squidle+,Pre,2013
912343255,CS103,East Diamond Islet lagoon,-17.43525,151.07027,17/6/2013,RLS,Squidle+,Pre,2013
912347634,CS103,East Diamond Islet lagoon,-17.43525,151.07027,16/11/2016,RLS,Squidle+,Post,2016
912347664,CS103,East Diamond Islet lagoon,-17.43525,151.07027,16/11/2016,RLS,Squidle+,Post,2016
912343256,CS104,East Diamond Islet Tower,-17.4347,151.07127,17/6/2013,RLS,Squidle+,Pre,2013
912347635,CS104,East Diamond Islet Tower,-17.4347,151.07127,16/11/2016,RLS,Squidle+,Post,2016
912342270,CS11,NE Herald Cay Central,-16.93653,149.19696,24/10/2012,RLS,Squidle+,Pre,2012
912342278,CS11,NE Herald Cay Central,-16.93653,149.19696,24/10/2012,RLS,Squidle+,Pre,2012
912347689,CS11,NE Herald Cay Central,-16.93653,149.19696,13/1/2017,RLS,Squidle+,Post,2017
912347716,CS11,NE Herald Cay Central,-16.93653,149.19696,13/1/2017,RLS,Squidle+,Post,2017
912343267,CS110,Tregrosse Outlier Reef Down,-17.71175,150.73692,18/6/2013,RLS,Squidle+,Pre,2013
912343268,CS110,Tregrosse Outlier Reef Down,-17.71175,150.73692,18/6/2013,RLS,Squidle+,Pre,2013
912347633,CS110,Tregrosse Outlier Reef Down,-17.71175,150.73692,15/11/2016,RLS,Squidle+,Post,2016
912347662,CS110,Tregrosse Outlier Reef Down,-17.71175,150.73692,15/11/2016,RLS,Squidle+,Post,2016
912343269,CS111,Tregrosse Outlier Reef,-17.71298,150.7345,18/6/2013,RLS,Squidle+,Pre,2013
912343270,CS111,Tregrosse Outlier Reef,-17.71298,150.7345,18/6/2013,RLS,Squidle+,Pre,2013
912347632,CS111,Tregrosse Outlier Reef,-17.71298,150.7345,15/11/2016,RLS,Squidle+,Post,2016
912347663,CS111,Tregrosse Outlier Reef,-17.71298,150.7345,15/11/2016,RLS,Squidle+,Post,2016
912343273,CS113,Tregosse Reef,-17.77473,150.63277,18/6/2013,RLS,Squidle+,Pre,2013
912343274,CS113,Tregosse Reef,-17.77473,150.63277,18/6/2013,RLS,Squidle+,Pre,2013
912347631,CS113,Tregosse Reef,-17.77473,150.63277,14/11/2016,RLS,Squidle+,Post,2016
912347661,CS113,Tregosse Reef,-17.77473,150.63277,14/11/2016,RLS,Squidle+,Post,2016
912342271,CS12,NE Herald Bommie,-16.93007,149.19332,25/10/2012,RLS,Squidle+,Pre,2012
912342279,CS12,NE Herald Bommie,-16.93007,149.19332,25/10/2012,RLS,Squidle+,Pre,2012
912347692,CS12,NE Herald Bommie,-16.93007,149.19332,15/1/2017,RLS,Squidle+,Post,2017
912347719,CS12,NE Herald Bommie,-16.93007,149.19332,15/1/2017,RLS,Squidle+,Post,2017
912343292,CS123,South Flinders Horseshoe NW,-17.82899,148.50514,29/6/2013,RLS,Squidle+,Pre,2013
912343293,CS123,South Flinders Horseshoe NW,-17.82899,148.50514,29/6/2013,RLS,Squidle+,Pre,2013
912347712,CS123,South Flinders Horseshoe NW,-17.82899,148.50514,24/1/2017,RLS,Squidle+,Post,2017
912347713,CS123,South Flinders Horseshoe NW,-17.82899,148.50514,24/1/2017,RLS,Squidle+,Post,2017
912343298,CS126,Flinders Ribbon Reef South Cay,-17.71666,148.43873,30/6/2013,RLS,Squidle+,Pre,2013
912343299,CS126,Flinders Ribbon Reef South Cay,-17.71666,148.43873,30/6/2013,RLS,Squidle+,Pre,2013
912347706,CS126,Flinders Ribbon Reef South Cay,-17.71666,148.43873,22/1/2017,RLS,Squidle+,Post,2017
912347731,CS126,Flinders Ribbon Reef South Cay,-17.71666,148.43873,22/1/2017,RLS,Squidle+,Post,2017
912343300,CS127,Flinders Ribbon Reef South Cay SW,-17.71505,148.4373,30/6/2013,RLS,Squidle+,Pre,2013
912343301,CS127,Flinders Ribbon Reef South Cay SW,-17.71505,148.4373,30/6/2013,RLS,Squidle+,Pre,2013
912347707,CS127,Flinders Ribbon Reef South Cay SW,-17.71505,148.4373,22/1/2017,RLS,Squidle+,Post,2017
912347732,CS127,Flinders Ribbon Reef South Cay SW,-17.71505,148.4373,22/1/2017,RLS,Squidle+,Post,2017
912343302,CS128,Flinders Cay Storm Bommie,-17.70575,148.4606,30/6/2013,RLS,Squidle+,Pre,2013
912343303,CS128,Flinders Cay Storm Bommie,-17.70575,148.4606,30/6/2013,RLS,Squidle+,Pre,2013
912347709,CS128,Flinders Cay Storm Bommie,-17.70575,148.4606,23/1/2017,RLS,Squidle+,Post,2017
912347730,CS128,Flinders Cay Storm Bommie,-17.70575,148.4606,23/1/2017,RLS,Squidle+,Post,2017
912343304,CS129,Flinders Ribbon Reef South Cay E bommie,-17.70304,148.46176,30/6/2013,RLS,Squidle+,Pre,2013
912343305,CS129,Flinders Ribbon Reef South Cay E bommie,-17.70304,148.46176,30/6/2013,RLS,Squidle+,Pre,2013
912347708,CS129,Flinders Ribbon Reef South Cay E bommie,-17.70304,148.46176,23/1/2017,RLS,Squidle+,Post,2017
912342272,CS13,NE Herald Back Reef,-16.92822,149.20228,25/10/2012,RLS,Squidle+,Pre,2012
912342280,CS13,NE Herald Back Reef,-16.92822,149.20228,25/10/2012,RLS,Squidle+,Pre,2012
912347691,CS13,NE Herald Back Reef,-16.92822,149.20228,14/1/2017,RLS,Squidle+,Post,2017
912347718,CS13,NE Herald Back Reef,-16.92822,149.20228,14/1/2017,RLS,Squidle+,Post,2017
912343306,CS130,Chilcott Islet bommie,-16.93133,149.999,1/7/2013,RLS,Squidle+,Pre,2013
912343307,CS130,Chilcott Islet bommie,-16.93133,149.999,1/7/2013,RLS,Squidle+,Pre,2013
912347697,CS130,Chilcott Islet bommie,-16.93133,149.999,17/1/2017,RLS,Squidle+,Post,2017
912347722,CS130,Chilcott Islet bommie,-16.93133,149.999,17/1/2017,RLS,Squidle+,Post,2017
912343308,CS131,Chilcott Islet Haven,-16.93012,150.00203,2/7/2013,RLS,Squidle+,Pre,2013
912343309,CS131,Chilcott Islet Haven,-16.93012,150.00203,2/7/2013,RLS,Squidle+,Pre,2013
912347695,CS131,Chilcott Islet Haven,-16.93012,150.00203,16/1/2017,RLS,Squidle+,Post,2017
912347696,CS131,Chilcott Islet Haven,-16.93012,150.00203,16/1/2017,RLS,Squidle+,Post,2017
912343310,CS132,Chilcott Islet SW inner reef,-16.93157,149.99043,2/7/2013,RLS,Squidle+,Pre,2013
912343311,CS132,Chilcott Islet SW inner reef,-16.93157,149.99043,2/7/2013,RLS,Squidle+,Pre,2013
912347698,CS132,Chilcott Islet SW inner reef,-16.93157,149.99043,17/1/2017,RLS,Squidle+,Post,2017
912347699,CS132,Chilcott Islet SW inner reef,-16.93157,149.99043,18/1/2017,RLS,Squidle+,Post,2017
912343324,CS139,Magdelaine Cay SW,-16.53378,150.26845,4/7/2013,RLS,Squidle+,Pre,2013
912343325,CS139,Magdelaine Cay SW,-16.53378,150.26845,4/7/2013,RLS,Squidle+,Pre,2013
912347640,CS139,Magdelaine Cay SW,-16.53378,150.26845,20/11/2016,RLS,Squidle+,Post,2016
912347670,CS139,Magdelaine Cay SW,-16.53378,150.26845,20/11/2016,RLS,Squidle+,Post,2016
912343326,CS140,Magdelaine Cay gulch,-16.53091,150.26973,4/7/2013,RLS,Squidle+,Pre,2013
912343327,CS140,Magdelaine Cay gulch,-16.53091,150.26973,4/7/2013,RLS,Squidle+,Pre,2013
912347641,CS140,Magdelaine Cay gulch,-16.53091,150.26973,20/11/2016,RLS,Squidle+,Post,2016
912347671,CS140,Magdelaine Cay gulch,-16.53091,150.26973,20/11/2016,RLS,Squidle+,Post,2016
912343328,CS141,Magdelaine Reef Cruise Ship,-16.52097,150.27712,4/7/2013,RLS,Squidle+,Pre,2013
912343329,CS141,Magdelaine Reef Cruise Ship,-16.52097,150.27712,4/7/2013,RLS,Squidle+,Pre,2013
912347638,CS141,Magdelaine Reef Cruise Ship,-16.52097,150.27712,19/11/2016,RLS,Squidle+,Post,2016
912347668,CS141,Magdelaine Reef Cruise Ship,-16.52097,150.27712,19/11/2016,RLS,Squidle+,Post,2016
912343332,CS143,South Willis islet south,-16.29907,149.96294,5/5/2013,RLS,Squidle+,Pre,2013
912343333,CS143,South Willis islet south,-16.29907,149.96294,5/5/2013,RLS,Squidle+,Pre,2013
912347644,CS143,South Willis islet south,-16.29907,149.96294,22/11/2016,RLS,Squidle+,Post,2016
912347674,CS143,South Willis islet south,-16.29907,149.96294,22/11/2016,RLS,Squidle+,Post,2016
912343334,CS144,Willis Islet Dark Wall,-16.28601,149.95958,5/7/2013,RLS,Squidle+,Pre,2013
912343335,CS144,Willis Islet Dark Wall,-16.28601,149.95958,5/7/2013,RLS,Squidle+,Pre,2013
912347642,CS144,Willis Islet Dark Wall,-16.28601,149.95958,21/11/2016,RLS,Squidle+,Post,2016
912347673,CS144,Willis Islet Dark Wall,-16.28601,149.95958,21/11/2016,RLS,Squidle+,Post,2016
912343336,CS145,South Willis islet anchorage bommie,-16.2927,149.96138,5/5/2013,RLS,Squidle+,Pre,2013
912343337,CS145,South Willis islet anchorage bommie,-16.2927,149.96138,5/5/2013,RLS,Squidle+,Pre,2013
912347643,CS145,South Willis islet anchorage bommie,-16.2927,149.96138,21/11/2016,RLS,Squidle+,Post,2016
912347672,CS145,South Willis islet anchorage bommie,-16.2927,149.96138,21/11/2016,RLS,Squidle+,Post,2016
912343338,CS146,Holmes South Cay Inner Reef,-16.49974,147.84345,6/7/2013,RLS,Squidle+,Pre,2013
912343339,CS146,Holmes South Cay Inner Reef,-16.49974,147.84345,6/7/2013,RLS,Squidle+,Pre,2013
912347648,CS146,Holmes South Cay Inner Reef,-16.49974,147.84345,24/11/2016,RLS,Squidle+,Post,2016
912347678,CS146,Holmes South Cay Inner Reef,-16.49974,147.84345,24/11/2016,RLS,Squidle+,Post,2016
912343340,CS147,Holmes Reef Cay Buoy Wall,-16.51274,147.84033,6/7/2013,RLS,Squidle+,Pre,2013
912343341,CS147,Holmes Reef Cay Buoy Wall,-16.51274,147.84033,6/7/2013,RLS,Squidle+,Pre,2013
912347645,CS147,Holmes Reef Cay Buoy Wall,-16.51274,147.84033,23/11/2016,RLS,Squidle+,Post,2016
912347675,CS147,Holmes Reef Cay Buoy Wall,-16.51274,147.84033,23/11/2016,RLS,Squidle+,Post,2016
912343342,CS148,Holmes South Cay South Reef,-16.50813,147.84016,7/7/2013,RLS,Squidle+,Pre,2013
912343343,CS148,Holmes South Cay South Reef,-16.50813,147.84016,7/7/2013,RLS,Squidle+,Pre,2013
912347647,CS148,Holmes South Cay South Reef,-16.50813,147.84016,24/11/2016,RLS,Squidle+,Post,2016
912347677,CS148,Holmes South Cay South Reef,-16.50813,147.84016,24/11/2016,RLS,Squidle+,Post,2016
912343344,CS149,Holmes South Cay South Inner Reef,-16.50487,147.84137,7/7/2013,RLS,Squidle+,Pre,2013
912343345,CS149,Holmes South Cay South Inner Reef,-16.50487,147.84137,7/7/2013,RLS,Squidle+,Pre,2013
912347646,CS149,Holmes South Cay South Inner Reef,-16.50487,147.84137,23/11/2016,RLS,Squidle+,Post,2016
912347676,CS149,Holmes South Cay South Inner Reef,-16.50487,147.84137,23/11/2016,RLS,Squidle+,Post,2016
912342274,CS15,Chilcott Bommie,-16.92247,150.00647,27/10/2012,RLS,Squidle+,Pre,2012
912342283,CS15,Chilcott Bommie,-16.92247,150.00647,27/10/2012,RLS,Squidle+,Pre,2012
912347702,CS15,Chilcott Bommie,-16.92247,150.00647,19/1/2017,RLS,Squidle+,Post,2017
912347725,CS15,Chilcott Bommie,-16.92247,150.00647,19/1/2017,RLS,Squidle+,Post,2017
912343346,CS150,Holmes Reef South Cay Swim through,-16.49493,147.84932,7/7/2013,RLS,Squidle+,Pre,2013
912343347,CS150,Holmes Reef South Cay Swim through,-16.49493,147.84932,7/7/2013,RLS,Squidle+,Pre,2013
912347649,CS150,Holmes Reef South Cay Swim through,-16.49493,147.84932,25/11/2016,RLS,Squidle+,Post,2016
912347679,CS150,Holmes Reef South Cay Swim through,-16.49493,147.84932,25/11/2016,RLS,Squidle+,Post,2016
912343348,CS151,Holmes N Cay anchorage,-16.47592,147.86608,9/7/2013,RLS,Squidle+,Pre,2013
912343349,CS151,Holmes N Cay anchorage,-16.47592,147.86608,9/7/2013,RLS,Squidle+,Pre,2013
912347650,CS151,Holmes N Cay anchorage,-16.47592,147.86608,25/11/2016,RLS,Squidle+,Post,2016
912347680,CS151,Holmes N Cay anchorage,-16.47592,147.86608,25/11/2016,RLS,Squidle+,Post,2016
912343407,CS153,Inner Osprey East,-13.85535,146.62455,19/7/2013,RLS,Squidle+,Pre,2013
912343408,CS153,Inner Osprey East,-13.85535,146.62455,19/7/2013,RLS,Squidle+,Pre,2013
912346793,CS153,Inner Osprey East,-13.85535,146.62455,5/12/2016,RLS,Squidle+,Post,2016
912346794,CS153,Inner Osprey East,-13.85535,146.62455,5/12/2016,RLS,Squidle+,Post,2016
912343410,CS155,Osprey Pass South,-13.8914,146.55312,20/7/2013,RLS,Squidle+,Pre,2013
912343411,CS155,Osprey Pass South,-13.8914,146.55312,20/7/2013,RLS,Squidle+,Pre,2013
912346781,CS155,Osprey Pass South,-13.8914,146.55312,3/12/2016,RLS,Squidle+,Post,2016
912346782,CS155,Osprey Pass South,-13.8914,146.55312,3/12/2016,RLS,Squidle+,Post,2016
912343414,CS156,Osprey Pass,-13.88295,146.56243,20/7/2013,RLS,Squidle+,Pre,2013
912346801,CS156,Osprey Pass,-13.88295,146.56243,6/12/2016,RLS,Squidle+,Post,2016
912346802,CS156,Osprey Pass,-13.88295,146.56243,6/12/2016,RLS,Squidle+,Post,2016
912343415,CS157,Osprey Pass Channel,-13.8954,146.5576,20/7/2013,RLS,Squidle+,Pre,2013
912343416,CS157,Osprey Pass Channel,-13.8954,146.5576,20/7/2013,RLS,Squidle+,Pre,2013
912346779,CS157,Osprey Pass Channel,-13.8954,146.5576,3/12/2016,RLS,Squidle+,Post,2016
912346780,CS157,Osprey Pass Channel,-13.8954,146.5576,3/12/2016,RLS,Squidle+,Post,2016
912343417,CS158,Osprey Castle,-13.87003,146.57765,21/7/2013,RLS,Squidle+,Pre,2013
912343418,CS158,Osprey Castle,-13.87003,146.57765,21/7/2013,RLS,Squidle+,Pre,2013
912346795,CS158,Osprey Castle,-13.87003,146.57765,5/12/2016,RLS,Squidle+,Post,2016
912346796,CS158,Osprey Castle,-13.87003,146.57765,5/12/2016,RLS,Squidle+,Post,2016
912342275,CS16,Chilcott NE,-16.92251,150.01143,27/10/2012,RLS,Squidle+,Pre,2012
912342281,CS16,Chilcott NE,-16.92251,150.01143,27/10/2012,RLS,Squidle+,Pre,2012
912347701,CS16,Chilcott NE,-16.92251,150.01143,18/1/2017,RLS,Squidle+,Post,2017
912347724,CS16,Chilcott NE,-16.92251,150.01143,18/1/2017,RLS,Squidle+,Post,2017
912342276,CS17,SW South West Islet,-16.97162,149.90476,28/10/2012,RLS,Squidle+,Pre,2012
912342284,CS17,SW South West Islet,-16.97162,149.90476,28/10/2012,RLS,Squidle+,Pre,2012
912347705,CS17,SW South West Islet,-16.97162,149.90476,20/1/2017,RLS,Squidle+,Post,2017
912347728,CS17,SW South West Islet,-16.97162,149.90476,20/1/2017,RLS,Squidle+,Post,2017
912345442,CS171,Bougainville Reef southwest,-15.48855,147.0903,14/7/2015,RLS,Squidle+,Pre,2015
912345443,CS171,Bougainville Reef southwest,-15.48855,147.0903,14/7/2015,RLS,Squidle+,Pre,2015
912346769,CS171,Bougainville Reef southwest,-15.48855,147.0903,1/12/2016,RLS,Squidle+,Post,2016
912346770,CS171,Bougainville Reef southwest,-15.48855,147.0903,1/12/2016,RLS,Squidle+,Post,2016
912345444,CS172,Bougainville Reef W central,-15.48253,147.0993,14/7/2015,RLS,Squidle+,Pre,2015
912345445,CS172,Bougainville Reef W central,-15.48253,147.0993,14/7/2015,RLS,Squidle+,Pre,2015
912346771,CS172,Bougainville Reef W central,-15.48253,147.0993,2/12/2016,RLS,Squidle+,Post,2016
912346772,CS172,Bougainville Reef W central,-15.48253,147.0993,2/12/2016,RLS,Squidle+,Post,2016
912345446,CS173,Bougainville Reef lagoon,-15.48885,147.10716,15/7/2015,RLS,Squidle+,Pre,2015
912345447,CS173,Bougainville Reef lagoon,-15.48885,147.10716,15/7/2015,RLS,Squidle+,Pre,2015
912346775,CS173,Bougainville Reef lagoon,-15.48885,147.10716,2/12/2016,RLS,Squidle+,Post,2016
912346776,CS173,Bougainville Reef lagoon,-15.48885,147.10716,2/12/2016,RLS,Squidle+,Post,2016
912345468,CS174,Bougainville Reef Lagoon East,-15.48433,147.10759,15/7/2015,RLS,Squidle+,Pre,2015
912345478,CS174,Bougainville Reef Lagoon East,-15.48433,147.10759,15/7/2015,RLS,Squidle+,Pre,2015
912346777,CS174,Bougainville Reef Lagoon East,-15.48433,147.10759,2/12/2016,RLS,Squidle+,Post,2016
912346778,CS174,Bougainville Reef Lagoon East,-15.48433,147.10759,2/12/2016,RLS,Squidle+,Post,2016
912345450,CS175,Bougainville Reef point,-15.4908,147.08723,15/7/2015,RLS,Squidle+,Pre,2015
912345451,CS175,Bougainville Reef point,-15.4908,147.08723,15/7/2015,RLS,Squidle+,Pre,2015
912346767,CS175,Bougainville Reef point,-15.4908,147.08723,1/12/2016,RLS,Squidle+,Post,2016
912346768,CS175,Bougainville Reef point,-15.4908,147.08723,1/12/2016,RLS,Squidle+,Post,2016
912345452,CS176,Bougainville Reef inlet,-15.48135,147.10453,15/7/2015,RLS,Squidle+,Pre,2015
912345453,CS176,Bougainville Reef inlet,-15.48135,147.10453,15/7/2015,RLS,Squidle+,Pre,2015
912346773,CS176,Bougainville Reef inlet,-15.48135,147.10453,2/12/2016,RLS,Squidle+,Post,2016
912346774,CS176,Bougainville Reef inlet,-15.48135,147.10453,2/12/2016,RLS,Squidle+,Post,2016
912345472,CS177,Osprey Reef Lagoon South,-13.98559,146.69139,21/7/2015,RLS,Squidle+,Pre,2015
912345481,CS177,Osprey Reef Lagoon South,-13.98559,146.69139,21/7/2015,RLS,Squidle+,Pre,2015
912346787,CS177,Osprey Reef Lagoon South,-13.98559,146.69139,4/12/2016,RLS,Squidle+,Post,2016
912346788,CS177,Osprey Reef Lagoon South,-13.98559,146.69139,4/12/2016,RLS,Squidle+,Post,2016
912345440,CS178,Osprey South reef flat,-13.99381,146.69067,21/7/2015,RLS,Squidle+,Pre,2015
912345441,CS178,Osprey South reef flat,-13.99381,146.69067,21/7/2015,RLS,Squidle+,Pre,2015
912346789,CS178,Osprey South reef flat,-13.99381,146.69067,4/12/2016,RLS,Squidle+,Post,2016
912346790,CS178,Osprey South reef flat,-13.99381,146.69067,4/12/2016,RLS,Squidle+,Post,2016
912345448,CS179,Osprey south bommie,-13.97563,146.67549,22/7/2015,RLS,Squidle+,Pre,2015
912345449,CS179,Osprey south bommie,-13.97563,146.67549,22/7/2015,RLS,Squidle+,Pre,2015
912346783,CS179,Osprey south bommie,-13.97563,146.67549,4/12/2016,RLS,Squidle+,Post,2016
912346784,CS179,Osprey south bommie,-13.97563,146.67549,4/12/2016,RLS,Squidle+,Post,2016
912342277,CS18,South West Islet Bommie,-16.96134,149.90547,28/10/2012,RLS,Squidle+,Pre,2012
912342285,CS18,South West Islet Bommie,-16.96134,149.90547,28/10/2012,RLS,Squidle+,Pre,2012
912347704,CS18,South West Islet Bommie,-16.96134,149.90547,20/1/2017,RLS,Squidle+,Post,2017
912347727,CS18,South West Islet Bommie,-16.96134,149.90547,20/1/2017,RLS,Squidle+,Post,2017
912345473,CS180,Osprey S W Bommie,-13.96688,146.66721,22/7/2015,RLS,Squidle+,Pre,2015
912345482,CS180,Osprey S W Bommie,-13.96688,146.66721,22/7/2015,RLS,Squidle+,Pre,2015
912346785,CS180,Osprey S W Bommie,-13.96688,146.66721,4/12/2016,RLS,Squidle+,Post,2016
912346786,CS180,Osprey S W Bommie,-13.96688,146.66721,4/12/2016,RLS,Squidle+,Post,2016
912345474,CS181,Osprey S E Lagoon,-13.96617,146.6806,22/7/2015,RLS,Squidle+,Pre,2015
912345483,CS181,Osprey S E Lagoon,-13.96617,146.6806,22/7/2015,RLS,Squidle+,Pre,2015
912346797,CS181,Osprey S E Lagoon,-13.96617,146.6806,5/12/2016,RLS,Squidle+,Post,2016
912346798,CS181,Osprey S E Lagoon,-13.96617,146.6806,5/12/2016,RLS,Squidle+,Post,2016
912345456,CS182,Osprey Lagoon entrance bommie,-13.89028,146.57249,23/7/2015,RLS,Squidle+,Pre,2015
912345457,CS182,Osprey Lagoon entrance bommie,-13.89028,146.57249,23/7/2015,RLS,Squidle+,Pre,2015
912346803,CS182,Osprey Lagoon entrance bommie,-13.89028,146.57249,6/12/2016,RLS,Squidle+,Post,2016
912346804,CS182,Osprey Lagoon entrance bommie,-13.89028,146.57249,6/12/2016,RLS,Squidle+,Post,2016
912345475,CS183,Osprey Lagoon Entrance NW Bommie,-13.88715,146.56733,23/7/2015,RLS,Squidle+,Pre,2015
912345484,CS183,Osprey Lagoon Entrance NW Bommie,-13.88715,146.56733,23/7/2015,RLS,Squidle+,Pre,2015
912346799,CS183,Osprey Lagoon Entrance NW Bommie,-13.88715,146.56733,6/12/2016,RLS,Squidle+,Post,2016
912346800,CS183,Osprey Lagoon Entrance NW Bommie,-13.88715,146.56733,6/12/2016,RLS,Squidle+,Post,2016
912345461,CS184,Osprey Reef North Horn,-13.80117,146.54613,23/7/2015,RLS,Squidle+,Pre,2015
912345485,CS184,Osprey Reef North Horn,-13.80117,146.54613,23/7/2015,RLS,Squidle+,Pre,2015
912346805,CS184,Osprey Reef North Horn,-13.80117,146.54613,6/12/2016,RLS,Squidle+,Post,2016
912345516,CS185,Ashmore reef lagoon South,-10.44533,144.44918,30/7/2015,RLS,Squidle+,Pre,2015
912345517,CS185,Ashmore reef lagoon South,-10.44533,144.44918,30/7/2015,RLS,Squidle+,Pre,2015
912346830,CS185,Ashmore reef lagoon South,-10.44533,144.44918,12/12/2016,RLS,Squidle+,Post,2016
912346831,CS185,Ashmore reef lagoon South,-10.44533,144.44918,12/12/2016,RLS,Squidle+,Post,2016
912345494,CS186,Ashmore South bommie,-10.43422,144.45243,31/7/2015,RLS,Squidle+,Pre,2015
912345495,CS186,Ashmore South bommie,-10.43422,144.45243,31/7/2015,RLS,Squidle+,Pre,2015
912346824,CS186,Ashmore South bommie,-10.43422,144.45243,11/12/2016,RLS,Squidle+,Post,2016
912346825,CS186,Ashmore South bommie,-10.43422,144.45243,11/12/2016,RLS,Squidle+,Post,2016
912345496,CS187,Ashmore South lagoon shore,-10.44136,144.45293,31/7/2015,RLS,Squidle+,Pre,2015
912345497,CS187,Ashmore South lagoon shore,-10.44136,144.45293,31/7/2015,RLS,Squidle+,Pre,2015
912346822,CS187,Ashmore South lagoon shore,-10.44136,144.45293,11/12/2016,RLS,Squidle+,Post,2016
912346823,CS187,Ashmore South lagoon shore,-10.44136,144.45293,11/12/2016,RLS,Squidle+,Post,2016
912345523,CS188,Ashmore Rf Lagoon Bommie SW,-10.44121,144.43016,31/7/2015,RLS,Squidle+,Pre,2015
912345532,CS188,Ashmore Rf Lagoon Bommie SW,-10.44121,144.43016,31/7/2015,RLS,Squidle+,Pre,2015
912346826,CS188,Ashmore Rf Lagoon Bommie SW,-10.44121,144.43016,12/12/2016,RLS,Squidle+,Post,2016
912346827,CS188,Ashmore Rf Lagoon Bommie SW,-10.44121,144.43016,12/12/2016,RLS,Squidle+,Post,2016
912345524,CS189,Ashmore Rf Lagoon SW,-10.44697,144.43347,31/7/2015,RLS,Squidle+,Pre,2015
912345533,CS189,Ashmore Rf Lagoon SW,-10.44697,144.43347,31/7/2015,RLS,Squidle+,Pre,2015
912346828,CS189,Ashmore Rf Lagoon SW,-10.44697,144.43347,12/12/2016,RLS,Squidle+,Post,2016
912346829,CS189,Ashmore Rf Lagoon SW,-10.44697,144.43347,12/12/2016,RLS,Squidle+,Post,2016
912345498,CS190,Ashmore Reef lagoon east entrance,-10.29918,144.5215,1/8/2015,RLS,Squidle+,Pre,2015
912345515,CS190,Ashmore Reef lagoon east entrance,-10.29918,144.5215,1/8/2015,RLS,Squidle+,Pre,2015
912346834,CS190,Ashmore Reef lagoon east entrance,-10.29918,144.5215,13/12/2016,RLS,Squidle+,Post,2016
912346835,CS190,Ashmore Reef lagoon east entrance,-10.29918,144.5215,13/12/2016,RLS,Squidle+,Post,2016
912345534,CS191,Ashmore Rf Lagoon East Bommie,-10.37448,144.53391,1/8/2015,RLS,Squidle+,Pre,2015
912346832,CS191,Ashmore Rf Lagoon East Bommie,-10.37448,144.53391,12/12/2016,RLS,Squidle+,Post,2016
912346833,CS191,Ashmore Rf Lagoon East Bommie,-10.37448,144.53391,12/12/2016,RLS,Squidle+,Post,2016
912345526,CS193,Boot Rf Wall,-10.03875,144.69198,2/8/2015,RLS,Squidle+,Pre,2015
912345535,CS193,Boot Rf Wall,-10.03875,144.69198,2/8/2015,RLS,Squidle+,Pre,2015
912346847,CS193,Boot Rf Wall,-10.03875,144.69198,15/12/2016,RLS,Squidle+,Post,2016
912346848,CS193,Boot Rf Wall,-10.03875,144.69198,15/12/2016,RLS,Squidle+,Post,2016
912345503,CS195,Ashmore North East Entrance,-10.21767,144.5954,3/8/2015,RLS,Squidle+,Pre,2015
912345504,CS195,Ashmore North East Entrance,-10.21767,144.5954,3/8/2015,RLS,Squidle+,Pre,2015
912346838,CS195,Ashmore North East Entrance,-10.21767,144.5954,13/12/2016,RLS,Squidle+,Post,2016
912346839,CS195,Ashmore North East Entrance,-10.21767,144.5954,13/12/2016,RLS,Squidle+,Post,2016
912345527,CS197,Ashmore NE Bommie,-10.22733,144.58955,3/8/2015,RLS,Squidle+,Pre,2015
912345536,CS197,Ashmore NE Bommie,-10.22733,144.58955,3/8/2015,RLS,Squidle+,Pre,2015
912346840,CS197,Ashmore NE Bommie,-10.22733,144.58955,13/12/2016,RLS,Squidle+,Post,2016
912346841,CS197,Ashmore NE Bommie,-10.22733,144.58955,13/12/2016,RLS,Squidle+,Post,2016
912345528,CS198,Ashmore NE Lagoon,-10.23257,144.58684,3/8/2015,RLS,Squidle+,Pre,2015
912345537,CS198,Ashmore NE Lagoon,-10.23257,144.58684,3/8/2015,RLS,Squidle+,Pre,2015
912346836,CS198,Ashmore NE Lagoon,-10.23257,144.58684,13/12/2016,RLS,Squidle+,Post,2016
912346837,CS198,Ashmore NE Lagoon,-10.23257,144.58684,13/12/2016,RLS,Squidle+,Post,2016
912342231,CS2,Brodie Cay NW,-19.28441,152.21197,9/9/2012,RLS,Squidle+,Pre,2012
912342240,CS2,Brodie Cay NW,-19.28441,152.21197,9/9/2012,RLS,Squidle+,Pre,2012
912346322,CS2,Brodie Cay NW,-19.28441,152.21197,7/6/2016,RLS,Squidle+,Post,2016
912346334,CS2,Brodie Cay NW,-19.28441,152.21197,7/6/2016,RLS,Squidle+,Post,2016
912347740,CS2,Brodie Cay NW,-19.28441,152.21197,18/3/2017,RLS,Squidle+,Post,2017
912347741,CS2,Brodie Cay NW,-19.28441,152.21197,18/3/2017,RLS,Squidle+,Post,2017
912343091,CS20,Cato Bommies,-23.24725,155.53484,17/5/2013,RLS,Squidle+,Pre,2013
912347043,CS20,Cato Bommies,-23.24725,155.53484,22/2/2017,RLS,Squidle+,Post,2017
912347044,CS20,Cato Bommies,-23.24725,155.53484,22/2/2017,RLS,Squidle+,Post,2017
912345512,CS200,Ashmore Reef NW slope,-10.11558,144.45777,4/8/2015,RLS,Squidle+,Pre,2015
912345519,CS200,Ashmore Reef NW slope,-10.11558,144.45777,4/8/2015,RLS,Squidle+,Pre,2015
912346852,CS200,Ashmore Reef NW slope,-10.11558,144.45777,16/12/2016,RLS,Squidle+,Post,2016
912346853,CS200,Ashmore Reef NW slope,-10.11558,144.45777,16/12/2016,RLS,Squidle+,Post,2016
912345853,CS204,Boot Rock NW,-10.10505,144.68513,29/11/2015,RLS,Squidle+,Pre,2015
912345854,CS204,Boot Rock NW,-10.10505,144.68513,29/11/2015,RLS,Squidle+,Pre,2015
912346844,CS204,Boot Rock NW,-10.10505,144.68513,15/12/2016,RLS,Squidle+,Post,2016
912345858,CS208,Boot Reef Lagoon E,-9.98877,144.6913,30/11/2015,RLS,Squidle+,Pre,2015
912345859,CS208,Boot Reef Lagoon E,-9.98877,144.6913,30/11/2015,RLS,Squidle+,Pre,2015
912346842,CS208,Boot Reef Lagoon E,-9.98877,144.6913,14/12/2016,RLS,Squidle+,Post,2016
912346843,CS208,Boot Reef Lagoon E,-9.98877,144.6913,14/12/2016,RLS,Squidle+,Post,2016
912345860,CS209,Boot Reef Lagoon W,-9.97456,144.694,30/11/2015,RLS,Squidle+,Pre,2015
912345861,CS209,Boot Reef Lagoon W,-9.97456,144.694,30/11/2015,RLS,Squidle+,Pre,2015
912346849,CS209,Boot Reef Lagoon W,-9.97456,144.694,15/12/2016,RLS,Squidle+,Post,2016
912346850,CS209,Boot Reef Lagoon W,-9.97456,144.694,15/12/2016,RLS,Squidle+,Post,2016
912343092,CS21,Cato Lagoon 1,-23.25288,155.55157,17/5/2013,RLS,Squidle+,Pre,2013
912343093,CS21,Cato Lagoon 1,-23.25288,155.55157,17/5/2013,RLS,Squidle+,Pre,2013
912347045,CS21,Cato Lagoon 1,-23.25288,155.55157,22/2/2017,RLS,Squidle+,Post,2017
912347046,CS21,Cato Lagoon 1,-23.25288,155.55157,22/2/2017,RLS,Squidle+,Post,2017
912345865,CS211,Kate's Garden,-10.14414,144.57626,1/12/2015,RLS,Squidle+,Pre,2015
912346851,CS211,Kate's Garden,-10.14414,144.57626,16/12/2016,RLS,Squidle+,Post,2016
912346856,CS211,Kate's Garden,-10.14414,144.57626,16/12/2016,RLS,Squidle+,Post,2016
912345866,CS212,Ashmore Reef NE bommy,-10.14587,144.57013,1/12/2015,RLS,Squidle+,Pre,2015
912346854,CS212,Ashmore Reef NE bommy,-10.14587,144.57013,16/12/2016,RLS,Squidle+,Post,2016
912346855,CS212,Ashmore Reef NE bommy,-10.14587,144.57013,16/12/2016,RLS,Squidle+,Post,2016
912343094,CS22,Cato Lagoon South,-23.25491,155.55458,17/5/2013,RLS,Squidle+,Pre,2013
912343095,CS22,Cato Lagoon South,-23.25491,155.55458,17/5/2013,RLS,Squidle+,Pre,2013
912347047,CS22,Cato Lagoon South,-23.25491,155.55458,22/2/2017,RLS,Squidle+,Post,2017
912347048,CS22,Cato Lagoon South,-23.25491,155.55458,22/2/2017,RLS,Squidle+,Post,2017
912343096,CS23,Cato North,-23.24037,155.55701,17/5/2013,RLS,Squidle+,Pre,2013
912343097,CS23,Cato North,-23.24037,155.55701,17/5/2013,RLS,Squidle+,Pre,2013
912347049,CS23,Cato North,-23.24037,155.55701,21/2/2017,RLS,Squidle+,Post,2017
912347050,CS23,Cato North,-23.24037,155.55701,21/2/2017,RLS,Squidle+,Post,2017
912343099,CS24,Cato Entrance,-23.24474,155.54233,18/5/2013,RLS,Squidle+,Pre,2013
912347051,CS24,Cato Entrance,-23.24474,155.54233,22/2/2017,RLS,Squidle+,Post,2017
912347052,CS24,Cato Entrance,-23.24474,155.54233,22/2/2017,RLS,Squidle+,Post,2017
912343100,CS25,Cato Passage,-23.244,155.54893,18/5/2013,RLS,Squidle+,Pre,2013
912343101,CS25,Cato Passage,-23.244,155.54893,18/5/2013,RLS,Squidle+,Pre,2013
912347053,CS25,Cato Passage,-23.244,155.54893,21/2/2017,RLS,Squidle+,Post,2017
912347054,CS25,Cato Passage,-23.244,155.54893,21/2/2017,RLS,Squidle+,Post,2017
912342232,CS3,Brodie Cay SE,-19.28476,152.22077,9/9/2012,RLS,Squidle+,Pre,2012
912342241,CS3,Brodie Cay SE,-19.28476,152.22077,9/9/2012,RLS,Squidle+,Pre,2012
912346331,CS3,Brodie Cay SE,-19.28476,152.22077,7/6/2016,RLS,Squidle+,Post,2016
912346332,CS3,Brodie Cay SE,-19.28476,152.22077,7/6/2016,RLS,Squidle+,Post,2016
912347746,CS3,Brodie Cay SE,-19.28476,152.22077,18/3/2017,RLS,Squidle+,Post,2017
912347747,CS3,Brodie Cay SE,-19.28476,152.22077,18/3/2017,RLS,Squidle+,Post,2017
912343112,CS31,Bird Lagoon,-22.17677,155.47404,19/5/2013,RLS,Squidle+,Pre,2013
912343113,CS31,Bird Lagoon,-22.17677,155.47404,19/5/2013,RLS,Squidle+,Pre,2013
912347055,CS31,Bird Lagoon,-22.17677,155.47404,24/2/2017,RLS,Squidle+,Post,2017
912347056,CS31,Bird Lagoon,-22.17677,155.47404,24/2/2017,RLS,Squidle+,Post,2017
912343114,CS32,Bird Reef Hole,-22.17306,155.47695,19/5/2013,RLS,Squidle+,Pre,2013
912343115,CS32,Bird Reef Hole,-22.17306,155.47695,19/5/2013,RLS,Squidle+,Pre,2013
912347057,CS32,Bird Reef Hole,-22.17306,155.47695,24/2/2017,RLS,Squidle+,Post,2017
912347058,CS32,Bird Reef Hole,-22.17306,155.47695,24/2/2017,RLS,Squidle+,Post,2017
912343116,CS33,Bird North Bommie,-22.16356,155.45378,19/5/2013,RLS,Squidle+,Pre,2013
912343117,CS33,Bird North Bommie,-22.16356,155.45378,19/5/2013,RLS,Squidle+,Pre,2013
912347059,CS33,Bird North Bommie,-22.16356,155.45378,24/2/2017,RLS,Squidle+,Post,2017
912347060,CS33,Bird North Bommie,-22.16356,155.45378,24/2/2017,RLS,Squidle+,Post,2017
912343118,CS34,Bird Inner West,-22.17084,155.45462,20/5/2013,RLS,Squidle+,Pre,2013
912347061,CS34,Bird Inner West,-22.17084,155.45462,25/2/2017,RLS,Squidle+,Post,2017
912347062,CS34,Bird Inner West,-22.17084,155.45462,25/2/2017,RLS,Squidle+,Post,2017
912343119,CS35,Bird NW Bommie,-22.16866,155.45081,20/5/2013,RLS,Squidle+,Pre,2013
912347063,CS35,Bird NW Bommie,-22.16866,155.45081,25/2/2017,RLS,Squidle+,Post,2017
912347064,CS35,Bird NW Bommie,-22.16866,155.45081,25/2/2017,RLS,Squidle+,Post,2017
912343121,CS36,Porpoise North,-22.1854,155.36165,20/5/2013,RLS,Squidle+,Pre,2013
912343122,CS36,Porpoise North,-22.1854,155.36165,20/5/2013,RLS,Squidle+,Pre,2013
912347065,CS36,Porpoise North,-22.1854,155.36165,26/2/2017,RLS,Squidle+,Post,2017
912347066,CS36,Porpoise North,-22.1854,155.36165,26/2/2017,RLS,Squidle+,Post,2017
912343126,CS38,Porpoise Anchorage,-22.18586,155.35576,21/5/2013,RLS,Squidle+,Pre,2013
912347067,CS38,Porpoise Anchorage,-22.18586,155.35576,25/2/2017,RLS,Squidle+,Post,2017
912347068,CS38,Porpoise Anchorage,-22.18586,155.35576,25/2/2017,RLS,Squidle+,Post,2017
912343127,CS39,Porpoise Lagoon,-22.18985,155.35547,21/5/2013,RLS,Squidle+,Pre,2013
912343128,CS39,Porpoise Lagoon,-22.18985,155.35547,21/5/2013,RLS,Squidle+,Pre,2013
912347069,CS39,Porpoise Lagoon,-22.18985,155.35547,26/2/2017,RLS,Squidle+,Post,2017
912347070,CS39,Porpoise Lagoon,-22.18985,155.35547,26/2/2017,RLS,Squidle+,Post,2017
912342233,CS4,Paget Cay Bommie,-19.23026,152.32594,11/9/2012,RLS,Squidle+,Pre,2012
912342242,CS4,Paget Cay Bommie,-19.23026,152.32594,11/9/2012,RLS,Squidle+,Pre,2012
912346330,CS4,Paget Cay Bommie,-19.23026,152.32594,8/6/2016,RLS,Squidle+,Post,2016
912346335,CS4,Paget Cay Bommie,-19.23026,152.32594,8/6/2016,RLS,Squidle+,Post,2016
912347748,CS4,Paget Cay Bommie,-19.23026,152.32594,20/3/2017,RLS,Squidle+,Post,2017
912347749,CS4,Paget Cay Bommie,-19.23026,152.32594,20/3/2017,RLS,Squidle+,Post,2017
912343133,CS42,Hilton Pool,-22.18602,155.17601,22/5/2013,RLS,Squidle+,Pre,2013
912343134,CS42,Hilton Pool,-22.18602,155.17601,22/5/2013,RLS,Squidle+,Pre,2013
912347073,CS42,Hilton Pool,-22.18602,155.17601,27/2/2017,RLS,Squidle+,Post,2017
912347074,CS42,Hilton Pool,-22.18602,155.17601,27/2/2017,RLS,Squidle+,Post,2017
912343137,CS44,NW Wreck Reef,-22.17629,155.16463,22/5/2013,RLS,Squidle+,Pre,2013
912343138,CS44,NW Wreck Reef,-22.17629,155.16463,22/5/2013,RLS,Squidle+,Pre,2013
912347075,CS44,NW Wreck Reef,-22.17629,155.16463,27/2/2017,RLS,Squidle+,Post,2017
912347076,CS44,NW Wreck Reef,-22.17629,155.16463,27/2/2017,RLS,Squidle+,Post,2017
912343139,CS45,North Wreck Reef,-22.17583,155.17796,22/5/2013,RLS,Squidle+,Pre,2013
912343140,CS45,North Wreck Reef,-22.17583,155.17796,22/5/2013,RLS,Squidle+,Pre,2013
912347077,CS45,North Wreck Reef,-22.17583,155.17796,27/2/2017,RLS,Squidle+,Post,2017
912347078,CS45,North Wreck Reef,-22.17583,155.17796,27/2/2017,RLS,Squidle+,Post,2017
912343145,CS48,Saumarez SW reef cay,-21.89729,153.53757,2/6/2013,RLS,Squidle+,Pre,2013
912343146,CS48,Saumarez SW reef cay,-21.89729,153.53757,2/6/2013,RLS,Squidle+,Pre,2013
912347116,CS48,Saumarez SW reef cay,-21.89729,153.53757,7/3/2017,RLS,Squidle+,Post,2017
912347117,CS48,Saumarez SW reef cay,-21.89729,153.53757,7/3/2017,RLS,Squidle+,Post,2017
912343149,CS50,Saumarez SW,-21.91736,153.57968,2/6/2013,RLS,Squidle+,Pre,2013
912343150,CS50,Saumarez SW,-21.91736,153.57968,2/6/2013,RLS,Squidle+,Pre,2013
912347113,CS50,Saumarez SW,-21.91736,153.57968,6/3/2017,RLS,Squidle+,Post,2017
912347136,CS50,Saumarez SW,-21.91736,153.57968,6/3/2017,RLS,Squidle+,Post,2017
912343151,CS51,Saumarez stripe seasnake,-21.91631,153.58669,2/6/2013,RLS,Squidle+,Pre,2013
912347114,CS51,Saumarez stripe seasnake,-21.91631,153.58669,6/3/2017,RLS,Squidle+,Post,2017
912347115,CS51,Saumarez stripe seasnake,-21.91631,153.58669,6/3/2017,RLS,Squidle+,Post,2017
912343153,CS52,Kenn Reef anchorage bommie,-21.25707,155.7542,4/6/2013,RLS,Squidle+,Pre,2013
912347079,CS52,Kenn Reef anchorage bommie,-21.25707,155.7542,28/2/2017,RLS,Squidle+,Post,2017
912347080,CS52,Kenn Reef anchorage bommie,-21.25707,155.7542,28/2/2017,RLS,Squidle+,Post,2017
912343157,CS54,Kenn Reef bommie,-21.25066,155.75829,4/6/2013,RLS,Squidle+,Pre,2013
912343158,CS54,Kenn Reef bommie,-21.25066,155.75829,4/6/2013,RLS,Squidle+,Pre,2013
912347091,CS54,Kenn Reef bommie,-21.25066,155.75829,1/3/2017,RLS,Squidle+,Post,2017
912347092,CS54,Kenn Reef bommie,-21.25066,155.75829,1/3/2017,RLS,Squidle+,Post,2017
912343159,CS55,Kenn Labyrinth,-21.2535,155.76086,4/6/2013,RLS,Squidle+,Pre,2013
912343160,CS55,Kenn Labyrinth,-21.2535,155.76086,4/6/2013,RLS,Squidle+,Pre,2013
912347081,CS55,Kenn Labyrinth,-21.2535,155.76086,28/2/2017,RLS,Squidle+,Post,2017
912347082,CS55,Kenn Labyrinth,-21.2535,155.76086,28/2/2017,RLS,Squidle+,Post,2017
912343161,CS56,Kenn Reef rubble,-21.248,155.76361,4/6/2013,RLS,Squidle+,Pre,2013
912343162,CS56,Kenn Reef rubble,-21.248,155.76361,4/6/2013,RLS,Squidle+,Pre,2013
912347087,CS56,Kenn Reef rubble,-21.248,155.76361,1/3/2017,RLS,Squidle+,Post,2017
912347088,CS56,Kenn Reef rubble,-21.248,155.76361,1/3/2017,RLS,Squidle+,Post,2017
912343163,CS57,Kenn Cave,-21.24541,155.76497,4/6/2013,RLS,Squidle+,Pre,2013
912347089,CS57,Kenn Cave,-21.24541,155.76497,1/3/2017,RLS,Squidle+,Post,2017
912347090,CS57,Kenn Cave,-21.24541,155.76497,1/3/2017,RLS,Squidle+,Post,2017
912343165,CS58,Kenn Reef North Cay bommie,-21.19993,155.76575,5/6/2013,RLS,Squidle+,Pre,2013
912343166,CS58,Kenn Reef North Cay bommie,-21.19993,155.76575,5/6/2013,RLS,Squidle+,Pre,2013
912347093,CS58,Kenn Reef North Cay bommie,-21.19993,155.76575,2/3/2017,RLS,Squidle+,Post,2017
912347094,CS58,Kenn Reef North Cay bommie,-21.19993,155.76575,2/3/2017,RLS,Squidle+,Post,2017
912342234,CS6,Paget Cay South,-19.25796,152.34184,11/9/2012,RLS,Squidle+,Pre,2012
912342243,CS6,Paget Cay South,-19.25796,152.34184,11/9/2012,RLS,Squidle+,Pre,2012
912346329,CS6,Paget Cay South,-19.25796,152.34184,8/6/2016,RLS,Squidle+,Post,2016
912346336,CS6,Paget Cay South,-19.25796,152.34184,8/6/2016,RLS,Squidle+,Post,2016
912347752,CS6,Paget Cay South,-19.25796,152.34184,20/3/2017,RLS,Squidle+,Post,2017
912347753,CS6,Paget Cay South,-19.25796,152.34184,20/3/2017,RLS,Squidle+,Post,2017
912343169,CS60,Kenn Reef North Cay,-21.20282,155.77281,5/6/2013,RLS,Squidle+,Pre,2013
912343170,CS60,Kenn Reef North Cay,-21.20282,155.77281,5/6/2013,RLS,Squidle+,Pre,2013
912347095,CS60,Kenn Reef North Cay,-21.20282,155.77281,2/3/2017,RLS,Squidle+,Post,2017
912347096,CS60,Kenn Reef North Cay,-21.20282,155.77281,2/3/2017,RLS,Squidle+,Post,2017
912343172,CS61,Kenn Reef Pipeline,-21.20865,155.76982,5/6/2013,RLS,Squidle+,Pre,2013
912347097,CS61,Kenn Reef Pipeline,-21.20865,155.76982,2/3/2017,RLS,Squidle+,Post,2017
912347098,CS61,Kenn Reef Pipeline,-21.20865,155.76982,2/3/2017,RLS,Squidle+,Post,2017
912343175,CS63,Frederick Passage,-21.0003,154.3944,6/6/2013,RLS,Squidle+,Pre,2013
912347105,CS63,Frederick Passage,-21.0003,154.3944,4/3/2017,RLS,Squidle+,Post,2017
912347106,CS63,Frederick Passage,-21.0003,154.3944,4/3/2017,RLS,Squidle+,Post,2017
912343177,CS64,Fredrick Central Bommie,-20.99787,154.39374,6/6/2013,RLS,Squidle+,Pre,2013
912343178,CS64,Fredrick Central Bommie,-20.99787,154.39374,6/6/2013,RLS,Squidle+,Pre,2013
912347107,CS64,Fredrick Central Bommie,-20.99787,154.39374,4/3/2017,RLS,Squidle+,Post,2017
912347108,CS64,Fredrick Central Bommie,-20.99787,154.39374,4/3/2017,RLS,Squidle+,Post,2017
912343179,CS65,Fredrick central reef,-21.0065,154.39197,6/6/2013,RLS,Squidle+,Pre,2013
912343180,CS65,Fredrick central reef,-21.0065,154.39197,6/6/2013,RLS,Squidle+,Pre,2013
912347110,CS65,Fredrick central reef,-21.0065,154.39197,5/3/2017,RLS,Squidle+,Post,2017
912347111,CS65,Fredrick central reef,-21.0065,154.39197,5/3/2017,RLS,Squidle+,Post,2017
912342235,CS7,Weather Station Inner Reef,-19.1254,152.38809,12/9/2012,RLS,Squidle+,Pre,2012
912342236,CS7,Weather Station Inner Reef,-19.1254,152.38809,12/9/2012,RLS,Squidle+,Pre,2012
912346327,CS7,Weather Station Inner Reef,-19.1254,152.38809,9/6/2016,RLS,Squidle+,Post,2016
912346340,CS7,Weather Station Inner Reef,-19.1254,152.38809,9/6/2016,RLS,Squidle+,Post,2016
912347754,CS7,Weather Station Inner Reef,-19.1254,152.38809,21/3/2017,RLS,Squidle+,Post,2017
912347755,CS7,Weather Station Inner Reef,-19.1254,152.38809,21/3/2017,RLS,Squidle+,Post,2017
912343193,CS72,Fredrick Observatory Cay,-21.02036,154.37269,8/6/2013,RLS,Squidle+,Pre,2013
912343194,CS72,Fredrick Observatory Cay,-21.02036,154.37269,8/6/2013,RLS,Squidle+,Pre,2013
912347104,CS72,Fredrick Observatory Cay,-21.02036,154.37269,4/3/2017,RLS,Squidle+,Post,2017
912343195,CS73,North Fredrick Bommie,-20.93697,154.39572,8/6/2013,RLS,Squidle+,Pre,2013
912343196,CS73,North Fredrick Bommie,-20.93697,154.39572,8/6/2013,RLS,Squidle+,Pre,2013
912347101,CS73,North Fredrick Bommie,-20.93697,154.39572,3/3/2017,RLS,Squidle+,Post,2017
912347102,CS73,North Fredrick Bommie,-20.93697,154.39572,3/3/2017,RLS,Squidle+,Post,2017
912343197,CS74,Frederick Lighthouse,-20.93624,154.39723,8/6/2013,RLS,Squidle+,Pre,2013
912343198,CS74,Frederick Lighthouse,-20.93624,154.39723,8/6/2013,RLS,Squidle+,Pre,2013
912347099,CS74,Frederick Lighthouse,-20.93624,154.39723,3/3/2017,RLS,Squidle+,Post,2017
912347100,CS74,Frederick Lighthouse,-20.93624,154.39723,3/3/2017,RLS,Squidle+,Post,2017
912342237,CS8,Carola Cay,-19.09532,152.38714,12/9/2012,RLS,Squidle+,Pre,2012
912342238,CS8,Carola Cay,-19.09532,152.38714,12/9/2012,RLS,Squidle+,Pre,2012
912346328,CS8,Carola Cay,-19.09532,152.38714,9/6/2016,RLS,Squidle+,Post,2016
912346339,CS8,Carola Cay,-19.09532,152.38714,9/6/2016,RLS,Squidle+,Post,2016
912347756,CS8,Carola Cay,-19.09532,152.38714,21/3/2017,RLS,Squidle+,Post,2017
912347757,CS8,Carola Cay,-19.09532,152.38714,21/3/2017,RLS,Squidle+,Post,2017
912342266,CS9,NE Herald Cay NE,-16.92194,149.20002,23/10/2012,RLS,Squidle+,Pre,2012
912342267,CS9,NE Herald Cay NE,-16.92194,149.20002,23/10/2012,RLS,Squidle+,Pre,2012
912347690,CS9,NE Herald Cay NE,-16.92194,149.20002,14/1/2017,RLS,Squidle+,Post,2017
912347717,CS9,NE Herald Cay NE,-16.92194,149.20002,14/1/2017,RLS,Squidle+,Post,2017
4000850,GBR146,Alcyonaria Point,-20.06494,148.92328,14/7/2010,RLS,Squidle+,Pre,2010
4000851,GBR146,Alcyonaria Point,-20.06494,148.92328,14/7/2010,RLS,Squidle+,Pre,2010
912346317,GBR146,Alcyonaria Point,-20.06494,148.92328,1/6/2016,RLS,Squidle+,Post,2016
912346318,GBR146,Alcyonaria Point,-20.06494,148.92328,1/6/2016,RLS,Squidle+,Post,2016
4000848,GBR148,Blue Pearl Bay,-20.04033,148.88061,10/7/2010,RLS,Squidle+,Pre,2010
912346346,GBR148,Blue Pearl Bay,-20.04033,148.88061,12/6/2016,RLS,Squidle+,Post,2016
912346347,GBR148,Blue Pearl Bay,-20.04033,148.88061,12/6/2016,RLS,Squidle+,Post,2016
912345388,GBR16,Tryon Island south,-23.24659,151.77309,15/6/2015,RLS,Squidle+,Pre,2015
912345389,GBR16,Tryon Island south,-23.24659,151.77309,15/6/2015,RLS,Squidle+,Pre,2015
912347758,GBR16,Tryon Island south,-23.24659,151.77309,15/2/2017,RLS,Squidle+,Post,2017
912347759,GBR16,Tryon Island south,-23.24659,151.77309,15/2/2017,RLS,Squidle+,Post,2017
912340017,GBR160,Chicken Reef East,-18.66173,147.7231,4/4/2012,RLS,Squidle+,Pre,2012
912340018,GBR160,Chicken Reef East,-18.66173,147.7231,4/4/2012,RLS,Squidle+,Pre,2012
912347625,GBR160,Chicken Reef East,-18.66173,147.7231,11/11/2016,RLS,Squidle+,Post,2016
912347655,GBR160,Chicken Reef East,-18.66173,147.7231,11/11/2016,RLS,Squidle+,Post,2016
912340015,GBR161,Chicken Reef,-18.66084,147.70284,3/4/2012,RLS,Squidle+,Pre,2012
912340016,GBR161,Chicken Reef,-18.66084,147.70284,3/4/2012,RLS,Squidle+,Pre,2012
912347624,GBR161,Chicken Reef,-18.66084,147.70284,10/11/2016,RLS,Squidle+,Post,2016
912347654,GBR161,Chicken Reef,-18.66084,147.70284,10/11/2016,RLS,Squidle+,Post,2016
912345390,GBR17,Tryon Island south west,-23.24371,151.77568,15/6/2015,RLS,Squidle+,Pre,2015
912347760,GBR17,Tryon Island south west,-23.24371,151.77568,15/2/2017,RLS,Squidle+,Post,2017
912347761,GBR17,Tryon Island south west,-23.24371,151.77568,15/2/2017,RLS,Squidle+,Post,2017
912345361,GBR2,Lady Musgrave Lagoon N,-23.89878,152.41618,5/6/2015,RLS,Squidle+,Pre,2015
912345362,GBR2,Lady Musgrave Lagoon N,-23.89878,152.41618,5/6/2015,RLS,Squidle+,Pre,2015
912347083,GBR2,Lady Musgrave Lagoon N,-23.89878,152.41618,19/2/2017,RLS,Squidle+,Post,2017
912347084,GBR2,Lady Musgrave Lagoon N,-23.89878,152.41618,19/2/2017,RLS,Squidle+,Post,2017
4000680,GBR213,Hastings Reef,-16.52825,145.99349,5/7/2010,RLS,Squidle+,Pre,2010
912347684,GBR213,Hastings Reef,-16.52825,145.99349,10/1/2017,RLS,Squidle+,Post,2017
912347685,GBR213,Hastings Reef,-16.52825,145.99349,11/1/2017,RLS,Squidle+,Post,2017
4000715,GBR217,Agincourt Reef - The Gap,-15.9758,145.8291,4/7/2010,RLS,Squidle+,Pre,2010
912347544,GBR217,Agincourt Reef - The Gap,-15.9758,145.8291,6/1/2017,RLS,Squidle+,Post,2017
912347545,GBR217,Agincourt Reef - The Gap,-15.9758,145.8291,6/1/2017,RLS,Squidle+,Post,2017
4000717,GBR218,Agincourt Reef - The Point,-15.96846,145.81968,4/7/2010,RLS,Squidle+,Pre,2010
912347546,GBR218,Agincourt Reef - The Point,-15.96846,145.81968,6/1/2017,RLS,Squidle+,Post,2017
912347547,GBR218,Agincourt Reef - The Point,-15.96846,145.81968,6/1/2017,RLS,Squidle+,Post,2017
4000735,GBR223,Blue Lagoon Channel,-14.68717,145.46565,2/7/2010,RLS,Squidle+,Pre,2010
912347579,GBR223,Blue Lagoon Channel,-14.68717,145.46565,3/1/2017,RLS,Squidle+,Post,2017
912347580,GBR223,Blue Lagoon Channel,-14.68717,145.46565,3/1/2017,RLS,Squidle+,Post,2017
4000724,GBR224,Horseshoe Reef,-14.68708,145.44327,29/6/2010,RLS,Squidle+,Pre,2010
912347533,GBR224,Horseshoe Reef,-14.68708,145.44327,3/1/2017,RLS,Squidle+,Post,2017
912347534,GBR224,Horseshoe Reef,-14.68708,145.44327,3/1/2017,RLS,Squidle+,Post,2017
912345436,GBR231,Cobia Hole,-14.65101,145.44851,19/7/2015,RLS,Squidle+,Pre,2015
912345469,GBR231,Cobia Hole,-14.65101,145.44851,19/7/2015,RLS,Squidle+,Pre,2015
912347530,GBR231,Cobia Hole,-14.65101,145.44851,2/1/2017,RLS,Squidle+,Post,2017
912347550,GBR231,Cobia Hole,-14.65101,145.44851,2/1/2017,RLS,Squidle+,Post,2017
4000730,GBR232,Mermaid Cove north,-14.6461,145.45386,30/6/2010,RLS,Squidle+,Pre,2010
4000731,GBR232,Mermaid Cove north,-14.6461,145.45386,30/6/2010,RLS,Squidle+,Pre,2010
912347539,GBR232,Mermaid Cove north,-14.6461,145.45386,4/1/2017,RLS,Squidle+,Post,2017
912347540,GBR232,Mermaid Cove north,-14.6461,145.45386,4/1/2017,RLS,Squidle+,Post,2017
4000733,GBR234,Mermaid dropoff north,-14.64524,145.45471,1/7/2010,RLS,Squidle+,Pre,2010
912347537,GBR234,Mermaid dropoff north,-14.64524,145.45471,4/1/2017,RLS,Squidle+,Post,2017
912347538,GBR234,Mermaid dropoff north,-14.64524,145.45471,4/1/2017,RLS,Squidle+,Post,2017
912345399,GBR24,Hook Reef Passage,-19.81261,149.13292,24/6/2015,RLS,Squidle+,Pre,2015
912346355,GBR24,Hook Reef Passage,-19.81261,149.13292,11/6/2016,RLS,Squidle+,Post,2016
912346356,GBR24,Hook Reef Passage,-19.81261,149.13292,11/6/2016,RLS,Squidle+,Post,2016
912345710,GBR243,Masthead Site 3,-23.53652,151.75731,2/10/2015,RLS,Squidle+,Pre,2015
912345711,GBR243,Masthead Site 3,-23.53652,151.75731,2/10/2015,RLS,Squidle+,Pre,2015
912347132,GBR243,Masthead Site 3,-23.53652,151.75731,11/3/2017,RLS,Squidle+,Post,2017
912347133,GBR243,Masthead Site 3,-23.53652,151.75731,11/3/2017,RLS,Squidle+,Post,2017
912345716,GBR248,Erskyne Island Site 1,-23.49835,151.7747,4/10/2015,RLS,Squidle+,Pre,2015
912345717,GBR248,Erskyne Island Site 1,-23.49835,151.7747,4/10/2015,RLS,Squidle+,Pre,2015
912347120,GBR248,Erskyne Island Site 1,-23.49835,151.7747,10/3/2017,RLS,Squidle+,Post,2017
912347121,GBR248,Erskyne Island Site 1,-23.49835,151.7747,10/3/2017,RLS,Squidle+,Post,2017
912345400,GBR25,Hook Reef1,-19.81349,149.13617,24/6/2015,RLS,Squidle+,Pre,2015
912346343,GBR25,Hook Reef1,-19.81349,149.13617,11/6/2016,RLS,Squidle+,Post,2016
912346344,GBR25,Hook Reef1,-19.81349,149.13617,11/6/2016,RLS,Squidle+,Post,2016
912347762,GBR25,Hook Reef1,-19.81349,149.13617,4/2/2017,RLS,Squidle+,Post,2017
912347763,GBR25,Hook Reef1,-19.81349,149.13617,4/2/2017,RLS,Squidle+,Post,2017
912345722,GBR250,Broomfield Reef Site 2,-23.25245,151.94545,5/10/2015,RLS,Squidle+,Pre,2015
912345723,GBR250,Broomfield Reef Site 2,-23.25245,151.94545,5/10/2015,RLS,Squidle+,Pre,2015
912347125,GBR250,Broomfield Reef Site 2,-23.25245,151.94545,9/3/2017,RLS,Squidle+,Post,2017
912347126,GBR250,Broomfield Reef Site 2,-23.25245,151.94545,9/3/2017,RLS,Squidle+,Post,2017
4000758,GBR253,Monkey Point,-23.1957,150.93748,14/7/2010,RLS,Squidle+,Pre,2010
912347798,GBR253,Monkey Point,-23.1957,150.93748,14/3/2017,RLS,Squidle+,Post,2017
912347799,GBR253,Monkey Point,-23.1957,150.93748,14/3/2017,RLS,Squidle+,Post,2017
4000775,GBR255,Clam Bay,-23.18769,150.9803,13/7/2010,RLS,Squidle+,Pre,2010
4000776,GBR255,Clam Bay,-23.18769,150.9803,13/7/2010,RLS,Squidle+,Pre,2010
912347796,GBR255,Clam Bay,-23.18769,150.9803,14/3/2017,RLS,Squidle+,Post,2017
912347797,GBR255,Clam Bay,-23.18769,150.9803,14/3/2017,RLS,Squidle+,Post,2017
912345732,GBR257,North Island Site 3,-23.1778,151.91543,7/10/2015,RLS,Squidle+,Pre,2015
912345733,GBR257,North Island Site 3,-23.1778,151.91543,7/10/2015,RLS,Squidle+,Pre,2015
912347736,GBR257,North Island Site 3,-23.1778,151.91543,14/2/2017,RLS,Squidle+,Post,2017
912347737,GBR257,North Island Site 3,-23.1778,151.91543,14/2/2017,RLS,Squidle+,Post,2017
912345363,GBR3,Lady Musgrave West central,-23.89929,152.39361,6/6/2015,RLS,Squidle+,Pre,2015
912345364,GBR3,Lady Musgrave West central,-23.89929,152.39361,6/6/2015,RLS,Squidle+,Pre,2015
912347085,GBR3,Lady Musgrave West central,-23.89929,152.39361,19/2/2017,RLS,Squidle+,Post,2017
912347086,GBR3,Lady Musgrave West central,-23.89929,152.39361,19/2/2017,RLS,Squidle+,Post,2017
912345437,GBR39,Cod Hole,-14.66452,145.6632,20/7/2015,RLS,Squidle+,Pre,2015
912345471,GBR39,Cod Hole,-14.66452,145.6632,20/7/2015,RLS,Squidle+,Pre,2015
912347543,GBR39,Cod Hole,-14.66452,145.6632,5/1/2017,RLS,Squidle+,Post,2017
912347585,GBR39,Cod Hole,-14.66452,145.6632,5/1/2017,RLS,Squidle+,Post,2017
912345458,GBR41,Tydeman Cay anchorage,-13.97733,144.50067,24/7/2015,RLS,Squidle+,Pre,2015
912345459,GBR41,Tydeman Cay anchorage,-13.97733,144.50067,24/7/2015,RLS,Squidle+,Pre,2015
912346806,GBR41,Tydeman Cay anchorage,-13.97733,144.50067,8/12/2016,RLS,Squidle+,Post,2016
912346807,GBR41,Tydeman Cay anchorage,-13.97733,144.50067,8/12/2016,RLS,Squidle+,Post,2016
912345489,GBR45,Forbes Island west boulders,-12.28595,143.40371,27/7/2015,RLS,Squidle+,Pre,2015
912347565,GBR45,Forbes Island west boulders,-12.28595,143.40371,29/12/2016,RLS,Squidle+,Post,2016
912347566,GBR45,Forbes Island west boulders,-12.28595,143.40371,29/12/2016,RLS,Squidle+,Post,2016
912345490,GBR46,Forbes Island NE,-12.28241,143.41092,28/7/2015,RLS,Squidle+,Pre,2015
912345491,GBR46,Forbes Island NE,-12.28241,143.41092,28/7/2015,RLS,Squidle+,Pre,2015
912347567,GBR46,Forbes Island NE,-12.28241,143.41092,29/12/2016,RLS,Squidle+,Post,2016
912347568,GBR46,Forbes Island NE,-12.28241,143.41092,29/12/2016,RLS,Squidle+,Post,2016
912345492,GBR47,Forbes Island bommie,-12.28121,143.40709,28/7/2015,RLS,Squidle+,Pre,2015
912345493,GBR47,Forbes Island bommie,-12.28121,143.40709,28/7/2015,RLS,Squidle+,Pre,2015
912347513,GBR47,Forbes Island bommie,-12.28121,143.40709,28/12/2016,RLS,Squidle+,Post,2016
912347514,GBR47,Forbes Island bommie,-12.28121,143.40709,28/12/2016,RLS,Squidle+,Post,2016
912345521,GBR48,Forbes Island Bommie West,-12.28091,143.40302,28/7/2015,RLS,Squidle+,Pre,2015
912345530,GBR48,Forbes Island Bommie West,-12.28091,143.40302,28/7/2015,RLS,Squidle+,Pre,2015
912347517,GBR48,Forbes Island Bommie West,-12.28091,143.40302,29/12/2016,RLS,Squidle+,Post,2016
912347518,GBR48,Forbes Island Bommie West,-12.28091,143.40302,29/12/2016,RLS,Squidle+,Post,2016
912345522,GBR49,Forbes Island Isthmus Rf,-12.29055,143.40232,28/7/2015,RLS,Squidle+,Pre,2015
912345531,GBR49,Forbes Island Isthmus Rf,-12.29055,143.40232,28/7/2015,RLS,Squidle+,Pre,2015
912347515,GBR49,Forbes Island Isthmus Rf,-12.29055,143.40232,29/12/2016,RLS,Squidle+,Post,2016
912347516,GBR49,Forbes Island Isthmus Rf,-12.29055,143.40232,29/12/2016,RLS,Squidle+,Post,2016
912347390,GBR53,Salamander Reef,-11.76571,143.65005,14/12/2015,RLS,Squidle+,Pre,2015
912347391,GBR53,Salamander Reef,-11.76571,143.65005,14/12/2015,RLS,Squidle+,Pre,2015
912347561,GBR53,Salamander Reef,-11.76571,143.65005,27/12/2016,RLS,Squidle+,Post,2016
912347562,GBR53,Salamander Reef,-11.76571,143.65005,27/12/2016,RLS,Squidle+,Post,2016
912347392,GBR54,Two Hour Reef,-12.16237,143.64859,15/12/2015,RLS,Squidle+,Pre,2015
912347393,GBR54,Two Hour Reef,-12.16237,143.64859,15/12/2015,RLS,Squidle+,Pre,2015
912347563,GBR54,Two Hour Reef,-12.16237,143.64859,28/12/2016,RLS,Squidle+,Post,2016
912347564,GBR54,Two Hour Reef,-12.16237,143.64859,28/12/2016,RLS,Squidle+,Post,2016
912347394,GBR55,Lagoon Reef Inner NW,-12.38375,143.76197,16/12/2015,RLS,Squidle+,Pre,2015
912347395,GBR55,Lagoon Reef Inner NW,-12.38375,143.76197,16/12/2015,RLS,Squidle+,Pre,2015
912346818,GBR55,Lagoon Reef Inner NW,-12.38375,143.76197,10/12/2016,RLS,Squidle+,Post,2016
912346819,GBR55,Lagoon Reef Inner NW,-12.38375,143.76197,10/12/2016,RLS,Squidle+,Post,2016
912347396,GBR56,Lagoon Reef Outer NW,-12.38175,143.75672,16/12/2015,RLS,Squidle+,Pre,2015
912347397,GBR56,Lagoon Reef Outer NW,-12.38175,143.75672,16/12/2015,RLS,Squidle+,Pre,2015
912346816,GBR56,Lagoon Reef Outer NW,-12.38175,143.75672,10/12/2016,RLS,Squidle+,Post,2016
912346817,GBR56,Lagoon Reef Outer NW,-12.38175,143.75672,10/12/2016,RLS,Squidle+,Post,2016
912347398,GBR57,Lagoon Reef Inner E,-12.38391,143.772,17/12/2015,RLS,Squidle+,Pre,2015
912346820,GBR57,Lagoon Reef Inner E,-12.38391,143.772,10/12/2016,RLS,Squidle+,Post,2016
912346821,GBR57,Lagoon Reef Inner E,-12.38391,143.772,10/12/2016,RLS,Squidle+,Post,2016
912347400,GBR58,Burke Reef,-12.62531,143.58327,18/12/2015,RLS,Squidle+,Pre,2015
912347401,GBR58,Burke Reef,-12.62531,143.58327,18/12/2015,RLS,Squidle+,Pre,2015
912346814,GBR58,Burke Reef,-12.62531,143.58327,9/12/2016,RLS,Squidle+,Post,2016
912346815,GBR58,Burke Reef,-12.62531,143.58327,9/12/2016,RLS,Squidle+,Post,2016
912347402,GBR59,Shark Reef,-12.87385,143.8151,19/12/2015,RLS,Squidle+,Pre,2015
912347403,GBR59,Shark Reef,-12.87385,143.8151,19/12/2015,RLS,Squidle+,Pre,2015
912347571,GBR59,Shark Reef,-12.87385,143.8151,31/12/2016,RLS,Squidle+,Post,2016
912347572,GBR59,Shark Reef,-12.87385,143.8151,31/12/2016,RLS,Squidle+,Post,2016
912347404,GBR60,Shark Reef Gardens,-12.87695,143.82034,20/12/2015,RLS,Squidle+,Pre,2015
912347405,GBR60,Shark Reef Gardens,-12.87695,143.82034,20/12/2015,RLS,Squidle+,Pre,2015
912347522,GBR60,Shark Reef Gardens,-12.87695,143.82034,31/12/2016,RLS,Squidle+,Post,2016
912347523,GBR60,Shark Reef Gardens,-12.87695,143.82034,31/12/2016,RLS,Squidle+,Post,2016
912347408,GBR62,Crocodile Bommie,-13.8185,144.28213,21/12/2015,RLS,Squidle+,Pre,2015
912347409,GBR62,Crocodile Bommie,-13.8185,144.28213,21/12/2015,RLS,Squidle+,Pre,2015
912346810,GBR62,Crocodile Bommie,-13.8185,144.28213,8/12/2016,RLS,Squidle+,Post,2016
912346811,GBR62,Crocodile Bommie,-13.8185,144.28213,8/12/2016,RLS,Squidle+,Post,2016
912347410,GBR63,Surprise Reef,-13.99527,144.68397,22/12/2015,RLS,Squidle+,Pre,2015
912347411,GBR63,Surprise Reef,-13.99527,144.68397,22/12/2015,RLS,Squidle+,Pre,2015
912347528,GBR63,Surprise Reef,-13.99527,144.68397,1/1/2017,RLS,Squidle+,Post,2017
912347529,GBR63,Surprise Reef,-13.99527,144.68397,1/1/2017,RLS,Squidle+,Post,2017
912347412,GBR64,Surprise Reef Paradise,-13.98947,144.67643,23/12/2015,RLS,Squidle+,Pre,2015
912347413,GBR64,Surprise Reef Paradise,-13.98947,144.67643,23/12/2015,RLS,Squidle+,Pre,2015
912347526,GBR64,Surprise Reef Paradise,-13.98947,144.67643,1/1/2017,RLS,Squidle+,Post,2017
912347527,GBR64,Surprise Reef Paradise,-13.98947,144.67643,1/1/2017,RLS,Squidle+,Post,2017
912347418,GBR67,Day Reef Inner,-14.51742,145.5309,24/12/2015,RLS,Squidle+,Pre,2015
912347419,GBR67,Day Reef Inner,-14.51742,145.5309,24/12/2015,RLS,Squidle+,Pre,2015
912347541,GBR67,Day Reef Inner,-14.51742,145.5309,5/1/2017,RLS,Squidle+,Post,2017
912347542,GBR67,Day Reef Inner,-14.51742,145.5309,5/1/2017,RLS,Squidle+,Post,2017
912340598,NMP-BF1,Bundegi,-21.83921,114.17564,31/7/2012,RLS,Squidle+,Pre,2012
912340599,NMP-BF1,Bundegi,-21.83921,114.17564,31/7/2012,RLS,Squidle+,Pre,2012
912340600,NMP-BF1,Bundegi,-21.83921,114.17564,31/7/2012,RLS,Squidle+,Pre,2012
912349632,NMP-BF1,Bundegi,-21.83921,114.17564,27/7/2017,RLS,Squidle+,Post,2017
912349662,NMP-BF1,Bundegi,-21.83921,114.17564,27/7/2017,RLS,Squidle+,Post,2017
912340567,NMP-C1,Monck Head,-23.17701,113.75987,26/7/2012,RLS,Squidle+,Pre,2012
912340568,NMP-C1,Monck Head,-23.17701,113.75987,26/7/2012,RLS,Squidle+,Pre,2012
912340569,NMP-C1,Monck Head,-23.17701,113.75987,26/7/2012,RLS,Squidle+,Pre,2012
912349637,NMP-C1,Monck Head,-23.17701,113.75987,30/7/2017,RLS,Squidle+,Post,2017
912349650,NMP-C1,Monck Head,-23.17701,113.75987,30/7/2017,RLS,Squidle+,Post,2017
912349666,NMP-C1,Monck Head,-23.17701,113.75987,30/7/2017,RLS,Squidle+,Post,2017
912340564,NMP-C3,Coral Bay Central,-23.14152,113.75364,25/7/2012,RLS,Squidle+,Pre,2012
912340566,NMP-C3,Coral Bay Central,-23.14152,113.75364,25/7/2012,RLS,Squidle+,Pre,2012
912352687,NMP-C3,Coral Bay Central,-23.14152,113.75364,18/8/2019,RLS,Squidle+,Post,2019
912340574,NMP-C4,Yalobia Passage,-23.19995,113.76354,27/7/2012,RLS,Squidle+,Pre,2012
912340575,NMP-C4,Yalobia Passage,-23.19995,113.76354,27/7/2012,RLS,Squidle+,Pre,2012
912340576,NMP-C4,Yalobia Passage,-23.19995,113.76354,27/7/2012,RLS,Squidle+,Pre,2012
912349638,NMP-C4,Yalobia Passage,-23.19995,113.76354,31/7/2017,RLS,Squidle+,Post,2017
912349651,NMP-C4,Yalobia Passage,-23.19995,113.76354,31/7/2017,RLS,Squidle+,Post,2017
912349658,NMP-C4,Yalobia Passage,-23.19995,113.76354,31/7/2017,RLS,Squidle+,Post,2017
912340582,NMP-S2,Bruboodjoo,-22.92875,113.77937,28/7/2012,RLS,Squidle+,Pre,2012
912340583,NMP-S2,Bruboodjoo,-22.92875,113.77937,28/7/2012,RLS,Squidle+,Pre,2012
912340584,NMP-S2,Bruboodjoo,-22.92875,113.77937,28/7/2012,RLS,Squidle+,Pre,2012
912349621,NMP-S2,Bruboodjoo,-22.92875,113.77937,27/7/2017,RLS,Squidle+,Post,2017
912349672,NMP-S2,Bruboodjoo,-22.92875,113.77937,27/7/2017,RLS,Squidle+,Post,2017
912340570,NMP-S3,Coral Bay DEC1,-23.12872,113.75232,26/7/2012,RLS,Squidle+,Pre,2012
912340571,NMP-S3,Coral Bay DEC1,-23.12872,113.75232,26/7/2012,RLS,Squidle+,Pre,2012
912349636,NMP-S3,Coral Bay DEC1,-23.12872,113.75232,30/7/2017,RLS,Squidle+,Post,2017
912349649,NMP-S3,Coral Bay DEC1,-23.12872,113.75232,30/7/2017,RLS,Squidle+,Post,2017
912349665,NMP-S3,Coral Bay DEC1,-23.12872,113.75232,30/7/2017,RLS,Squidle+,Post,2017
912352669,NMP-S3,Coral Bay DEC1,-23.12872,113.75232,18/8/2019,RLS,Squidle+,Post,2019
912352706,NMP-S3,Coral Bay DEC1,-23.12872,113.75232,18/8/2019,RLS,Squidle+,Post,2019
912340559,NMP1,Point Maud Outer,-23.11234,113.75042,23/7/2012,RLS,Squidle+,Pre,2012
912340560,NMP1,Point Maud Outer,-23.11234,113.75042,23/7/2012,RLS,Squidle+,Pre,2012
912349630,NMP1,Point Maud Outer,-23.11234,113.75042,26/7/2017,RLS,Squidle+,Post,2017
912349631,NMP1,Point Maud Outer,-23.11234,113.75042,26/7/2017,RLS,Squidle+,Post,2017
912349643,NMP1,Point Maud Outer,-23.11234,113.75042,26/7/2017,RLS,Squidle+,Post,2017
912352633,NMP1,Point Maud Outer,-23.11234,113.75042,16/8/2019,RLS,Squidle+,Post,2019
912352670,NMP1,Point Maud Outer,-23.11234,113.75042,16/8/2019,RLS,Squidle+,Post,2019
912340585,NMP11,Maud RZ2,-23.20838,113.76328,29/7/2012,RLS,Squidle+,Pre,2012
912340586,NMP11,Maud RZ2,-23.20838,113.76328,29/7/2012,RLS,Squidle+,Pre,2012
912349616,NMP11,Maud RZ2,-23.20838,113.76328,25/7/2017,RLS,Squidle+,Post,2017
912349669,NMP11,Maud RZ2,-23.20838,113.76328,25/7/2017,RLS,Squidle+,Post,2017
912352656,NMP11,Maud RZ2,-23.20838,113.76328,15/8/2019,RLS,Squidle+,Post,2019
912352683,NMP11,Maud RZ2,-23.20838,113.76328,15/8/2019,RLS,Squidle+,Post,2019
912340577,NMP19,Maud SZ Nth,-23.09197,113.73966,28/7/2012,RLS,Squidle+,Pre,2012
912340578,NMP19,Maud SZ Nth,-23.09197,113.73966,28/7/2012,RLS,Squidle+,Pre,2012
912349629,NMP19,Maud SZ Nth,-23.09197,113.73966,26/7/2017,RLS,Squidle+,Post,2017
912349642,NMP19,Maud SZ Nth,-23.09197,113.73966,26/7/2017,RLS,Squidle+,Post,2017
912349661,NMP19,Maud SZ Nth,-23.09197,113.73966,26/7/2017,RLS,Squidle+,Post,2017
912352634,NMP19,Maud SZ Nth,-23.09197,113.73966,16/8/2019,RLS,Squidle+,Post,2019
912352671,NMP19,Maud SZ Nth,-23.09197,113.73966,16/8/2019,RLS,Squidle+,Post,2019
912340562,NMP2,Point Maud Inner,-23.12142,113.75562,24/7/2012,RLS,Squidle+,Pre,2012
912340563,NMP2,Point Maud Inner,-23.12142,113.75562,24/7/2012,RLS,Squidle+,Pre,2012
912349628,NMP2,Point Maud Inner,-23.12142,113.75562,25/7/2017,RLS,Squidle+,Post,2017
912349641,NMP2,Point Maud Inner,-23.12142,113.75562,25/7/2017,RLS,Squidle+,Post,2017
912349660,NMP2,Point Maud Inner,-23.12142,113.75562,25/7/2017,RLS,Squidle+,Post,2017
912340604,NMP20,Oyster rocks buoy,-23.04473,113.81843,1/8/2012,RLS,Squidle+,Pre,2012
912340605,NMP20,Oyster rocks buoy,-23.04473,113.81843,1/8/2012,RLS,Squidle+,Pre,2012
912349622,NMP20,Oyster rocks buoy,-23.04473,113.81843,28/7/2017,RLS,Squidle+,Post,2017
912349673,NMP20,Oyster rocks buoy,-23.04473,113.81843,28/7/2017,RLS,Squidle+,Post,2017
912352658,NMP20,Oyster rocks buoy,-23.04473,113.81843,20/8/2019,RLS,Squidle+,Post,2019
912352659,NMP20,Oyster rocks buoy,-23.04473,113.81843,20/8/2019,RLS,Squidle+,Post,2019
912344958,NMP21,Coral Bay (Sanctuary zone),-23.14221,113.76709,31/7/2015,RLS,Squidle+,Pre,2015
912352636,NMP21,Coral Bay (Sanctuary zone),-23.14221,113.76709,21/8/2019,RLS,Squidle+,Post,2019
912352673,NMP21,Coral Bay (Sanctuary zone),-23.14221,113.76709,21/8/2019,RLS,Squidle+,Post,2019
912340587,NMP24,Yalobia Bommie,-23.20194,113.76248,29/7/2012,RLS,Squidle+,Pre,2012
912340588,NMP24,Yalobia Bommie,-23.20194,113.76248,29/7/2012,RLS,Squidle+,Pre,2012
912352660,NMP24,Yalobia Bommie,-23.20194,113.76248,21/8/2019,RLS,Squidle+,Post,2019
912352661,NMP24,Yalobia Bommie,-23.20194,113.76248,21/8/2019,RLS,Squidle+,Post,2019
912340596,NMP27,Coral Bay Offshore,-23.13496,113.7404,31/7/2012,RLS,Squidle+,Pre,2012
912340597,NMP27,Coral Bay Offshore,-23.13496,113.7404,31/7/2012,RLS,Squidle+,Pre,2012
912349678,NMP27,Coral Bay Offshore,-23.13496,113.7404,31/7/2017,RLS,Squidle+,Post,2017
912349687,NMP27,Coral Bay Offshore,-23.13496,113.7404,31/7/2017,RLS,Squidle+,Post,2017
912340572,NMP6,Monck Head Outer,-23.16108,113.75875,27/7/2012,RLS,Squidle+,Pre,2012
912349648,NMP6,Monck Head Outer,-23.16108,113.75875,29/7/2017,RLS,Squidle+,Post,2017
912349657,NMP6,Monck Head Outer,-23.16108,113.75875,29/7/2017,RLS,Squidle+,Post,2017
912352637,NMP6,Monck Head Outer,-23.16108,113.75875,17/8/2019,RLS,Squidle+,Post,2019
912352674,NMP6,Monck Head Outer,-23.16108,113.75875,17/8/2019,RLS,Squidle+,Post,2019
912340561,NMP9,Bills Bay 1,-23.12627,113.76158,23/7/2012,RLS,Squidle+,Pre,2012
912349627,NMP9,Bills Bay 1,-23.12627,113.76158,25/7/2017,RLS,Squidle+,Post,2017
912349640,NMP9,Bills Bay 1,-23.12627,113.76158,25/7/2017,RLS,Squidle+,Post,2017
912349659,NMP9,Bills Bay 1,-23.12627,113.76158,25/7/2017,RLS,Squidle+,Post,2017
912343786,NWS10,Rogaa Bommie,-11.97452,123.32136,2/9/2013,RLS,Squidle+,Pre,2013
912343812,NWS10,Rogaa Bommie,-11.97452,123.32136,2/9/2013,RLS,Squidle+,Pre,2013
912352093,NWS10,Rogaa Bommie,-11.97452,123.32136,2/1/2019,RLS,Squidle+,Post,2019
912352125,NWS10,Rogaa Bommie,-11.97452,123.32136,2/1/2019,RLS,Squidle+,Post,2019
912344264,NWS100,Clerke east reef top C28,-17.29965,119.37575,4/10/2013,RLS,Squidle+,Pre,2013
912344265,NWS100,Clerke east reef top C28,-17.29965,119.37575,4/10/2013,RLS,Squidle+,Pre,2013
912351941,NWS100,Clerke east reef top C28,-17.29965,119.37575,19/11/2018,RLS,Squidle+,Post,2018
912351942,NWS100,Clerke east reef top C28,-17.29965,119.37575,19/11/2018,RLS,Squidle+,Post,2018
912344266,NWS101,Clerke Reef - BnB,-17.35516,119.38393,4/10/2013,RLS,Squidle+,Pre,2013
912344267,NWS101,Clerke Reef - BnB,-17.35516,119.38393,4/10/2013,RLS,Squidle+,Pre,2013
912351949,NWS101,Clerke Reef - BnB,-17.35516,119.38393,22/11/2018,RLS,Squidle+,Post,2018
912351950,NWS101,Clerke Reef - BnB,-17.35516,119.38393,22/11/2018,RLS,Squidle+,Post,2018
912343756,NWS11,Hibernia Lagoon SW,-11.98059,123.33523,2/9/2013,RLS,Squidle+,Pre,2013
912343757,NWS11,Hibernia Lagoon SW,-11.98059,123.33523,2/9/2013,RLS,Squidle+,Pre,2013
912352027,NWS11,Hibernia Lagoon SW,-11.98059,123.33523,2/1/2019,RLS,Squidle+,Post,2019
912352064,NWS11,Hibernia Lagoon SW,-11.98059,123.33523,2/1/2019,RLS,Squidle+,Post,2019
912343758,NWS12,Hibernia Lagoon NW,-11.97626,123.33757,2/9/2013,RLS,Squidle+,Pre,2013
912343759,NWS12,Hibernia Lagoon NW,-11.97626,123.33757,2/9/2013,RLS,Squidle+,Pre,2013
912352034,NWS12,Hibernia Lagoon NW,-11.97626,123.33757,3/1/2019,RLS,Squidle+,Post,2019
912352035,NWS12,Hibernia Lagoon NW,-11.97626,123.33757,3/1/2019,RLS,Squidle+,Post,2019
912343760,NWS13,Golden Sleeper Corner,-11.9834,123.3271,2/9/2013,RLS,Squidle+,Pre,2013
912343787,NWS13,Golden Sleeper Corner,-11.9834,123.3271,2/9/2013,RLS,Squidle+,Pre,2013
912343813,NWS13,Golden Sleeper Corner,-11.9834,123.3271,2/9/2013,RLS,Squidle+,Pre,2013
912352092,NWS13,Golden Sleeper Corner,-11.9834,123.3271,2/1/2019,RLS,Squidle+,Post,2019
912352124,NWS13,Golden Sleeper Corner,-11.9834,123.3271,2/1/2019,RLS,Squidle+,Post,2019
912343788,NWS14,Surge Crest East,-12.217,123.00392,3/9/2013,RLS,Squidle+,Pre,2013
912352025,NWS14,Surge Crest East,-12.217,123.00392,1/1/2019,RLS,Squidle+,Post,2019
912352026,NWS14,Surge Crest East,-12.217,123.00392,1/1/2019,RLS,Squidle+,Post,2019
912343761,NWS15,Surge Crest West,-12.2159,123.00575,3/9/2013,RLS,Squidle+,Pre,2013
912343762,NWS15,Surge Crest West,-12.2159,123.00575,3/9/2013,RLS,Squidle+,Pre,2013
912352083,NWS15,Surge Crest West,-12.2159,123.00575,27/12/2018,RLS,Squidle+,Post,2018
912352114,NWS15,Surge Crest West,-12.2159,123.00575,27/12/2018,RLS,Squidle+,Post,2018
912343789,NWS16,Guardian Reef,-12.23963,122.98389,3/9/2013,RLS,Squidle+,Pre,2013
912343815,NWS16,Guardian Reef,-12.23963,122.98389,3/9/2013,RLS,Squidle+,Pre,2013
912352030,NWS16,Guardian Reef,-12.23963,122.98389,31/12/2018,RLS,Squidle+,Post,2018
912352031,NWS16,Guardian Reef,-12.23963,122.98389,31/12/2018,RLS,Squidle+,Post,2018
912343763,NWS17,Turtle Patch,-12.24179,122.99063,3/9/2013,RLS,Squidle+,Pre,2013
912352090,NWS17,Turtle Patch,-12.24179,122.99063,31/12/2018,RLS,Squidle+,Post,2018
912352121,NWS17,Turtle Patch,-12.24179,122.99063,31/12/2018,RLS,Squidle+,Post,2018
912343816,NWS18,Busy Bommie,-12.24122,122.98493,4/9/2013,RLS,Squidle+,Pre,2013
912352085,NWS18,Busy Bommie,-12.24122,122.98493,28/12/2018,RLS,Squidle+,Post,2018
912352116,NWS18,Busy Bommie,-12.24122,122.98493,28/12/2018,RLS,Squidle+,Post,2018
912343790,NWS19,Grand Oculis Bommie,-12.24054,122.98329,4/9/2013,RLS,Squidle+,Pre,2013
912352063,NWS19,Grand Oculis Bommie,-12.24054,122.98329,1/1/2019,RLS,Squidle+,Post,2019
912352123,NWS19,Grand Oculis Bommie,-12.24054,122.98329,1/1/2019,RLS,Squidle+,Post,2019
912343764,NWS20,Flat's Edge,-12.24414,123.00182,4/9/2013,RLS,Squidle+,Pre,2013
912352014,NWS20,Flat's Edge,-12.24414,123.00182,28/12/2018,RLS,Squidle+,Post,2018
912352015,NWS20,Flat's Edge,-12.24414,123.00182,28/12/2018,RLS,Squidle+,Post,2018
912343765,NWS21,Hemiplage Bommie,-12.24405,122.99881,4/9/2013,RLS,Squidle+,Pre,2013
912352012,NWS21,Hemiplage Bommie,-12.24405,122.99881,28/12/2018,RLS,Squidle+,Post,2018
912352013,NWS21,Hemiplage Bommie,-12.24405,122.99881,28/12/2018,RLS,Squidle+,Post,2018
912343791,NWS22,Dotty Reef,-12.24109,122.9864,4/9/2013,RLS,Squidle+,Pre,2013
912343817,NWS22,Dotty Reef,-12.24109,122.9864,4/9/2013,RLS,Squidle+,Pre,2013
912352091,NWS22,Dotty Reef,-12.24109,122.9864,31/12/2018,RLS,Squidle+,Post,2018
912352122,NWS22,Dotty Reef,-12.24109,122.9864,31/12/2018,RLS,Squidle+,Post,2018
912343766,NWS23,Kuhlii Bommie,-12.23384,122.99001,4/9/2013,RLS,Squidle+,Pre,2013
912343792,NWS23,Kuhlii Bommie,-12.23384,122.99001,4/9/2013,RLS,Squidle+,Pre,2013
912352032,NWS23,Kuhlii Bommie,-12.23384,122.99001,31/12/2018,RLS,Squidle+,Post,2018
912352033,NWS23,Kuhlii Bommie,-12.23384,122.99001,31/12/2018,RLS,Squidle+,Post,2018
912343793,NWS24,Reel Lost Bommie,-12.24264,122.98531,5/9/2013,RLS,Squidle+,Pre,2013
912352084,NWS24,Reel Lost Bommie,-12.24264,122.98531,28/12/2018,RLS,Squidle+,Post,2018
912352115,NWS24,Reel Lost Bommie,-12.24264,122.98531,28/12/2018,RLS,Squidle+,Post,2018
912343794,NWS25,Eviota Bommie,-12.23989,122.98643,5/9/2013,RLS,Squidle+,Pre,2013
912352024,NWS25,Eviota Bommie,-12.23989,122.98643,1/1/2019,RLS,Squidle+,Post,2019
912343767,NWS26,Seringapatam North,-13.62389,121.99474,7/9/2013,RLS,Squidle+,Pre,2013
912352081,NWS26,Seringapatam North,-13.62389,121.99474,26/12/2018,RLS,Squidle+,Post,2018
912352112,NWS26,Seringapatam North,-13.62389,121.99474,26/12/2018,RLS,Squidle+,Post,2018
912343768,NWS27,Election Day Reef,-14.07039,121.96127,7/9/2013,RLS,Squidle+,Pre,2013
912343795,NWS27,Election Day Reef,-14.07039,121.96127,7/9/2013,RLS,Squidle+,Pre,2013
912352106,NWS27,Election Day Reef,-14.07039,121.96127,21/12/2018,RLS,Squidle+,Post,2018
912343796,NWS28,Consolation Bommie,-14.1327,121.94218,8/9/2013,RLS,Squidle+,Pre,2013
912351996,NWS28,Consolation Bommie,-14.1327,121.94218,22/12/2018,RLS,Squidle+,Post,2018
912351997,NWS28,Consolation Bommie,-14.1327,121.94218,22/12/2018,RLS,Squidle+,Post,2018
912343797,NWS29,Moray Bommie,-14.12668,121.94546,8/9/2013,RLS,Squidle+,Pre,2013
912351998,NWS29,Moray Bommie,-14.12668,121.94546,22/12/2018,RLS,Squidle+,Post,2018
912351999,NWS29,Moray Bommie,-14.12668,121.94546,22/12/2018,RLS,Squidle+,Post,2018
912343782,NWS3,Cardinal Shoal,-11.9719,123.3878,1/9/2013,RLS,Squidle+,Pre,2013
912343808,NWS3,Cardinal Shoal,-11.9719,123.3878,1/9/2013,RLS,Squidle+,Pre,2013
912352040,NWS3,Cardinal Shoal,-11.9719,123.3878,4/1/2019,RLS,Squidle+,Post,2019
912352041,NWS3,Cardinal Shoal,-11.9719,123.3878,4/1/2019,RLS,Squidle+,Post,2019
912343769,NWS30,Longnose Spur,-14.14184,121.9589,8/9/2013,RLS,Squidle+,Pre,2013
912352036,NWS30,Longnose Spur,-14.14184,121.9589,23/12/2018,RLS,Squidle+,Post,2018
912352037,NWS30,Longnose Spur,-14.14184,121.9589,23/12/2018,RLS,Squidle+,Post,2018
912343770,NWS31,Napoleon Reef,-14.14383,121.95693,8/9/2013,RLS,Squidle+,Pre,2013
912352011,NWS31,Napoleon Reef,-14.14383,121.95693,23/12/2018,RLS,Squidle+,Post,2018
912343771,NWS32,Goby Heaven,-14.10934,121.96473,8/9/2013,RLS,Squidle+,Pre,2013
912343798,NWS32,Goby Heaven,-14.10934,121.96473,8/9/2013,RLS,Squidle+,Pre,2013
912352078,NWS32,Goby Heaven,-14.10934,121.96473,22/12/2018,RLS,Squidle+,Post,2018
912352108,NWS32,Goby Heaven,-14.10934,121.96473,22/12/2018,RLS,Squidle+,Post,2018
912343772,NWS33,NE Passage,-14.05597,121.95847,9/9/2013,RLS,Squidle+,Pre,2013
912343799,NWS33,NE Passage,-14.05597,121.95847,9/9/2013,RLS,Squidle+,Pre,2013
912351988,NWS33,NE Passage,-14.05597,121.95847,20/12/2018,RLS,Squidle+,Post,2018
912351989,NWS33,NE Passage,-14.05597,121.95847,20/12/2018,RLS,Squidle+,Post,2018
912343773,NWS34,Table Tip,-14.06257,121.9653,9/9/2013,RLS,Squidle+,Pre,2013
912343800,NWS34,Table Tip,-14.06257,121.9653,9/9/2013,RLS,Squidle+,Pre,2013
912352073,NWS34,Table Tip,-14.06257,121.9653,20/12/2018,RLS,Squidle+,Post,2018
912352074,NWS34,Table Tip,-14.06257,121.9653,20/12/2018,RLS,Squidle+,Post,2018
912343774,NWS35,Ian's Anchorage,-14.0717,121.95083,9/9/2013,RLS,Squidle+,Pre,2013
912343801,NWS35,Ian's Anchorage,-14.0717,121.95083,9/9/2013,RLS,Squidle+,Pre,2013
912352075,NWS35,Ian's Anchorage,-14.0717,121.95083,21/12/2018,RLS,Squidle+,Post,2018
912352105,NWS35,Ian's Anchorage,-14.0717,121.95083,21/12/2018,RLS,Squidle+,Post,2018
912343775,NWS36,Fungiid Fields,-14.0747,121.78767,10/9/2013,RLS,Squidle+,Pre,2013
912343802,NWS36,Fungiid Fields,-14.0747,121.78767,10/9/2013,RLS,Squidle+,Pre,2013
912352000,NWS36,Fungiid Fields,-14.0747,121.78767,23/12/2018,RLS,Squidle+,Post,2018
912352001,NWS36,Fungiid Fields,-14.0747,121.78767,23/12/2018,RLS,Squidle+,Post,2018
912343776,NWS37,Stake Edge,-14.0453,121.78072,10/9/2013,RLS,Squidle+,Pre,2013
912343803,NWS37,Stake Edge,-14.0453,121.78072,10/9/2013,RLS,Squidle+,Pre,2013
912352060,NWS37,Stake Edge,-14.0453,121.78072,24/12/2018,RLS,Squidle+,Post,2018
912352061,NWS37,Stake Edge,-14.0453,121.78072,24/12/2018,RLS,Squidle+,Post,2018
912343777,NWS38,Chaetodontoides,-14.06866,121.77651,10/9/2013,RLS,Squidle+,Pre,2013
912343804,NWS38,Chaetodontoides,-14.06866,121.77651,10/9/2013,RLS,Squidle+,Pre,2013
912352079,NWS38,Chaetodontoides,-14.06866,121.77651,23/12/2018,RLS,Squidle+,Post,2018
912352109,NWS38,Chaetodontoides,-14.06866,121.77651,23/12/2018,RLS,Squidle+,Post,2018
912343778,NWS39,Odonus Dropoff,-14.0828,121.74816,11/9/2013,RLS,Squidle+,Pre,2013
912343805,NWS39,Odonus Dropoff,-14.0828,121.74816,11/9/2013,RLS,Squidle+,Pre,2013
912352004,NWS39,Odonus Dropoff,-14.0828,121.74816,24/12/2018,RLS,Squidle+,Post,2018
912352005,NWS39,Odonus Dropoff,-14.0828,121.74816,24/12/2018,RLS,Squidle+,Post,2018
912343783,NWS4,Titan Reef,-11.969,123.3794,1/9/2013,RLS,Squidle+,Pre,2013
912343809,NWS4,Titan Reef,-11.969,123.3794,1/9/2013,RLS,Squidle+,Pre,2013
912352038,NWS4,Titan Reef,-11.969,123.3794,4/1/2019,RLS,Squidle+,Post,2019
912352039,NWS4,Titan Reef,-11.969,123.3794,4/1/2019,RLS,Squidle+,Post,2019
912343779,NWS40,Stern Trawler Reef,-14.0785,121.742,11/9/2013,RLS,Squidle+,Pre,2013
912343806,NWS40,Stern Trawler Reef,-14.0785,121.742,11/9/2013,RLS,Squidle+,Pre,2013
912343819,NWS40,Stern Trawler Reef,-14.0785,121.742,11/9/2013,RLS,Squidle+,Pre,2013
912352080,NWS40,Stern Trawler Reef,-14.0785,121.742,24/12/2018,RLS,Squidle+,Post,2018
912352110,NWS40,Stern Trawler Reef,-14.0785,121.742,24/12/2018,RLS,Squidle+,Post,2018
912343780,NWS41,Dead West,-14.10823,121.72068,11/9/2013,RLS,Squidle+,Pre,2013
912343807,NWS41,Dead West,-14.10823,121.72068,11/9/2013,RLS,Squidle+,Pre,2013
912352002,NWS41,Dead West,-14.10823,121.72068,24/12/2018,RLS,Squidle+,Post,2018
912352003,NWS41,Dead West,-14.10823,121.72068,24/12/2018,RLS,Squidle+,Post,2018
912343751,NWS5,Hibernia Lagoon SE,-11.97961,123.38074,1/9/2013,RLS,Squidle+,Pre,2013
912343752,NWS5,Hibernia Lagoon SE,-11.97961,123.38074,1/9/2013,RLS,Squidle+,Pre,2013
912352128,NWS5,Hibernia Lagoon SE,-11.97961,123.38074,4/1/2019,RLS,Squidle+,Post,2019
912344169,NWS50,Imperieuse SE lagoon,-17.6101,118.97,21/9/2013,RLS,Squidle+,Pre,2013
912344170,NWS50,Imperieuse SE lagoon,-17.6101,118.97,21/9/2013,RLS,Squidle+,Pre,2013
912351967,NWS50,Imperieuse SE lagoon,-17.6101,118.97,23/11/2018,RLS,Squidle+,Post,2018
912351968,NWS50,Imperieuse SE lagoon,-17.6101,118.97,23/11/2018,RLS,Squidle+,Post,2018
912344171,NWS51,Imperieuse West Lagoon,-17.6089,118.96364,21/9/2013,RLS,Squidle+,Pre,2013
912351969,NWS51,Imperieuse West Lagoon,-17.6089,118.96364,23/11/2018,RLS,Squidle+,Post,2018
912351970,NWS51,Imperieuse West Lagoon,-17.6089,118.96364,23/11/2018,RLS,Squidle+,Post,2018
912344175,NWS53,Imperieuse SE reef top,-17.579,118.96872,22/9/2013,RLS,Squidle+,Pre,2013
912344176,NWS53,Imperieuse SE reef top,-17.579,118.96872,22/9/2013,RLS,Squidle+,Pre,2013
912351928,NWS53,Imperieuse SE reef top,-17.579,118.96872,26/11/2018,RLS,Squidle+,Post,2018
912351929,NWS53,Imperieuse SE reef top,-17.579,118.96872,26/11/2018,RLS,Squidle+,Post,2018
912344177,NWS54,Imperieuse east lagoon,-17.5804,118.9369,22/9/2013,RLS,Squidle+,Pre,2013
912344178,NWS54,Imperieuse east lagoon,-17.5804,118.9369,22/9/2013,RLS,Squidle+,Pre,2013
912351918,NWS54,Imperieuse east lagoon,-17.5804,118.9369,24/11/2018,RLS,Squidle+,Post,2018
912351919,NWS54,Imperieuse east lagoon,-17.5804,118.9369,24/11/2018,RLS,Squidle+,Post,2018
912344179,NWS55,Imperieuse East,-17.56991,118.97193,22/9/2013,RLS,Squidle+,Pre,2013
912344180,NWS55,Imperieuse East,-17.56991,118.97193,22/9/2013,RLS,Squidle+,Pre,2013
912351971,NWS55,Imperieuse East,-17.56991,118.97193,24/11/2018,RLS,Squidle+,Post,2018
912351972,NWS55,Imperieuse East,-17.56991,118.97193,24/11/2018,RLS,Squidle+,Post,2018
912344181,NWS56,Imperieuse Reef Rage,-17.6102,118.9747,22/9/2013,RLS,Squidle+,Pre,2013
912344182,NWS56,Imperieuse Reef Rage,-17.6102,118.9747,22/9/2013,RLS,Squidle+,Pre,2013
912351916,NWS56,Imperieuse Reef Rage,-17.6102,118.9747,23/11/2018,RLS,Squidle+,Post,2018
912351917,NWS56,Imperieuse Reef Rage,-17.6102,118.9747,23/11/2018,RLS,Squidle+,Post,2018
912344183,NWS57,Imperieuse edge,-17.548,118.9737,23/9/2013,RLS,Squidle+,Pre,2013
912351973,NWS57,Imperieuse edge,-17.548,118.9737,25/11/2018,RLS,Squidle+,Post,2018
912351974,NWS57,Imperieuse edge,-17.548,118.9737,25/11/2018,RLS,Squidle+,Post,2018
912344184,NWS58,Rowley Shoals 3,-17.5531,118.9738,23/9/2013,RLS,Squidle+,Pre,2013
912351951,NWS58,Rowley Shoals 3,-17.5531,118.9738,24/11/2018,RLS,Squidle+,Post,2018
912351952,NWS58,Rowley Shoals 3,-17.5531,118.9738,24/11/2018,RLS,Squidle+,Post,2018
912344185,NWS59,Imperieuse lagoon bommie,-17.54732,118.9668,23/9/2013,RLS,Squidle+,Pre,2013
912344186,NWS59,Imperieuse lagoon bommie,-17.54732,118.9668,23/9/2013,RLS,Squidle+,Pre,2013
912351926,NWS59,Imperieuse lagoon bommie,-17.54732,118.9668,26/11/2018,RLS,Squidle+,Post,2018
912351927,NWS59,Imperieuse lagoon bommie,-17.54732,118.9668,26/11/2018,RLS,Squidle+,Post,2018
912343753,NWS6,Hibernia Lagoon SE2,-11.97448,123.38116,1/9/2013,RLS,Squidle+,Pre,2013
912343754,NWS6,Hibernia Lagoon SE2,-11.97448,123.38116,1/9/2013,RLS,Squidle+,Pre,2013
912352097,NWS6,Hibernia Lagoon SE2,-11.97448,123.38116,4/1/2019,RLS,Squidle+,Post,2019
912352129,NWS6,Hibernia Lagoon SE2,-11.97448,123.38116,4/1/2019,RLS,Squidle+,Post,2019
912344187,NWS60,Imperieuse 14,-17.54749,118.96884,23/9/2013,RLS,Squidle+,Pre,2013
912344188,NWS60,Imperieuse 14,-17.54749,118.96884,23/9/2013,RLS,Squidle+,Pre,2013
912351975,NWS60,Imperieuse 14,-17.54749,118.96884,25/11/2018,RLS,Squidle+,Post,2018
912351976,NWS60,Imperieuse 14,-17.54749,118.96884,25/11/2018,RLS,Squidle+,Post,2018
912344189,NWS61,Imperieuse edge RS3-3,-17.5582,118.9724,23/9/2013,RLS,Squidle+,Pre,2013
912344190,NWS61,Imperieuse edge RS3-3,-17.5582,118.9724,23/9/2013,RLS,Squidle+,Pre,2013
912351914,NWS61,Imperieuse edge RS3-3,-17.5582,118.9724,23/11/2018,RLS,Squidle+,Post,2018
912351915,NWS61,Imperieuse edge RS3-3,-17.5582,118.9724,23/11/2018,RLS,Squidle+,Post,2018
912344191,NWS62,Imperieuse anchorage,-17.50713,118.96635,24/9/2013,RLS,Squidle+,Pre,2013
912351925,NWS62,Imperieuse anchorage,-17.50713,118.96635,25/11/2018,RLS,Squidle+,Post,2018
912344192,NWS63,Imperieuse north,-17.50218,118.96276,24/9/2013,RLS,Squidle+,Pre,2013
912344193,NWS63,Imperieuse north,-17.50218,118.96276,24/9/2013,RLS,Squidle+,Pre,2013
912351922,NWS63,Imperieuse north,-17.50218,118.96276,25/11/2018,RLS,Squidle+,Post,2018
912351923,NWS63,Imperieuse north,-17.50218,118.96276,25/11/2018,RLS,Squidle+,Post,2018
912344194,NWS64,Imperieuse north lagoon,-17.56045,118.94214,24/9/2013,RLS,Squidle+,Pre,2013
912344195,NWS64,Imperieuse north lagoon,-17.56045,118.94214,24/9/2013,RLS,Squidle+,Pre,2013
912351920,NWS64,Imperieuse north lagoon,-17.56045,118.94214,24/11/2018,RLS,Squidle+,Post,2018
912351921,NWS64,Imperieuse north lagoon,-17.56045,118.94214,24/11/2018,RLS,Squidle+,Post,2018
912344199,NWS66,Mermaid anchorage dropoff 1.3,-17.0764,119.6539,25/9/2013,RLS,Squidle+,Pre,2013
912344200,NWS66,Mermaid anchorage dropoff 1.3,-17.0764,119.6539,25/9/2013,RLS,Squidle+,Pre,2013
912344198,NWS66,Mermaid anchorage dropoff 1.3,-17.0764,119.6539,26/9/2013,RLS,Squidle+,Pre,2013
912351934,NWS66,Mermaid anchorage dropoff 1.3,-17.0764,119.6539,13/11/2018,RLS,Squidle+,Post,2018
912351935,NWS66,Mermaid anchorage dropoff 1.3,-17.0764,119.6539,13/11/2018,RLS,Squidle+,Post,2018
912351936,NWS66,Mermaid anchorage dropoff 1.3,-17.0764,119.6539,15/11/2018,RLS,Squidle+,Post,2018
912344201,NWS67,Mermaid anchorage bommie,-17.07374,119.6455,26/9/2013,RLS,Squidle+,Pre,2013
912344202,NWS67,Mermaid anchorage bommie,-17.07374,119.6455,26/9/2013,RLS,Squidle+,Pre,2013
912351955,NWS67,Mermaid anchorage bommie,-17.07374,119.6455,14/11/2018,RLS,Squidle+,Post,2018
912351956,NWS67,Mermaid anchorage bommie,-17.07374,119.6455,14/11/2018,RLS,Squidle+,Post,2018
912344203,NWS68,Mermaid S channel entrance,-17.06263,119.64696,26/9/2013,RLS,Squidle+,Pre,2013
912344204,NWS68,Mermaid S channel entrance,-17.06263,119.64696,26/9/2013,RLS,Squidle+,Pre,2013
912351937,NWS68,Mermaid S channel entrance,-17.06263,119.64696,15/11/2018,RLS,Squidle+,Post,2018
912351938,NWS68,Mermaid S channel entrance,-17.06263,119.64696,15/11/2018,RLS,Squidle+,Post,2018
912344205,NWS69,Mermaid anchorage dropoff 1.1,-17.0658,119.6494,27/9/2013,RLS,Squidle+,Pre,2013
912344206,NWS69,Mermaid anchorage dropoff 1.1,-17.0658,119.6494,27/9/2013,RLS,Squidle+,Pre,2013
912351884,NWS69,Mermaid anchorage dropoff 1.1,-17.0658,119.6494,14/11/2018,RLS,Squidle+,Post,2018
912351885,NWS69,Mermaid anchorage dropoff 1.1,-17.0658,119.6494,14/11/2018,RLS,Squidle+,Post,2018
912343784,NWS7,Big Fish Gulch,-11.9671,123.3586,1/9/2013,RLS,Squidle+,Pre,2013
912343810,NWS7,Big Fish Gulch,-11.9671,123.3586,1/9/2013,RLS,Squidle+,Pre,2013
912352095,NWS7,Big Fish Gulch,-11.9671,123.3586,3/1/2019,RLS,Squidle+,Post,2019
912352127,NWS7,Big Fish Gulch,-11.9671,123.3586,3/1/2019,RLS,Squidle+,Post,2019
912344209,NWS71,Mermaid S bommie,-17.15365,119.6311,27/9/2013,RLS,Squidle+,Pre,2013
912344210,NWS71,Mermaid S bommie,-17.15365,119.6311,27/9/2013,RLS,Squidle+,Pre,2013
912351886,NWS71,Mermaid S bommie,-17.15365,119.6311,15/11/2018,RLS,Squidle+,Post,2018
912351887,NWS71,Mermaid S bommie,-17.15365,119.6311,15/11/2018,RLS,Squidle+,Post,2018
912344212,NWS72,Mermaid Reef Lagoon Dragon,-17.0754,119.64617,27/9/2013,RLS,Squidle+,Pre,2013
912351888,NWS72,Mermaid Reef Lagoon Dragon,-17.0754,119.64617,15/11/2018,RLS,Squidle+,Post,2018
912351889,NWS72,Mermaid Reef Lagoon Dragon,-17.0754,119.64617,15/11/2018,RLS,Squidle+,Post,2018
912344213,NWS73,Mermaid channel mid bank,-17.06644,119.64167,28/9/2013,RLS,Squidle+,Pre,2013
912344214,NWS73,Mermaid channel mid bank,-17.06644,119.64167,28/9/2013,RLS,Squidle+,Pre,2013
912351953,NWS73,Mermaid channel mid bank,-17.06644,119.64167,14/11/2018,RLS,Squidle+,Post,2018
912351954,NWS73,Mermaid channel mid bank,-17.06644,119.64167,14/11/2018,RLS,Squidle+,Post,2018
912344215,NWS74,Mermaid Lagoon Reef Dragon Escape,-17.06983,119.64367,28/9/2013,RLS,Squidle+,Pre,2013
912344216,NWS74,Mermaid Lagoon Reef Dragon Escape,-17.06983,119.64367,28/9/2013,RLS,Squidle+,Pre,2013
912351930,NWS74,Mermaid Lagoon Reef Dragon Escape,-17.06983,119.64367,12/11/2018,RLS,Squidle+,Post,2018
912351931,NWS74,Mermaid Lagoon Reef Dragon Escape,-17.06983,119.64367,12/11/2018,RLS,Squidle+,Post,2018
912344217,NWS75,Mermaid west lagoon,-17.08687,119.6148,28/9/2013,RLS,Squidle+,Pre,2013
912344218,NWS75,Mermaid west lagoon,-17.08687,119.6148,28/9/2013,RLS,Squidle+,Pre,2013
912351957,NWS75,Mermaid west lagoon,-17.08687,119.6148,16/11/2018,RLS,Squidle+,Post,2018
912351958,NWS75,Mermaid west lagoon,-17.08687,119.6148,16/11/2018,RLS,Squidle+,Post,2018
912344219,NWS76,Mermaid central bommie,-17.11469,119.63474,28/9/2013,RLS,Squidle+,Pre,2013
912344220,NWS76,Mermaid central bommie,-17.11469,119.63474,28/9/2013,RLS,Squidle+,Pre,2013
912351882,NWS76,Mermaid central bommie,-17.11469,119.63474,13/11/2018,RLS,Squidle+,Post,2018
912351883,NWS76,Mermaid central bommie,-17.11469,119.63474,13/11/2018,RLS,Squidle+,Post,2018
912344221,NWS77,Mermaid Reef Cod Hole,-17.06202,119.64815,29/9/2013,RLS,Squidle+,Pre,2013
912344222,NWS77,Mermaid Reef Cod Hole,-17.06202,119.64815,29/9/2013,RLS,Squidle+,Pre,2013
912351895,NWS77,Mermaid Reef Cod Hole,-17.06202,119.64815,17/11/2018,RLS,Squidle+,Post,2018
912344223,NWS78,Mermaid channel bommies,-17.0666,119.64027,29/9/2013,RLS,Squidle+,Pre,2013
912344224,NWS78,Mermaid channel bommies,-17.0666,119.64027,29/9/2013,RLS,Squidle+,Pre,2013
912351890,NWS78,Mermaid channel bommies,-17.0666,119.64027,14/11/2018,RLS,Squidle+,Post,2018
912344225,NWS79,Mermaid dropoff 1.2,-17.0721,119.6533,29/9/2013,RLS,Squidle+,Pre,2013
912344226,NWS79,Mermaid dropoff 1.2,-17.0721,119.6533,29/9/2013,RLS,Squidle+,Pre,2013
912351878,NWS79,Mermaid dropoff 1.2,-17.0721,119.6533,12/11/2018,RLS,Squidle+,Post,2018
912351879,NWS79,Mermaid dropoff 1.2,-17.0721,119.6533,12/11/2018,RLS,Squidle+,Post,2018
912343755,NWS8,Hibernia Lagoon South,-11.97908,123.36079,1/9/2013,RLS,Squidle+,Pre,2013
912352094,NWS8,Hibernia Lagoon South,-11.97908,123.36079,3/1/2019,RLS,Squidle+,Post,2019
912352126,NWS8,Hibernia Lagoon South,-11.97908,123.36079,3/1/2019,RLS,Squidle+,Post,2019
912344227,NWS80,Mermaid Reef No Pygmy,-17.08181,119.65518,29/9/2013,RLS,Squidle+,Pre,2013
912344228,NWS80,Mermaid Reef No Pygmy,-17.08181,119.65518,29/9/2013,RLS,Squidle+,Pre,2013
912351932,NWS80,Mermaid Reef No Pygmy,-17.08181,119.65518,13/11/2018,RLS,Squidle+,Post,2018
912351933,NWS80,Mermaid Reef No Pygmy,-17.08181,119.65518,13/11/2018,RLS,Squidle+,Post,2018
912344229,NWS81,Mermaid North M1,-17.02767,119.61792,30/9/2013,RLS,Squidle+,Pre,2013
912344230,NWS81,Mermaid North M1,-17.02767,119.61792,30/9/2013,RLS,Squidle+,Pre,2013
912351892,NWS81,Mermaid North M1,-17.02767,119.61792,16/11/2018,RLS,Squidle+,Post,2018
912351893,NWS81,Mermaid North M1,-17.02767,119.61792,16/11/2018,RLS,Squidle+,Post,2018
912344231,NWS82,Mermaid west dropoff M4,-17.0762,119.5962,30/9/2013,RLS,Squidle+,Pre,2013
912344232,NWS82,Mermaid west dropoff M4,-17.0762,119.5962,30/9/2013,RLS,Squidle+,Pre,2013
912351959,NWS82,Mermaid west dropoff M4,-17.0762,119.5962,16/11/2018,RLS,Squidle+,Post,2018
912351960,NWS82,Mermaid west dropoff M4,-17.0762,119.5962,16/11/2018,RLS,Squidle+,Post,2018
912344233,NWS83,Clerke North C1B,-17.24607,119.35201,1/10/2013,RLS,Squidle+,Pre,2013
912344234,NWS83,Clerke North C1B,-17.24607,119.35201,1/10/2013,RLS,Squidle+,Pre,2013
912351947,NWS83,Clerke North C1B,-17.24607,119.35201,21/11/2018,RLS,Squidle+,Post,2018
912351948,NWS83,Clerke North C1B,-17.24607,119.35201,21/11/2018,RLS,Squidle+,Post,2018
912344235,NWS84,Clerke North Point,-17.24612,119.34713,1/10/2013,RLS,Squidle+,Pre,2013
912344236,NWS84,Clerke North Point,-17.24612,119.34713,1/10/2013,RLS,Squidle+,Pre,2013
912351945,NWS84,Clerke North Point,-17.24612,119.34713,21/11/2018,RLS,Squidle+,Post,2018
912351946,NWS84,Clerke North Point,-17.24612,119.34713,21/11/2018,RLS,Squidle+,Post,2018
912344238,NWS86,Clerke anchorage dropoff 2.1,-17.2909,119.35929,1/10/2013,RLS,Squidle+,Pre,2013
912344239,NWS86,Clerke anchorage dropoff 2.1,-17.2909,119.35929,1/10/2013,RLS,Squidle+,Pre,2013
912351900,NWS86,Clerke anchorage dropoff 2.1,-17.2909,119.35929,18/11/2018,RLS,Squidle+,Post,2018
912351901,NWS86,Clerke anchorage dropoff 2.1,-17.2909,119.35929,18/11/2018,RLS,Squidle+,Post,2018
912344240,NWS87,Clerke Anchorage Dropoff 2.2,-17.2843,119.3769,1/10/2013,RLS,Squidle+,Pre,2013
912344241,NWS87,Clerke Anchorage Dropoff 2.2,-17.2843,119.3769,1/10/2013,RLS,Squidle+,Pre,2013
912351966,NWS87,Clerke Anchorage Dropoff 2.2,-17.2843,119.3769,20/11/2018,RLS,Squidle+,Post,2018
912344242,NWS88,Clerke anchorage dropoff 2.3,-17.288,119.3775,1/10/2013,RLS,Squidle+,Pre,2013
912344243,NWS88,Clerke anchorage dropoff 2.3,-17.288,119.3775,1/10/2013,RLS,Squidle+,Pre,2013
912351898,NWS88,Clerke anchorage dropoff 2.3,-17.288,119.3775,18/11/2018,RLS,Squidle+,Post,2018
912351899,NWS88,Clerke anchorage dropoff 2.3,-17.288,119.3775,18/11/2018,RLS,Squidle+,Post,2018
912344244,NWS89,Blue lagoon,-17.25302,119.36037,2/10/2013,RLS,Squidle+,Pre,2013
912351912,NWS89,Blue lagoon,-17.25302,119.36037,21/11/2018,RLS,Squidle+,Post,2018
912351913,NWS89,Blue lagoon,-17.25302,119.36037,21/11/2018,RLS,Squidle+,Post,2018
912343785,NWS9,Spur and Groove Reef,-11.9685,123.3356,2/9/2013,RLS,Squidle+,Pre,2013
912343811,NWS9,Spur and Groove Reef,-11.9685,123.3356,2/9/2013,RLS,Squidle+,Pre,2013
912352028,NWS9,Spur and Groove Reef,-11.9685,123.3356,2/1/2019,RLS,Squidle+,Post,2019
912352029,NWS9,Spur and Groove Reef,-11.9685,123.3356,2/1/2019,RLS,Squidle+,Post,2019
912344245,NWS90,Clerke Reef Snorkelling Paradise,-17.28632,119.3724,2/10/2013,RLS,Squidle+,Pre,2013
912344246,NWS90,Clerke Reef Snorkelling Paradise,-17.28632,119.3724,2/10/2013,RLS,Squidle+,Pre,2013
912351902,NWS90,Clerke Reef Snorkelling Paradise,-17.28632,119.3724,20/11/2018,RLS,Squidle+,Post,2018
912351903,NWS90,Clerke Reef Snorkelling Paradise,-17.28632,119.3724,20/11/2018,RLS,Squidle+,Post,2018
912344247,NWS91,Clerke NE C14,-17.28312,119.37301,2/10/2013,RLS,Squidle+,Pre,2013
912344248,NWS91,Clerke NE C14,-17.28312,119.37301,2/10/2013,RLS,Squidle+,Pre,2013
912351896,NWS91,Clerke NE C14,-17.28312,119.37301,17/11/2018,RLS,Squidle+,Post,2018
912351897,NWS91,Clerke NE C14,-17.28312,119.37301,17/11/2018,RLS,Squidle+,Post,2018
912344249,NWS92,Clerke Reef Aquarium,-17.28321,119.37053,2/10/2013,RLS,Squidle+,Pre,2013
912351939,NWS92,Clerke Reef Aquarium,-17.28321,119.37053,17/11/2018,RLS,Squidle+,Post,2018
912351940,NWS92,Clerke Reef Aquarium,-17.28321,119.37053,17/11/2018,RLS,Squidle+,Post,2018
912344250,NWS93,Clerke west lagoon C26,-17.29772,119.3423,2/10/2013,RLS,Squidle+,Pre,2013
912344251,NWS93,Clerke west lagoon C26,-17.29772,119.3423,2/10/2013,RLS,Squidle+,Pre,2013
912351905,NWS93,Clerke west lagoon C26,-17.29772,119.3423,20/11/2018,RLS,Squidle+,Post,2018
912344252,NWS94,Clerke west C12,-17.31065,119.3675,2/10/2013,RLS,Squidle+,Pre,2013
912344253,NWS94,Clerke west C12,-17.31065,119.3675,2/10/2013,RLS,Squidle+,Pre,2013
912351910,NWS94,Clerke west C12,-17.31065,119.3675,21/11/2018,RLS,Squidle+,Post,2018
912344254,NWS95,Clerke lagoon bommie C13,-17.31065,119.3675,3/10/2013,RLS,Squidle+,Pre,2013
912344255,NWS95,Clerke lagoon bommie C13,-17.31065,119.3675,3/10/2013,RLS,Squidle+,Pre,2013
912351906,NWS95,Clerke lagoon bommie C13,-17.31065,119.3675,19/11/2018,RLS,Squidle+,Post,2018
912351907,NWS95,Clerke lagoon bommie C13,-17.31065,119.3675,19/11/2018,RLS,Squidle+,Post,2018
912344257,NWS96,South Lagoon bommie C21,-17.31882,119.3605,3/10/2013,RLS,Squidle+,Pre,2013
912351961,NWS96,South Lagoon bommie C21,-17.31882,119.3605,18/11/2018,RLS,Squidle+,Post,2018
912351962,NWS96,South Lagoon bommie C21,-17.31882,119.3605,18/11/2018,RLS,Squidle+,Post,2018
912344258,NWS97,Clerke south lagoon C25,-17.3155,119.3675,3/10/2013,RLS,Squidle+,Pre,2013
912351963,NWS97,Clerke south lagoon C25,-17.3155,119.3675,18/11/2018,RLS,Squidle+,Post,2018
912351964,NWS97,Clerke south lagoon C25,-17.3155,119.3675,18/11/2018,RLS,Squidle+,Post,2018
912344260,NWS98,Clerke lagoon east C20,-17.30694,119.37064,3/10/2013,RLS,Squidle+,Pre,2013
912344261,NWS98,Clerke lagoon east C20,-17.30694,119.37064,3/10/2013,RLS,Squidle+,Pre,2013
912351943,NWS98,Clerke lagoon east C20,-17.30694,119.37064,19/11/2018,RLS,Squidle+,Post,2018
912351944,NWS98,Clerke lagoon east C20,-17.30694,119.37064,19/11/2018,RLS,Squidle+,Post,2018
912344262,NWS99,Clerke lagoon NW bommie C29,-17.2909,119.35929,4/10/2013,RLS,Squidle+,Pre,2013
912344263,NWS99,Clerke lagoon NW bommie C29,-17.2909,119.35929,4/10/2013,RLS,Squidle+,Pre,2013
912351908,NWS99,Clerke lagoon NW bommie C29,-17.2909,119.35929,19/11/2018,RLS,Squidle+,Post,2018
912351909,NWS99,Clerke lagoon NW bommie C29,-17.2909,119.35929,19/11/2018,RLS,Squidle+,Post,2018
6002159,WA83,Bardi Hole  Cape Leveque,-16.43598,123.05123,11/6/2010,RLS,Squidle+,Pre,2010
6002160,WA83,Bardi Hole  Cape Leveque,-16.43598,123.05123,11/6/2010,RLS,Squidle+,Pre,2010
912351977,WA83,Bardi Hole  Cape Leveque,-16.43598,123.05123,2/12/2018,RLS,Squidle+,Post,2018
912351978,WA83,Bardi Hole  Cape Leveque,-16.43598,123.05123,2/12/2018,RLS,Squidle+,Post,2018
6002158,WA86,Gundanin Headland,-16.41926,123.0338,10/6/2010,RLS,Squidle+,Pre,2010
912351986,WA86,Gundanin Headland,-16.41926,123.0338,13/12/2018,RLS,Squidle+,Post,2018
912351987,WA86,Gundanin Headland,-16.41926,123.0338,13/12/2018,RLS,Squidle+,Post,2018
6002154,WA87,One tree reef S,-16.39654,123.03509,10/6/2010,RLS,Squidle+,Pre,2010
6002155,WA87,One tree reef S,-16.39654,123.03509,10/6/2010,RLS,Squidle+,Pre,2010
6002156,WA87,One tree reef S,-16.39654,123.03509,10/6/2010,RLS,Squidle+,Pre,2010
6002157,WA87,One tree reef S,-16.39654,123.03509,10/6/2010,RLS,Squidle+,Pre,2010
912351981,WA87,One tree reef S,-16.39654,123.03509,2/12/2018,RLS,Squidle+,Post,2018
912351982,WA87,One tree reef S,-16.39654,123.03509,2/12/2018,RLS,Squidle+,Post,2018