SurveyID,Region,SiteCode,MPA,Pre or post bleach,Year,Reef
4000678,GBR,COR11,NTZ,Pre,2010,Hastings
4000679,GBR,COR11,NTZ,Pre,2010,Hastings
4000680,GBR,COR11,NTZ,Pre,2010,Hastings
4000681,GBR,COR11,NTZ,Pre,2010,Hastings
4000715,GBR,COR12,NTZ,Pre,2010,Agincourt
4000716,GBR,COR14,NTZ,Pre,2010,Agincourt
4000717,GBR,COR13,NTZ,Pre,2010,Agincourt
4000720,GBR,QLD51,NTZ,Pre,2010,Lizard
4000721,GBR,QLD51,NTZ,Pre,2010,Lizard
4000722,GBR,QLD52,NTZ,Pre,2010,Lizard
4000723,GBR,QLD52,NTZ,Pre,2010,Lizard
4000724,GBR,QLD47,NTZ,Pre,2010,Lizard
4000725,GBR,QLD47,NTZ,Pre,2010,Lizard
4000730,GBR,QLD55,0,Pre,2010,Lizard
4000731,GBR,QLD55,0,Pre,2010,Lizard
4000732,GBR,QLD57,0,Pre,2010,Lizard
4000733,GBR,QLD57,0,Pre,2010,Lizard
4000734,GBR,QLD46,NTZ,Pre,2010,Lizard
4000735,GBR,QLD46,NTZ,Pre,2010,Lizard
4000738,GBR,QLD50,NTZ,Pre,2010,Lizard
4000739,GBR,QLD50,NTZ,Pre,2010,Lizard
4000752,GBR,QLD54,NTZ,Pre,2010,Lizard
4000753,GBR,QLD54,NTZ,Pre,2010,Lizard
4000758,GBR,QLD7,NTZ,Pre,2010,Keppel
4000759,GBR,QLD7,NTZ,Pre,2010,Keppel
4000775,GBR,QLD15,NTZ,Pre,2010,Keppel
4000776,GBR,QLD15,NTZ,Pre,2010,Keppel
4000848,GBR,QLD20,NTZ,Pre,2010,Whitsundays
4000850,GBR,QLD18,NTZ,Pre,2010,Whitsundays
4000851,GBR,QLD18,NTZ,Pre,2010,Whitsundays
912340015,GBR,QLD60,0,Pre,2012,Chicken
912340016,GBR,QLD60,0,Pre,2012,Chicken
912340017,GBR,QLD61,0,Pre,2012,Chicken
912340018,GBR,QLD61,0,Pre,2012,Chicken
912340019,GBR,QLD62,0,Pre,2012,Chicken
912340020,GBR,QLD62,0,Pre,2012,Chicken
912342230,GBR,CS1,0,Pre,2012,Marion
912342231,GBR,CS2,0,Pre,2012,Marion
912342232,GBR,CS3,0,Pre,2012,Marion
912342233,GBR,CS4,0,Pre,2012,Marion
912342234,GBR,CS6,0,Pre,2012,Marion
912342235,GBR,CS7,0,Pre,2012,Marion
912342236,GBR,CS7,0,Pre,2012,Marion
912342237,GBR,CS8,0,Pre,2012,Marion
912342238,GBR,CS8,0,Pre,2012,Marion
912342239,GBR,CS1,0,Pre,2012,Marion
912342240,GBR,CS2,0,Pre,2012,Marion
912342241,GBR,CS3,0,Pre,2012,Marion
912342242,GBR,CS4,0,Pre,2012,Marion
912342243,GBR,CS6,0,Pre,2012,Marion
912342244,GBR,CS5,0,Pre,2012,Marion
912342245,GBR,CS5,0,Pre,2012,Marion
912342266,GBR,CS9,NTZ,Pre,2012,NE Herald
912342267,GBR,CS9,NTZ,Pre,2012,NE Herald
912342268,GBR,CS10,NTZ,Pre,2012,NE Herald
912342269,GBR,CS10,NTZ,Pre,2012,NE Herald
912342270,GBR,CS11,NTZ,Pre,2012,NE Herald
912342271,GBR,CS12,NTZ,Pre,2012,NE Herald
912342272,GBR,CS13,NTZ,Pre,2012,NE Herald
912342274,GBR,CS15,NTZ,Pre,2012,Chilcott
912342275,GBR,CS16,NTZ,Pre,2012,Chilcott
912342276,GBR,CS17,NTZ,Pre,2012,SW Islet
912342277,GBR,CS18,NTZ,Pre,2012,SW Islet
912342278,GBR,CS11,NTZ,Pre,2012,NE Herald
912342279,GBR,CS12,NTZ,Pre,2012,NE Herald
912342280,GBR,CS13,NTZ,Pre,2012,NE Herald
912342281,GBR,CS16,NTZ,Pre,2012,Chilcott
912342283,GBR,CS15,NTZ,Pre,2012,Chilcott
912342284,GBR,CS17,NTZ,Pre,2012,SW Islet
912342285,GBR,CS18,NTZ,Pre,2012,SW Islet
912343090,GBR,CS20,0,Pre,2013,Cato
912343091,GBR,CS20,0,Pre,2013,Cato
912343092,GBR,CS21,0,Pre,2013,Cato
912343093,GBR,CS21,0,Pre,2013,Cato
912343094,GBR,CS22,0,Pre,2013,Cato
912343095,GBR,CS22,0,Pre,2013,Cato
912343096,GBR,CS23,0,Pre,2013,Cato
912343097,GBR,CS23,0,Pre,2013,Cato
912343098,GBR,CS24,0,Pre,2013,Cato
912343099,GBR,CS24,0,Pre,2013,Cato
912343100,GBR,CS25,0,Pre,2013,Cato
912343101,GBR,CS25,0,Pre,2013,Cato
912343112,GBR,CS31,0,Pre,2013,Bird
912343113,GBR,CS31,0,Pre,2013,Bird
912343114,GBR,CS32,0,Pre,2013,Bird
912343115,GBR,CS32,0,Pre,2013,Bird
912343116,GBR,CS33,0,Pre,2013,Bird
912343117,GBR,CS33,0,Pre,2013,Bird
912343118,GBR,CS34,0,Pre,2013,Bird
912343119,GBR,CS35,0,Pre,2013,Bird
912343120,GBR,CS35,0,Pre,2013,Bird
912343121,GBR,CS36,0,Pre,2013,Porpoise
912343122,GBR,CS36,0,Pre,2013,Porpoise
912343125,GBR,CS38,0,Pre,2013,Porpoise
912343126,GBR,CS38,0,Pre,2013,Porpoise
912343127,GBR,CS39,0,Pre,2013,Porpoise
912343128,GBR,CS39,0,Pre,2013,Porpoise
912343131,GBR,CS41,0,Pre,2013,Wreck N
912343132,GBR,CS41,0,Pre,2013,Wreck N
912343133,GBR,CS42,0,Pre,2013,Wreck
912343134,GBR,CS42,0,Pre,2013,Wreck
912343137,GBR,CS44,0,Pre,2013,Wreck
912343138,GBR,CS44,0,Pre,2013,Wreck
912343139,GBR,CS45,0,Pre,2013,Wreck
912343140,GBR,CS45,0,Pre,2013,Wreck
912343143,GBR,CS47,0,Pre,2013,Saumarez
912343144,GBR,CS47,0,Pre,2013,Saumarez
912343145,GBR,CS48,0,Pre,2013,Saumarez
912343146,GBR,CS48,0,Pre,2013,Saumarez
912343149,GBR,CS50,0,Pre,2013,Saumarez
912343150,GBR,CS50,0,Pre,2013,Saumarez
912343151,GBR,CS51,0,Pre,2013,Saumarez
912343152,GBR,CS51,0,Pre,2013,Saumarez
912343153,GBR,CS52,0,Pre,2013,Kenn
912343154,GBR,CS52,0,Pre,2013,Kenn
912343157,GBR,CS54,0,Pre,2013,Kenn
912343158,GBR,CS54,0,Pre,2013,Kenn
912343159,GBR,CS55,0,Pre,2013,Kenn
912343160,GBR,CS55,0,Pre,2013,Kenn
912343161,GBR,CS56,0,Pre,2013,Kenn
912343162,GBR,CS56,0,Pre,2013,Kenn
912343163,GBR,CS57,0,Pre,2013,Kenn
912343164,GBR,CS57,0,Pre,2013,Kenn
912343165,GBR,CS58,0,Pre,2013,Kenn
912343166,GBR,CS58,0,Pre,2013,Kenn
912343169,GBR,CS60,0,Pre,2013,Kenn
912343170,GBR,CS60,0,Pre,2013,Kenn
912343171,GBR,CS61,0,Pre,2013,Kenn
912343172,GBR,CS61,0,Pre,2013,Kenn
912343175,GBR,CS63,0,Pre,2013,Frederick
912343176,GBR,CS63,0,Pre,2013,Frederick
912343177,GBR,CS64,0,Pre,2013,Frederick
912343178,GBR,CS64,0,Pre,2013,Frederick
912343179,GBR,CS65,0,Pre,2013,Frederick
912343180,GBR,CS65,0,Pre,2013,Frederick
912343191,GBR,CS71,0,Pre,2013,Frederick
912343192,GBR,CS71,0,Pre,2013,Frederick
912343193,GBR,CS72,0,Pre,2013,Frederick
912343194,GBR,CS72,0,Pre,2013,Frederick
912343195,GBR,CS73,0,Pre,2013,Frederick
912343196,GBR,CS73,0,Pre,2013,Frederick
912343197,GBR,CS74,0,Pre,2013,Frederick
912343198,GBR,CS74,0,Pre,2013,Frederick
912343250,GBR,CS101,0,Pre,2013,Diamond
912343251,GBR,CS101,0,Pre,2013,Diamond
912343252,GBR,CS102,0,Pre,2013,Diamond
912343253,GBR,CS102,0,Pre,2013,Diamond
912343254,GBR,CS103,0,Pre,2013,Diamond
912343255,GBR,CS103,0,Pre,2013,Diamond
912343256,GBR,CS104,0,Pre,2013,Diamond
912343267,GBR,CS110,0,Pre,2013,Tregrosse
912343268,GBR,CS110,0,Pre,2013,Tregrosse
912343269,GBR,CS111,0,Pre,2013,Tregrosse
912343270,GBR,CS111,0,Pre,2013,Tregrosse
912343273,GBR,CS113,0,Pre,2013,Tregrosse
912343274,GBR,CS113,0,Pre,2013,Tregrosse
912343290,GBR,CS122,0,Pre,2013,S Flinders
912343291,GBR,CS122,0,Pre,2013,S Flinders
912343292,GBR,CS123,0,Pre,2013,S Flinders
912343293,GBR,CS123,0,Pre,2013,S Flinders
912343298,GBR,CS126,0,Pre,2013,Flinders
912343299,GBR,CS126,0,Pre,2013,Flinders
912343300,GBR,CS127,0,Pre,2013,Flinders
912343301,GBR,CS127,0,Pre,2013,Flinders
912343302,GBR,CS128,0,Pre,2013,Flinders
912343303,GBR,CS128,0,Pre,2013,Flinders
912343304,GBR,CS129,0,Pre,2013,Flinders
912343305,GBR,CS129,0,Pre,2013,Flinders
912343306,GBR,CS130,0,Pre,2013,Chilcott
912343307,GBR,CS130,0,Pre,2013,Chilcott
912343308,GBR,CS131,0,Pre,2013,Chilcott
912343309,GBR,CS131,0,Pre,2013,Chilcott
912343310,GBR,CS132,0,Pre,2013,Chilcott
912343311,GBR,CS132,0,Pre,2013,Chilcott
912343314,GBR,CS134,0,Pre,2013,Chilcott
912343315,GBR,CS134,0,Pre,2013,Chilcott
912343324,GBR,CS139,0,Pre,2013,Magdelaine
912343325,GBR,CS139,0,Pre,2013,Magdelaine
912343326,GBR,CS140,0,Pre,2013,Magdelaine
912343327,GBR,CS140,0,Pre,2013,Magdelaine
912343328,GBR,CS141,0,Pre,2013,Magdelaine
912343329,GBR,CS141,0,Pre,2013,Magdelaine
912343332,GBR,CS143,0,Pre,2013,Willis
912343333,GBR,CS143,0,Pre,2013,Willis
912343334,GBR,CS144,0,Pre,2013,Willis
912343335,GBR,CS144,0,Pre,2013,Willis
912343336,GBR,CS145,0,Pre,2013,Willis
912343337,GBR,CS145,0,Pre,2013,Willis
912343338,GBR,CS146,0,Pre,2013,Holmes
912343339,GBR,CS146,0,Pre,2013,Holmes
912343340,GBR,CS147,0,Pre,2013,Holmes
912343341,GBR,CS147,0,Pre,2013,Holmes
912343342,GBR,CS148,0,Pre,2013,Holmes
912343343,GBR,CS148,0,Pre,2013,Holmes
912343344,GBR,CS149,0,Pre,2013,Holmes
912343345,GBR,CS149,0,Pre,2013,Holmes
912343346,GBR,CS150,0,Pre,2013,Holmes
912343347,GBR,CS150,0,Pre,2013,Holmes
912343348,GBR,CS151,0,Pre,2013,Holmes
912343349,GBR,CS151,0,Pre,2013,Holmes
912343350,GBR,CS152,0,Pre,2013,Holmes
912343351,GBR,CS152,0,Pre,2013,Holmes
912343354,GBR,QLD72,RZ,Pre,2013,Swains
912343355,GBR,QLD72,RZ,Pre,2013,Swains
912343407,GBR,CS153,0,Pre,2013,Osprey
912343408,GBR,CS153,0,Pre,2013,Osprey
912343409,GBR,CS154,0,Pre,2013,Osprey
912343410,GBR,CS155,0,Pre,2013,Osprey
912343411,GBR,CS155,0,Pre,2013,Osprey
912343412,GBR,CS154,0,Pre,2013,Osprey
912343413,GBR,CS156,0,Pre,2013,Osprey
912343414,GBR,CS156,0,Pre,2013,Osprey
912343415,GBR,CS157,0,Pre,2013,Osprey
912343416,GBR,CS157,0,Pre,2013,Osprey
912343417,GBR,CS158,0,Pre,2013,Osprey
912343418,GBR,CS158,0,Pre,2013,Osprey
912343425,GBR,NQ3,0,Pre,2013,Eel
912343430,GBR,NQ3,0,Pre,2013,Eel
912345361,GBR,GBR2,RZ,Pre,2015,Musgrave
912345362,GBR,GBR2,RZ,Pre,2015,Musgrave
912345363,GBR,GBR3,NTZ,Pre,2015,Musgrave
912345364,GBR,GBR3,NTZ,Pre,2015,Musgrave
912345388,GBR,GBR16,NTZ,Pre,2015,Tryon
912345389,GBR,GBR16,NTZ,Pre,2015,Tryon
912345390,GBR,GBR17,NTZ,Pre,2015,Tryon
912345399,GBR,GBR24,NTZ,Pre,2015,Hook
912345400,GBR,GBR25,NTZ,Pre,2015,Hook
912345409,GBR,GBR24,NTZ,Pre,2015,Hook
912345410,GBR,GBR25,NTZ,Pre,2015,Hook
912345436,GBR,QLD54,NTZ,Pre,2015,Lizard
912345437,GBR,GBR39,0,Pre,2015,Cod Hole
912345438,GBR,QLD51,NTZ,Pre,2015,Lizard
912345439,GBR,QLD51,NTZ,Pre,2015,Lizard
912345440,GBR,CS178,0,Pre,2015,Osprey
912345441,GBR,CS178,0,Pre,2015,Osprey
912345442,GBR,CS171,0,Pre,2015,Bougainville
912345443,GBR,CS171,0,Pre,2015,Bougainville
912345444,GBR,CS172,0,Pre,2015,Bougainville
912345445,GBR,CS172,0,Pre,2015,Bougainville
912345446,GBR,CS173,0,Pre,2015,Bougainville
912345447,GBR,CS173,0,Pre,2015,Bougainville
912345448,GBR,CS179,0,Pre,2015,Osprey
912345449,GBR,CS179,0,Pre,2015,Osprey
912345450,GBR,CS175,0,Pre,2015,Bougainville
912345451,GBR,CS175,0,Pre,2015,Bougainville
912345452,GBR,CS176,0,Pre,2015,Bougainville
912345453,GBR,CS176,0,Pre,2015,Bougainville
912345456,GBR,CS182,0,Pre,2015,Osprey
912345457,GBR,CS182,0,Pre,2015,Osprey
912345458,GBR,GBR41,0,Pre,2015,Tydeman
912345459,GBR,GBR41,0,Pre,2015,Tydeman
912345461,GBR,CS184,0,Pre,2015,Osprey
912345468,GBR,CS174,0,Pre,2015,Bougainville
912345469,GBR,QLD54,NTZ,Pre,2015,Lizard
912345470,GBR,QLD52,NTZ,Pre,2015,Lizard
912345471,GBR,GBR39,0,Pre,2015,Cod Hole
912345472,GBR,CS177,0,Pre,2015,Osprey
912345473,GBR,CS180,0,Pre,2015,Osprey
912345474,GBR,CS181,0,Pre,2015,Osprey
912345475,GBR,CS183,0,Pre,2015,Osprey
912345478,GBR,CS174,0,Pre,2015,Bougainville
912345480,GBR,QLD52,NTZ,Pre,2015,Lizard
912345481,GBR,CS177,0,Pre,2015,Osprey
912345482,GBR,CS180,0,Pre,2015,Osprey
912345483,GBR,CS181,0,Pre,2015,Osprey
912345484,GBR,CS183,0,Pre,2015,Osprey
912345485,GBR,CS184,0,Pre,2015,Osprey
912345486,GBR,GBR42,0,Pre,2015,Tydeman
912345489,GBR,GBR45,0,Pre,2015,Forbes
912345490,GBR,GBR46,0,Pre,2015,Forbes
912345491,GBR,GBR46,0,Pre,2015,Forbes
912345492,GBR,GBR47,0,Pre,2015,Forbes
912345493,GBR,GBR47,0,Pre,2015,Forbes
912345494,GBR,CS186,0,Pre,2015,Ashmore SW
912345495,GBR,CS186,0,Pre,2015,Ashmore SW
912345496,GBR,CS187,0,Pre,2015,Ashmore SW
912345497,GBR,CS187,0,Pre,2015,Ashmore SW
912345498,GBR,CS190,0,Pre,2015,Ashmore SW
912345503,GBR,CS195,0,Pre,2015,Ashmore E
912345504,GBR,CS195,0,Pre,2015,Ashmore E
912345508,GBR,GBR51,0,Pre,2015,Seven reefs
912345509,GBR,GBR51,0,Pre,2015,Seven reefs
912345512,GBR,CS200,0,Pre,2015,Ashmore W
912345515,GBR,CS190,0,Pre,2015,Ashmore SW
912345516,GBR,CS185,0,Pre,2015,Ashmore SW
912345517,GBR,CS185,0,Pre,2015,Ashmore SW
912345519,GBR,CS200,0,Pre,2015,Ashmore W
912345520,GBR,GBR45,0,Pre,2015,Forbes
912345521,GBR,GBR48,0,Pre,2015,Forbes
912345522,GBR,GBR49,0,Pre,2015,Forbes
912345523,GBR,CS188,0,Pre,2015,Ashmore SW
912345524,GBR,CS189,0,Pre,2015,Ashmore SW
912345525,GBR,CS191,0,Pre,2015,Ashmore SW
912345526,GBR,CS193,0,Pre,2015,Boot
912345527,GBR,CS197,0,Pre,2015,Ashmore E
912345528,GBR,CS198,0,Pre,2015,Ashmore E
912345529,GBR,GBR52,0,Pre,2015,Seven reefs
912345530,GBR,GBR48,0,Pre,2015,Forbes
912345531,GBR,GBR49,0,Pre,2015,Forbes
912345532,GBR,CS188,0,Pre,2015,Ashmore SW
912345533,GBR,CS189,0,Pre,2015,Ashmore SW
912345534,GBR,CS191,0,Pre,2015,Ashmore SW
912345535,GBR,CS193,0,Pre,2015,Boot
912345536,GBR,CS197,0,Pre,2015,Ashmore E
912345537,GBR,CS198,0,Pre,2015,Ashmore E
912345538,GBR,GBR52,0,Pre,2013,Seven reefs
912345710,GBR,AIMS1,RZ,Pre,2015,Masthead
912345711,GBR,AIMS1,RZ,Pre,2015,Masthead
912345712,GBR,AIMS2,RZ,Pre,2015,Masthead
912345713,GBR,AIMS2,RZ,Pre,2015,Masthead
912345716,GBR,AIMS4,NTZ,Pre,2015,Erskyne
912345717,GBR,AIMS4,NTZ,Pre,2015,Erskyne
912345718,GBR,AIMS5,NTZ,Pre,2015,Erskyne
912345719,GBR,AIMS5,NTZ,Pre,2015,Erskyne
912345722,GBR,AIMS7,RZ,Pre,2015,Broomfield
912345723,GBR,AIMS7,RZ,Pre,2015,Broomfield
912345724,GBR,AIMS8,RZ,Pre,2015,Broomfield
912345725,GBR,AIMS8,RZ,Pre,2015,Broomfield
912345728,GBR,AIMS10,NTZ,Pre,2015,N Island
912345729,GBR,AIMS10,NTZ,Pre,2015,N Island
912345732,GBR,AIMS12,NTZ,Pre,2015,N Island
912345733,GBR,AIMS12,NTZ,Pre,2015,N Island
912345853,GBR,CS204,0,Pre,2015,Boot
912345854,GBR,CS204,0,Pre,2015,Boot
912345857,GBR,CS207,0,Pre,2015,Boot
912345858,GBR,CS208,0,Pre,2015,Boot
912345859,GBR,CS208,0,Pre,2015,Boot
912345860,GBR,CS209,0,Pre,2015,Boot
912345861,GBR,CS209,0,Pre,2015,Boot
912345862,GBR,CS209,0,Pre,2015,Boot
912345864,GBR,CS211,0,Pre,2015,Ashmore E
912345865,GBR,CS211,0,Pre,2015,Ashmore E
912345866,GBR,CS212,0,Pre,2015,Ashmore E
912345867,GBR,CS212,0,Pre,2015,Ashmore E
912345880,GBR,QLD100,0,Pre,2015,Murray
912345881,GBR,QLD100,0,Pre,2015,Murray
912345888,GBR,QLD103,0,Pre,2015,Waier
912345889,GBR,QLD103,0,Pre,2015,Waier
912345892,GBR,QLD105,0,Pre,2015,Maze
912345893,GBR,QLD105,0,Pre,2015,Maze
912345894,GBR,QLD106,0,Pre,2015,Maze
912345895,GBR,QLD106,0,Pre,2015,Maze
912345902,GBR,QLD110,0,Pre,2015,Maze
912345903,GBR,QLD110,0,Pre,2015,Maze
912345904,GBR,GBR51,0,Pre,2015,Seven reefs
912345905,GBR,GBR51,0,Pre,2015,Seven reefs
912345906,GBR,GBR52,0,Pre,2015,Seven reefs
912345907,GBR,GBR52,0,Pre,2015,Seven reefs
912345910,GBR,QLD112,0,Pre,2015,Dugong
912345911,GBR,QLD112,0,Pre,2015,Dugong
912346317,GBR,QLD18,NTZ,Post,2016,Whitsundays
912346318,GBR,QLD18,NTZ,Post,2016,Whitsundays
912346321,GBR,CS1,0,Post,2016,Marion
912346322,GBR,CS2,0,Post,2016,Marion
912346323,GBR,CS5,0,Post,2016,Marion
912346324,GBR,CS5,0,Post,2016,Marion
912346327,GBR,CS7,0,Post,2016,Marion
912346328,GBR,CS8,0,Post,2016,Marion
912346329,GBR,CS6,0,Post,2016,Marion
912346330,GBR,CS4,0,Post,2016,Marion
912346331,GBR,CS3,0,Post,2016,Marion
912346332,GBR,CS3,0,Post,2016,Marion
912346333,GBR,CS1,0,Post,2016,Marion
912346334,GBR,CS2,0,Post,2016,Marion
912346335,GBR,CS4,0,Post,2016,Marion
912346336,GBR,CS6,0,Post,2016,Marion
912346339,GBR,CS8,0,Post,2016,Marion
912346340,GBR,CS7,0,Post,2016,Marion
912346343,GBR,GBR25,NTZ,Post,2016,Hook
912346344,GBR,GBR25,NTZ,Post,2016,Hook
912346346,GBR,QLD20,NTZ,Post,2016,Whitsundays
912346347,GBR,QLD20,NTZ,Post,2016,Whitsundays
912346355,GBR,GBR24,NTZ,Post,2016,Hook
912346356,GBR,GBR24,NTZ,Post,2016,Hook
912346767,GBR,CS175,0,Post,2016,Bougainville
912346768,GBR,CS175,0,Post,2016,Bougainville
912346769,GBR,CS171,0,Post,2016,Bougainville
912346770,GBR,CS171,0,Post,2016,Bougainville
912346771,GBR,CS172,0,Post,2016,Bougainville
912346772,GBR,CS172,0,Post,2016,Bougainville
912346773,GBR,CS176,0,Post,2016,Bougainville
912346774,GBR,CS176,0,Post,2016,Bougainville
912346775,GBR,CS173,0,Post,2016,Bougainville
912346776,GBR,CS173,0,Post,2016,Bougainville
912346777,GBR,CS174,0,Post,2016,Bougainville
912346778,GBR,CS174,0,Post,2016,Bougainville
912346779,GBR,CS157,0,Post,2016,Osprey
912346780,GBR,CS157,0,Post,2016,Osprey
912346781,GBR,CS155,0,Post,2016,Osprey
912346782,GBR,CS155,0,Post,2016,Osprey
912346783,GBR,CS179,0,Post,2016,Osprey
912346784,GBR,CS179,0,Post,2016,Osprey
912346785,GBR,CS180,0,Post,2016,Osprey
912346786,GBR,CS180,0,Post,2016,Osprey
912346787,GBR,CS177,0,Post,2016,Osprey
912346788,GBR,CS177,0,Post,2016,Osprey
912346789,GBR,CS178,0,Post,2016,Osprey
912346790,GBR,CS178,0,Post,2016,Osprey
912346791,GBR,CS154,0,Post,2016,Osprey
912346792,GBR,CS154,0,Post,2016,Osprey
912346793,GBR,CS153,0,Post,2016,Osprey
912346794,GBR,CS153,0,Post,2016,Osprey
912346795,GBR,CS158,0,Post,2016,Osprey
912346796,GBR,CS158,0,Post,2016,Osprey
912346797,GBR,CS181,0,Post,2016,Osprey
912346798,GBR,CS181,0,Post,2016,Osprey
912346799,GBR,CS183,0,Post,2016,Osprey
912346800,GBR,CS183,0,Post,2016,Osprey
912346801,GBR,CS156,0,Post,2016,Osprey
912346802,GBR,CS156,0,Post,2016,Osprey
912346803,GBR,CS182,0,Post,2016,Osprey
912346804,GBR,CS182,0,Post,2016,Osprey
912346805,GBR,CS184,0,Post,2016,Osprey
912346806,GBR,GBR41,0,Post,2016,Tydeman
912346807,GBR,GBR41,0,Post,2016,Tydeman
912346808,GBR,GBR42,0,Post,2016,Tydeman
912346809,GBR,GBR42,0,Post,2016,Tydeman
912346810,GBR,GBR62,0,Post,2016,Crocodile
912346811,GBR,GBR62,0,Post,2016,Crocodile
912346814,GBR,GBR58,0,Post,2016,Burke
912346815,GBR,GBR58,0,Post,2016,Burke
912346816,GBR,GBR56,0,Post,2016,Lagoon
912346817,GBR,GBR56,0,Post,2016,Lagoon
912346818,GBR,GBR55,0,Post,2016,Lagoon
912346819,GBR,GBR55,0,Post,2016,Lagoon
912346820,GBR,GBR57,0,Post,2016,Lagoon
912346821,GBR,GBR57,0,Post,2016,Lagoon
912346822,GBR,CS187,0,Post,2016,Ashmore SW
912346823,GBR,CS187,0,Post,2016,Ashmore SW
912346824,GBR,CS186,0,Post,2016,Ashmore SW
912346825,GBR,CS186,0,Post,2016,Ashmore SW
912346826,GBR,CS188,0,Post,2016,Ashmore SW
912346827,GBR,CS188,0,Post,2016,Ashmore SW
912346828,GBR,CS189,0,Post,2016,Ashmore SW
912346829,GBR,CS189,0,Post,2016,Ashmore SW
912346830,GBR,CS185,0,Post,2016,Ashmore SW
912346831,GBR,CS185,0,Post,2016,Ashmore SW
912346832,GBR,CS191,0,Post,2016,Ashmore SW
912346833,GBR,CS191,0,Post,2016,Ashmore SW
912346834,GBR,CS190,0,Post,2016,Ashmore SW
912346835,GBR,CS190,0,Post,2016,Ashmore SW
912346836,GBR,CS198,0,Post,2016,Ashmore E
912346837,GBR,CS198,0,Post,2016,Ashmore E
912346838,GBR,CS195,0,Post,2016,Ashmore E
912346839,GBR,CS195,0,Post,2016,Ashmore E
912346840,GBR,CS197,0,Post,2016,Ashmore E
912346841,GBR,CS197,0,Post,2016,Ashmore E
912346842,GBR,CS208,0,Post,2016,Boot
912346843,GBR,CS208,0,Post,2016,Boot
912346844,GBR,CS204,0,Post,2016,Boot
912346845,GBR,CS207,0,Post,2016,Boot
912346846,GBR,CS207,0,Post,2016,Boot
912346847,GBR,CS193,0,Post,2016,Boot
912346848,GBR,CS193,0,Post,2016,Boot
912346849,GBR,CS209,0,Post,2016,Boot
912346850,GBR,CS209,0,Post,2016,Boot
912346851,GBR,CS211,0,Post,2016,Ashmore E
912346852,GBR,CS200,0,Post,2016,Ashmore W
912346853,GBR,CS200,0,Post,2016,Ashmore W
912346854,GBR,CS212,0,Post,2016,Ashmore E
912346855,GBR,CS212,0,Post,2016,Ashmore E
912346856,GBR,CS211,0,Post,2016,Ashmore E
912346857,GBR,QLD103,0,Post,2016,Waier
912346858,GBR,QLD103,0,Post,2016,Waier
912346859,GBR,QLD100,0,Post,2016,Murray
912346860,GBR,QLD100,0,Post,2016,Murray
912346861,GBR,GBR52,0,Post,2016,Seven reefs
912346862,GBR,GBR52,0,Post,2016,Seven reefs
912346863,GBR,QLD106,0,Post,2016,Maze
912346864,GBR,QLD106,0,Post,2016,Maze
912346865,GBR,GBR51,0,Post,2016,Seven reefs
912346866,GBR,GBR51,0,Post,2016,Seven reefs
912346867,GBR,QLD105,0,Post,2016,Maze
912346868,GBR,QLD105,0,Post,2016,Maze
912346869,GBR,QLD110,0,Post,2016,Maze
912346870,GBR,QLD110,0,Post,2016,Maze
912346871,GBR,QLD112,0,Post,2016,Dugong
912346872,GBR,QLD112,0,Post,2016,Dugong
912347043,GBR,CS20,0,Post,2017,Cato
912347044,GBR,CS20,0,Post,2017,Cato
912347045,GBR,CS21,0,Post,2017,Cato
912347046,GBR,CS21,0,Post,2017,Cato
912347047,GBR,CS22,0,Post,2017,Cato
912347048,GBR,CS22,0,Post,2017,Cato
912347049,GBR,CS23,0,Post,2017,Cato
912347050,GBR,CS23,0,Post,2017,Cato
912347051,GBR,CS24,0,Post,2017,Cato
912347052,GBR,CS24,0,Post,2017,Cato
912347053,GBR,CS25,0,Post,2017,Cato
912347054,GBR,CS25,0,Post,2017,Cato
912347055,GBR,CS31,0,Post,2017,Bird
912347056,GBR,CS31,0,Post,2017,Bird
912347057,GBR,CS32,0,Post,2017,Bird
912347058,GBR,CS32,0,Post,2017,Bird
912347059,GBR,CS33,0,Post,2017,Bird
912347060,GBR,CS33,0,Post,2017,Bird
912347061,GBR,CS34,0,Post,2017,Bird
912347062,GBR,CS34,0,Post,2017,Bird
912347063,GBR,CS35,0,Post,2017,Bird
912347064,GBR,CS35,0,Post,2017,Bird
912347065,GBR,CS36,0,Post,2017,Porpoise
912347066,GBR,CS36,0,Post,2017,Porpoise
912347067,GBR,CS38,0,Post,2017,Porpoise
912347068,GBR,CS38,0,Post,2017,Porpoise
912347069,GBR,CS39,0,Post,2017,Porpoise
912347070,GBR,CS39,0,Post,2017,Porpoise
912347071,GBR,CS41,0,Post,2017,Wreck N
912347072,GBR,CS41,0,Post,2017,Wreck N
912347073,GBR,CS42,0,Post,2017,Wreck
912347074,GBR,CS42,0,Post,2017,Wreck
912347075,GBR,CS44,0,Post,2017,Wreck
912347076,GBR,CS44,0,Post,2017,Wreck
912347077,GBR,CS45,0,Post,2017,Wreck
912347078,GBR,CS45,0,Post,2017,Wreck
912347079,GBR,CS52,0,Post,2017,Kenn
912347080,GBR,CS52,0,Post,2017,Kenn
912347081,GBR,CS55,0,Post,2017,Kenn
912347082,GBR,CS55,0,Post,2017,Kenn
912347083,GBR,GBR2,RZ,Post,2017,Musgrave
912347084,GBR,GBR2,RZ,Post,2017,Musgrave
912347085,GBR,GBR3,NTZ,Post,2017,Musgrave
912347086,GBR,GBR3,NTZ,Post,2017,Musgrave
912347087,GBR,CS56,0,Post,2017,Kenn
912347088,GBR,CS56,0,Post,2017,Kenn
912347089,GBR,CS57,0,Post,2017,Kenn
912347090,GBR,CS57,0,Post,2017,Kenn
912347091,GBR,CS54,0,Post,2017,Kenn
912347092,GBR,CS54,0,Post,2017,Kenn
912347093,GBR,CS58,0,Post,2017,Kenn
912347094,GBR,CS58,0,Post,2017,Kenn
912347095,GBR,CS60,0,Post,2017,Kenn
912347096,GBR,CS60,0,Post,2017,Kenn
912347097,GBR,CS61,0,Post,2017,Kenn
912347098,GBR,CS61,0,Post,2017,Kenn
912347099,GBR,CS74,0,Post,2017,Frederick
912347100,GBR,CS74,0,Post,2017,Frederick
912347101,GBR,CS73,0,Post,2017,Frederick
912347102,GBR,CS73,0,Post,2017,Frederick
912347103,GBR,CS72,0,Post,2017,Frederick
912347104,GBR,CS72,0,Post,2017,Frederick
912347105,GBR,CS63,0,Post,2017,Frederick
912347106,GBR,CS63,0,Post,2017,Frederick
912347107,GBR,CS64,0,Post,2017,Frederick
912347108,GBR,CS64,0,Post,2017,Frederick
912347109,GBR,CS71,0,Post,2017,Frederick
912347110,GBR,CS65,0,Post,2017,Frederick
912347111,GBR,CS65,0,Post,2017,Frederick
912347112,GBR,CS71,0,Post,2017,Frederick
912347113,GBR,CS50,0,Post,2017,Saumarez
912347114,GBR,CS51,0,Post,2017,Saumarez
912347115,GBR,CS51,0,Post,2017,Saumarez
912347116,GBR,CS48,0,Post,2017,Saumarez
912347117,GBR,CS48,0,Post,2017,Saumarez
912347118,GBR,CS47,0,Post,2017,Saumarez
912347119,GBR,CS47,0,Post,2017,Saumarez
912347120,GBR,AIMS4,NTZ,Post,2017,Erskyne
912347121,GBR,AIMS4,NTZ,Post,2017,Erskyne
912347122,GBR,AIMS5,NTZ,Post,2017,Erskyne
912347123,GBR,AIMS8,RZ,Post,2017,Broomfield
912347124,GBR,AIMS8,RZ,Post,2017,Broomfield
912347125,GBR,AIMS7,RZ,Post,2017,Broomfield
912347126,GBR,AIMS7,RZ,Post,2017,Broomfield
912347127,GBR,QLD72,RZ,Post,2017,Swains
912347128,GBR,QLD72,RZ,Post,2017,Swains
912347130,GBR,AIMS2,RZ,Post,2017,Masthead
912347131,GBR,AIMS2,RZ,Post,2017,Masthead
912347132,GBR,AIMS1,RZ,Post,2017,Masthead
912347133,GBR,AIMS1,RZ,Post,2017,Masthead
912347135,GBR,AIMS5,NTZ,Post,2017,Erskyne
912347136,GBR,CS50,0,Post,2017,Saumarez
912347390,GBR,GBR53,0,Pre,2015,Salamander
912347391,GBR,GBR53,0,Pre,2015,Salamander
912347392,GBR,GBR54,0,Pre,2015,two hour
912347393,GBR,GBR54,0,Pre,2015,two hour
912347394,GBR,GBR55,0,Pre,2015,Lagoon
912347395,GBR,GBR55,0,Pre,2015,Lagoon
912347396,GBR,GBR56,0,Pre,2015,Lagoon
912347397,GBR,GBR56,0,Pre,2015,Lagoon
912347398,GBR,GBR57,0,Pre,2015,Lagoon
912347399,GBR,GBR57,0,Pre,2015,Lagoon
912347400,GBR,GBR58,0,Pre,2015,Burke
912347401,GBR,GBR58,0,Pre,2015,Burke
912347402,GBR,GBR59,0,Pre,2015,Shark
912347403,GBR,GBR59,0,Pre,2015,Shark
912347404,GBR,GBR60,0,Pre,2015,Shark
912347405,GBR,GBR60,0,Pre,2015,Shark
912347408,GBR,GBR62,0,Pre,2015,Crocodile
912347409,GBR,GBR62,0,Pre,2015,Crocodile
912347410,GBR,GBR63,0,Pre,2015,Surprise
912347411,GBR,GBR63,0,Pre,2015,Surprise
912347412,GBR,GBR64,0,Pre,2015,Surprise
912347413,GBR,GBR64,0,Pre,2015,Surprise
912347414,GBR,GBR65,0,Pre,2015,Surprise
912347415,GBR,GBR65,0,Pre,2015,Surprise
912347418,GBR,GBR67,0,Pre,2015,Day
912347419,GBR,GBR67,0,Pre,2015,Day
912347424,GBR,GBR70,0,Pre,2015,Low Isles
912347425,GBR,GBR70,0,Pre,2015,Low Isles
912347513,GBR,GBR47,0,Post,2016,Forbes
912347514,GBR,GBR47,0,Post,2016,Forbes
912347515,GBR,GBR49,0,Post,2016,Forbes
912347516,GBR,GBR49,0,Post,2016,Forbes
912347517,GBR,GBR48,0,Post,2016,Forbes
912347518,GBR,GBR48,0,Post,2016,Forbes
912347520,GBR,NQ3,0,Post,2016,Eel
912347521,GBR,NQ3,0,Post,2016,Eel
912347522,GBR,GBR60,0,Post,2016,Shark
912347523,GBR,GBR60,0,Post,2016,Shark
912347526,GBR,GBR64,0,Post,2017,Surprise
912347527,GBR,GBR64,0,Post,2017,Surprise
912347528,GBR,GBR63,0,Post,2017,Surprise
912347529,GBR,GBR63,0,Post,2017,Surprise
912347530,GBR,QLD54,NTZ,Post,2017,Lizard
912347533,GBR,QLD47,NTZ,Post,2017,Lizard
912347534,GBR,QLD47,NTZ,Post,2017,Lizard
912347537,GBR,QLD57,0,Post,2017,Lizard
912347538,GBR,QLD57,0,Post,2017,Lizard
912347539,GBR,QLD55,0,Post,2017,Lizard
912347540,GBR,QLD55,0,Post,2017,Lizard
912347541,GBR,GBR67,0,Post,2017,Day
912347542,GBR,GBR67,0,Post,2017,Day
912347543,GBR,GBR39,0,Post,2017,Cod Hole
912347544,GBR,COR12,NTZ,Post,2017,Agincourt
912347545,GBR,COR12,NTZ,Post,2017,Agincourt
912347546,GBR,COR13,NTZ,Post,2017,Agincourt
912347547,GBR,COR13,NTZ,Post,2017,Agincourt
912347550,GBR,QLD54,NTZ,Post,2017,Lizard
912347551,GBR,GBR70,0,Post,2017,Low Isles
912347552,GBR,GBR70,0,Post,2017,Low Isles
912347561,GBR,GBR53,0,Post,2016,Salamander
912347562,GBR,GBR53,0,Post,2016,Salamander
912347563,GBR,GBR54,0,Post,2016,two hour
912347564,GBR,GBR54,0,Post,2016,two hour
912347565,GBR,GBR45,0,Post,2016,Forbes
912347566,GBR,GBR45,0,Post,2016,Forbes
912347567,GBR,GBR46,0,Post,2016,Forbes
912347568,GBR,GBR46,0,Post,2016,Forbes
912347571,GBR,GBR59,0,Post,2016,Shark
912347572,GBR,GBR59,0,Post,2016,Shark
912347573,GBR,GBR65,0,Post,2017,Surprise
912347574,GBR,GBR65,0,Post,2017,Surprise
912347575,GBR,QLD51,NTZ,Post,2017,Lizard
912347576,GBR,QLD51,NTZ,Post,2017,Lizard
912347579,GBR,QLD46,NTZ,Post,2017,Lizard
912347580,GBR,QLD46,NTZ,Post,2017,Lizard
912347581,GBR,QLD52,NTZ,Post,2017,Lizard
912347582,GBR,QLD52,NTZ,Post,2017,Lizard
912347583,GBR,QLD50,NTZ,Post,2017,Lizard
912347584,GBR,QLD50,NTZ,Post,2017,Lizard
912347585,GBR,GBR39,0,Post,2017,Cod Hole
912347588,GBR,COR14,NTZ,Post,2017,Agincourt
912347589,GBR,COR14,NTZ,Post,2017,Agincourt
912347624,GBR,QLD60,0,Post,2016,Chicken
912347625,GBR,QLD61,0,Post,2016,Chicken
912347626,GBR,QLD62,0,Post,2016,Chicken
912347631,GBR,CS113,0,Post,2016,Tregrosse
912347632,GBR,CS111,0,Post,2016,Tregrosse
912347633,GBR,CS110,0,Post,2016,Tregrosse
912347634,GBR,CS103,0,Post,2016,Diamond
912347635,GBR,CS104,0,Post,2016,Diamond
912347636,GBR,CS101,0,Post,2016,Diamond
912347637,GBR,CS102,0,Post,2016,Diamond
912347638,GBR,CS141,0,Post,2016,Magdelaine
912347640,GBR,CS139,0,Post,2016,Magdelaine
912347641,GBR,CS140,0,Post,2016,Magdelaine
912347642,GBR,CS144,0,Post,2016,Willis
912347643,GBR,CS145,0,Post,2016,Willis
912347644,GBR,CS143,0,Post,2016,Willis
912347645,GBR,CS147,0,Post,2016,Holmes
912347646,GBR,CS149,0,Post,2016,Holmes
912347647,GBR,CS148,0,Post,2016,Holmes
912347648,GBR,CS146,0,Post,2016,Holmes
912347649,GBR,CS150,0,Post,2016,Holmes
912347650,GBR,CS151,0,Post,2016,Holmes
912347651,GBR,CS152,0,Post,2016,Holmes
912347654,GBR,QLD60,0,Post,2016,Chicken
912347655,GBR,QLD61,0,Post,2016,Chicken
912347656,GBR,QLD62,0,Post,2016,Chicken
912347661,GBR,CS113,0,Post,2016,Tregrosse
912347662,GBR,CS110,0,Post,2016,Tregrosse
912347663,GBR,CS111,0,Post,2016,Tregrosse
912347664,GBR,CS103,0,Post,2016,Diamond
912347665,GBR,CS104,0,Post,2016,Diamond
912347666,GBR,CS101,0,Post,2016,Diamond
912347667,GBR,CS102,0,Post,2016,Diamond
912347668,GBR,CS141,0,Post,2016,Magdelaine
912347670,GBR,CS139,0,Post,2016,Magdelaine
912347671,GBR,CS140,0,Post,2016,Magdelaine
912347672,GBR,CS145,0,Post,2016,Willis
912347673,GBR,CS144,0,Post,2016,Willis
912347674,GBR,CS143,0,Post,2016,Willis
912347675,GBR,CS147,0,Post,2016,Holmes
912347676,GBR,CS149,0,Post,2016,Holmes
912347677,GBR,CS148,0,Post,2016,Holmes
912347678,GBR,CS146,0,Post,2016,Holmes
912347679,GBR,CS150,0,Post,2016,Holmes
912347680,GBR,CS151,0,Post,2016,Holmes
912347681,GBR,CS152,0,Post,2016,Holmes
912347684,GBR,COR11,NTZ,Post,2017,Hastings
912347685,GBR,COR11,NTZ,Post,2017,Hastings
912347688,GBR,CS10,NTZ,Post,2017,NE Herald
912347689,GBR,CS11,NTZ,Post,2017,NE Herald
912347690,GBR,CS9,NTZ,Post,2017,NE Herald
912347691,GBR,CS13,NTZ,Post,2017,NE Herald
912347692,GBR,CS12,NTZ,Post,2017,NE Herald
912347695,GBR,CS131,0,Post,2017,Chilcott
912347696,GBR,CS131,0,Post,2017,Chilcott
912347697,GBR,CS130,0,Post,2017,Chilcott
912347698,GBR,CS132,0,Post,2017,Chilcott
912347699,GBR,CS132,0,Post,2017,Chilcott
912347700,GBR,CS134,0,Post,2017,Chilcott
912347701,GBR,CS16,NTZ,Post,2017,Chilcott
912347702,GBR,CS15,NTZ,Post,2017,Chilcott
912347704,GBR,CS18,NTZ,Post,2017,SW Islet
912347705,GBR,CS17,NTZ,Post,2017,SW Islet
912347706,GBR,CS126,0,Post,2017,Flinders
912347707,GBR,CS127,0,Post,2017,Flinders
912347708,GBR,CS129,0,Post,2017,Flinders
912347709,GBR,CS128,0,Post,2017,Flinders
912347710,GBR,CS122,0,Post,2017,S Flinders
912347711,GBR,CS122,0,Post,2017,S Flinders
912347712,GBR,CS123,0,Post,2017,S Flinders
912347713,GBR,CS123,0,Post,2017,S Flinders
912347715,GBR,CS10,NTZ,Post,2017,NE Herald
912347716,GBR,CS11,NTZ,Post,2017,NE Herald
912347717,GBR,CS9,NTZ,Post,2017,NE Herald
912347718,GBR,CS13,NTZ,Post,2017,NE Herald
912347719,GBR,CS12,NTZ,Post,2017,NE Herald
912347722,GBR,CS130,0,Post,2017,Chilcott
912347723,GBR,CS134,0,Post,2017,Chilcott
912347724,GBR,CS16,NTZ,Post,2017,Chilcott
912347725,GBR,CS15,NTZ,Post,2017,Chilcott
912347727,GBR,CS18,NTZ,Post,2017,SW Islet
912347728,GBR,CS17,NTZ,Post,2017,SW Islet
912347729,GBR,CS129,0,Post,2017,Flinders
912347730,GBR,CS128,0,Post,2017,Flinders
912347731,GBR,CS126,0,Post,2017,Flinders
912347732,GBR,CS127,0,Post,2017,Flinders
912347734,GBR,AIMS10,NTZ,Post,2017,N Island
912347735,GBR,AIMS10,NTZ,Post,2017,N Island
912347736,GBR,AIMS12,NTZ,Post,2017,N Island
912347737,GBR,AIMS12,NTZ,Post,2017,N Island
912347738,GBR,CS1,0,Post,2017,Marion
912347739,GBR,CS1,0,Post,2017,Marion
912347740,GBR,CS2,0,Post,2017,Marion
912347741,GBR,CS2,0,Post,2017,Marion
912347746,GBR,CS3,0,Post,2017,Marion
912347747,GBR,CS3,0,Post,2017,Marion
912347748,GBR,CS4,0,Post,2017,Marion
912347749,GBR,CS4,0,Post,2017,Marion
912347750,GBR,CS5,0,Post,2017,Marion
912347751,GBR,CS5,0,Post,2017,Marion
912347752,GBR,CS6,0,Post,2017,Marion
912347753,GBR,CS6,0,Post,2017,Marion
912347754,GBR,CS7,0,Post,2017,Marion
912347755,GBR,CS7,0,Post,2017,Marion
912347756,GBR,CS8,0,Post,2017,Marion
912347757,GBR,CS8,0,Post,2017,Marion
912347758,GBR,GBR16,NTZ,Post,2017,Tryon
912347759,GBR,GBR16,NTZ,Post,2017,Tryon
912347760,GBR,GBR17,NTZ,Post,2017,Tryon
912347761,GBR,GBR17,NTZ,Post,2017,Tryon
912347762,GBR,GBR25,NTZ,Post,2017,Hook
912347763,GBR,GBR25,NTZ,Post,2017,Hook
912347796,GBR,QLD15,NTZ,Post,2017,Keppel
912347797,GBR,QLD15,NTZ,Post,2017,Keppel
912347798,GBR,QLD7,NTZ,Post,2017,Keppel
912347799,GBR,QLD7,NTZ,Post,2017,Keppel
6002154,NW,WA87,0,Pre,2010,Kimberley
6002155,NW,WA87,0,Pre,2010,Kimberley
6002156,NW,WA87,0,Pre,2010,Kimberley
6002157,NW,WA87,0,Pre,2010,Kimberley
6002158,NW,WA86,0,Pre,2010,Kimberley
6002159,NW,WA83,0,Pre,2010,Kimberley
6002160,NW,WA83,0,Pre,2010,Kimberley
6002161,NW,WA85,0,Pre,2010,Kimberley
6002162,NW,WA85,0,Pre,2010,Kimberley
6002163,NW,WA84,0,Pre,2010,Kimberley
6002164,NW,WA84,0,Pre,2010,Kimberley
912343748,NW,NWS1,0,Pre,2013,NW Shoals
912343749,NW,NWS1,0,Pre,2013,NW Shoals
912343750,NW,NWS2,0,Pre,2013,NW Shoals
912343751,NW,NWS5,0,Pre,2013,Hibernia
912343752,NW,NWS5,0,Pre,2013,Hibernia
912343753,NW,NWS6,0,Pre,2013,Hibernia
912343754,NW,NWS6,0,Pre,2013,Hibernia
912343755,NW,NWS8,0,Pre,2013,Hibernia
912343756,NW,NWS11,0,Pre,2013,Hibernia
912343757,NW,NWS11,0,Pre,2013,Hibernia
912343758,NW,NWS12,0,Pre,2013,Hibernia
912343759,NW,NWS12,0,Pre,2013,Hibernia
912343760,NW,NWS13,0,Pre,2013,Hibernia
912343761,NW,NWS15,NTZ,Pre,2013,Ashmore
912343762,NW,NWS15,NTZ,Pre,2013,Ashmore
912343763,NW,NWS17,RZ,Pre,2013,Ashmore
912343764,NW,NWS20,NTZ,Pre,2013,Ashmore
912343765,NW,NWS21,NTZ,Pre,2013,Ashmore
912343766,NW,NWS23,NTZ,Pre,2013,Ashmore
912343767,NW,NWS26,0,Pre,2013,Seringapatam
912343768,NW,NWS27,0,Pre,2013,Scott
912343769,NW,NWS30,0,Pre,2013,Scott
912343770,NW,NWS31,0,Pre,2013,Scott
912343771,NW,NWS32,0,Pre,2013,Scott
912343772,NW,NWS33,0,Pre,2013,Scott
912343773,NW,NWS34,0,Pre,2013,Scott
912343774,NW,NWS35,0,Pre,2013,Scott
912343775,NW,NWS36,0,Pre,2013,Scott
912343776,NW,NWS37,0,Pre,2013,Scott
912343777,NW,NWS38,0,Pre,2013,Scott
912343778,NW,NWS39,0,Pre,2013,Scott
912343779,NW,NWS40,0,Pre,2013,Scott
912343780,NW,NWS41,0,Pre,2013,Scott
912343781,NW,NWS1,0,Pre,2013,NW Shoals
912343782,NW,NWS3,0,Pre,2013,Hibernia
912343783,NW,NWS4,0,Pre,2013,Hibernia
912343784,NW,NWS7,0,Pre,2013,Hibernia
912343785,NW,NWS9,0,Pre,2013,Hibernia
912343786,NW,NWS10,0,Pre,2013,Hibernia
912343787,NW,NWS13,0,Pre,2013,Hibernia
912343788,NW,NWS14,NTZ,Pre,2013,Ashmore
912343789,NW,NWS16,RZ,Pre,2013,Ashmore
912343790,NW,NWS19,RZ,Pre,2013,Ashmore
912343791,NW,NWS22,RZ,Pre,2013,Ashmore
912343792,NW,NWS23,NTZ,Pre,2013,Ashmore
912343793,NW,NWS24,NTZ,Pre,2013,Ashmore
912343794,NW,NWS25,RZ,Pre,2013,Ashmore
912343795,NW,NWS27,0,Pre,2013,Scott
912343796,NW,NWS28,0,Pre,2013,Scott
912343797,NW,NWS29,0,Pre,2013,Scott
912343798,NW,NWS32,0,Pre,2013,Scott
912343799,NW,NWS33,0,Pre,2013,Scott
912343800,NW,NWS34,0,Pre,2013,Scott
912343801,NW,NWS35,0,Pre,2013,Scott
912343802,NW,NWS36,0,Pre,2013,Scott
912343803,NW,NWS37,0,Pre,2013,Scott
912343804,NW,NWS38,0,Pre,2013,Scott
912343805,NW,NWS39,0,Pre,2013,Scott
912343806,NW,NWS40,0,Pre,2013,Scott
912343807,NW,NWS41,0,Pre,2013,Scott
912343808,NW,NWS3,0,Pre,2013,Hibernia
912343809,NW,NWS4,0,Pre,2013,Hibernia
912343810,NW,NWS7,0,Pre,2013,Hibernia
912343811,NW,NWS9,0,Pre,2013,Hibernia
912343812,NW,NWS10,0,Pre,2013,Hibernia
912343813,NW,NWS13,0,Pre,2013,Hibernia
912343814,NW,NWS14,NTZ,Pre,2013,Ashmore
912343815,NW,NWS16,RZ,Pre,2013,Ashmore
912343816,NW,NWS18,RZ,Pre,2013,Ashmore
912343817,NW,NWS22,RZ,Pre,2013,Ashmore
912343818,NW,NWS24,NTZ,Pre,2013,Ashmore
912343819,NW,NWS40,0,Pre,2013,Scott
912344169,NW,NWS50,NTZ,Pre,2013,Imperieuse
912344170,NW,NWS50,NTZ,Pre,2013,Imperieuse
912344171,NW,NWS51,NTZ,Pre,2013,Imperieuse
912344172,NW,NWS51,NTZ,Pre,2013,Imperieuse
912344173,NW,NWS52,NTZ,Pre,2013,Imperieuse
912344174,NW,NWS52,NTZ,Pre,2013,Imperieuse
912344175,NW,NWS53,NTZ,Pre,2013,Imperieuse
912344176,NW,NWS53,NTZ,Pre,2013,Imperieuse
912344177,NW,NWS54,NTZ,Pre,2013,Imperieuse
912344178,NW,NWS54,NTZ,Pre,2013,Imperieuse
912344179,NW,NWS55,NTZ,Pre,2013,Imperieuse
912344180,NW,NWS55,NTZ,Pre,2013,Imperieuse
912344181,NW,NWS56,NTZ,Pre,2013,Imperieuse
912344182,NW,NWS56,NTZ,Pre,2013,Imperieuse
912344183,NW,NWS57,NTZ,Pre,2013,Imperieuse
912344184,NW,NWS58,NTZ,Pre,2013,Imperieuse
912344185,NW,NWS59,NTZ,Pre,2013,Imperieuse
912344186,NW,NWS59,NTZ,Pre,2013,Imperieuse
912344187,NW,NWS60,NTZ,Pre,2013,Imperieuse
912344188,NW,NWS60,NTZ,Pre,2013,Imperieuse
912344189,NW,NWS61,NTZ,Pre,2013,Imperieuse
912344190,NW,NWS61,NTZ,Pre,2013,Imperieuse
912344191,NW,NWS62,NTZ,Pre,2013,Imperieuse
912344192,NW,NWS63,NTZ,Pre,2013,Imperieuse
912344193,NW,NWS63,NTZ,Pre,2013,Imperieuse
912344194,NW,NWS64,NTZ,Pre,2013,Imperieuse
912344195,NW,NWS64,NTZ,Pre,2013,Imperieuse
912344196,NW,NWS65,NT,Pre,2013,Mermaid
912344197,NW,NWS65,NT,Pre,2013,Mermaid
912344198,NW,NWS66,NT,Pre,2013,Mermaid
912344199,NW,NWS66,NT,Pre,2013,Mermaid
912344200,NW,NWS66,NT,Pre,2013,Mermaid
912344201,NW,NWS67,NT,Pre,2013,Mermaid
912344202,NW,NWS67,NT,Pre,2013,Mermaid
912344203,NW,NWS68,NT,Pre,2013,Mermaid
912344204,NW,NWS68,NT,Pre,2013,Mermaid
912344205,NW,NWS69,NT,Pre,2013,Mermaid
912344206,NW,NWS69,NT,Pre,2013,Mermaid
912344207,NW,NWS70,NT,Pre,2013,Mermaid
912344208,NW,NWS70,NT,Pre,2013,Mermaid
912344209,NW,NWS71,NT,Pre,2013,Mermaid
912344210,NW,NWS71,NT,Pre,2013,Mermaid
912344211,NW,NWS72,NT,Pre,2013,Mermaid
912344212,NW,NWS72,NT,Pre,2013,Mermaid
912344213,NW,NWS73,NT,Pre,2013,Mermaid
912344214,NW,NWS73,NT,Pre,2013,Mermaid
912344215,NW,NWS74,NT,Pre,2013,Mermaid
912344216,NW,NWS74,NT,Pre,2013,Mermaid
912344217,NW,NWS75,NT,Pre,2013,Mermaid
912344218,NW,NWS75,NT,Pre,2013,Mermaid
912344219,NW,NWS76,NT,Pre,2013,Mermaid
912344220,NW,NWS76,NT,Pre,2013,Mermaid
912344221,NW,NWS77,NT,Pre,2013,Mermaid
912344222,NW,NWS77,NT,Pre,2013,Mermaid
912344223,NW,NWS78,NT,Pre,2013,Mermaid
912344224,NW,NWS78,NT,Pre,2013,Mermaid
912344225,NW,NWS79,NT,Pre,2013,Mermaid
912344226,NW,NWS79,NT,Pre,2013,Mermaid
912344227,NW,NWS80,NT,Pre,2013,Mermaid
912344228,NW,NWS80,NT,Pre,2013,Mermaid
912344229,NW,NWS81,NT,Pre,2013,Mermaid
912344230,NW,NWS81,NT,Pre,2013,Mermaid
912344231,NW,NWS82,NT,Pre,2013,Mermaid
912344232,NW,NWS82,NT,Pre,2013,Mermaid
912344233,NW,NWS83,NTZ,Pre,2013,Clerke
912344234,NW,NWS83,NTZ,Pre,2013,Clerke
912344235,NW,NWS84,NTZ,Pre,2013,Clerke
912344236,NW,NWS84,NTZ,Pre,2013,Clerke
912344237,NW,NWS85,NTZ,Pre,2013,Clerke
912344238,NW,NWS86,NTZ,Pre,2013,Clerke
912344239,NW,NWS86,NTZ,Pre,2013,Clerke
912344240,NW,NWS87,NTZ,Pre,2013,Clerke
912344241,NW,NWS87,NTZ,Pre,2013,Clerke
912344242,NW,NWS88,NTZ,Pre,2013,Clerke
912344243,NW,NWS88,NTZ,Pre,2013,Clerke
912344244,NW,NWS89,NTZ,Pre,2013,Clerke
912344245,NW,NWS90,NTZ,Pre,2013,Clerke
912344246,NW,NWS90,NTZ,Pre,2013,Clerke
912344247,NW,NWS91,NTZ,Pre,2013,Clerke
912344248,NW,NWS91,NTZ,Pre,2013,Clerke
912344249,NW,NWS92,NTZ,Pre,2013,Clerke
912344250,NW,NWS93,RZ,Pre,2013,Clerke
912344251,NW,NWS93,RZ,Pre,2013,Clerke
912344252,NW,NWS94,NTZ,Pre,2013,Clerke
912344253,NW,NWS94,NTZ,Pre,2013,Clerke
912344254,NW,NWS95,NTZ,Pre,2013,Clerke
912344255,NW,NWS95,NTZ,Pre,2013,Clerke
912344256,NW,NWS96,NTZ,Pre,2013,Clerke
912344257,NW,NWS96,NTZ,Pre,2013,Clerke
912344258,NW,NWS97,NTZ,Pre,2013,Clerke
912344259,NW,NWS97,NTZ,Pre,2013,Clerke
912344260,NW,NWS98,NTZ,Pre,2013,Clerke
912344261,NW,NWS98,NTZ,Pre,2013,Clerke
912344262,NW,NWS99,NTZ,Pre,2013,Clerke
912344263,NW,NWS99,NTZ,Pre,2013,Clerke
912344264,NW,NWS100,NTZ,Pre,2013,Clerke
912344265,NW,NWS100,NTZ,Pre,2013,Clerke
912344266,NW,NWS101,NTZ,Pre,2013,Clerke
912344267,NW,NWS101,NTZ,Pre,2013,Clerke
912344268,NW,NWS102,NTZ,Pre,2013,Clerke
912351878,NW,NWS79,NT,Post,2018,Mermaid
912351879,NW,NWS79,NT,Post,2018,Mermaid
912351880,NW,NWS70,NT,Post,2018,Mermaid
912351881,NW,NWS70,NT,Post,2018,Mermaid
912351882,NW,NWS76,NT,Post,2018,Mermaid
912351883,NW,NWS76,NT,Post,2018,Mermaid
912351884,NW,NWS69,NT,Post,2018,Mermaid
912351885,NW,NWS69,NT,Post,2018,Mermaid
912351886,NW,NWS71,NT,Post,2018,Mermaid
912351887,NW,NWS71,NT,Post,2018,Mermaid
912351888,NW,NWS72,NT,Post,2018,Mermaid
912351889,NW,NWS72,NT,Post,2018,Mermaid
912351890,NW,NWS78,NT,Post,2018,Mermaid
912351891,NW,NWS78,NT,Post,2018,Mermaid
912351892,NW,NWS81,NT,Post,2018,Mermaid
912351893,NW,NWS81,NT,Post,2018,Mermaid
912351894,NW,NWS77,NT,Post,2018,Mermaid
912351895,NW,NWS77,NT,Post,2018,Mermaid
912351896,NW,NWS91,NTZ,Post,2018,Clerke
912351897,NW,NWS91,NTZ,Post,2018,Clerke
912351898,NW,NWS88,NTZ,Post,2018,Clerke
912351899,NW,NWS88,NTZ,Post,2018,Clerke
912351900,NW,NWS86,NTZ,Post,2018,Clerke
912351901,NW,NWS86,NTZ,Post,2018,Clerke
912351902,NW,NWS90,NTZ,Post,2018,Clerke
912351903,NW,NWS90,NTZ,Post,2018,Clerke
912351904,NW,NWS93,RZ,Post,2018,Clerke
912351905,NW,NWS93,RZ,Post,2018,Clerke
912351906,NW,NWS95,NTZ,Post,2018,Clerke
912351907,NW,NWS95,NTZ,Post,2018,Clerke
912351908,NW,NWS99,NTZ,Post,2018,Clerke
912351909,NW,NWS99,NTZ,Post,2018,Clerke
912351910,NW,NWS94,NTZ,Post,2018,Clerke
912351911,NW,NWS94,NTZ,Post,2018,Clerke
912351912,NW,NWS89,NTZ,Post,2018,Clerke
912351913,NW,NWS89,NTZ,Post,2018,Clerke
912351914,NW,NWS61,NTZ,Post,2018,Imperieuse
912351915,NW,NWS61,NTZ,Post,2018,Imperieuse
912351916,NW,NWS56,NTZ,Post,2018,Imperieuse
912351917,NW,NWS56,NTZ,Post,2018,Imperieuse
912351918,NW,NWS54,NTZ,Post,2018,Imperieuse
912351919,NW,NWS54,NTZ,Post,2018,Imperieuse
912351920,NW,NWS64,NTZ,Post,2018,Imperieuse
912351921,NW,NWS64,NTZ,Post,2018,Imperieuse
912351922,NW,NWS63,NTZ,Post,2018,Imperieuse
912351923,NW,NWS63,NTZ,Post,2018,Imperieuse
912351924,NW,NWS62,NTZ,Post,2018,Imperieuse
912351925,NW,NWS62,NTZ,Post,2018,Imperieuse
912351926,NW,NWS59,NTZ,Post,2018,Imperieuse
912351927,NW,NWS59,NTZ,Post,2018,Imperieuse
912351928,NW,NWS53,NTZ,Post,2018,Imperieuse
912351929,NW,NWS53,NTZ,Post,2018,Imperieuse
912351930,NW,NWS74,NT,Post,2018,Mermaid
912351931,NW,NWS74,NT,Post,2018,Mermaid
912351932,NW,NWS80,NT,Post,2018,Mermaid
912351933,NW,NWS80,NT,Post,2018,Mermaid
912351934,NW,NWS66,NT,Post,2018,Mermaid
912351935,NW,NWS66,NT,Post,2018,Mermaid
912351936,NW,NWS66,NT,Post,2018,Mermaid
912351937,NW,NWS68,NT,Post,2018,Mermaid
912351938,NW,NWS68,NT,Post,2018,Mermaid
912351939,NW,NWS92,NTZ,Post,2018,Clerke
912351940,NW,NWS92,NTZ,Post,2018,Clerke
912351941,NW,NWS100,NTZ,Post,2018,Clerke
912351942,NW,NWS100,NTZ,Post,2018,Clerke
912351943,NW,NWS98,NTZ,Post,2018,Clerke
912351944,NW,NWS98,NTZ,Post,2018,Clerke
912351945,NW,NWS84,NTZ,Post,2018,Clerke
912351946,NW,NWS84,NTZ,Post,2018,Clerke
912351947,NW,NWS83,NTZ,Post,2018,Clerke
912351948,NW,NWS83,NTZ,Post,2018,Clerke
912351949,NW,NWS101,NTZ,Post,2018,Clerke
912351950,NW,NWS101,NTZ,Post,2018,Clerke
912351951,NW,NWS58,NTZ,Post,2018,Imperieuse
912351952,NW,NWS58,NTZ,Post,2018,Imperieuse
912351953,NW,NWS73,NT,Post,2018,Mermaid
912351954,NW,NWS73,NT,Post,2018,Mermaid
912351955,NW,NWS67,NT,Post,2018,Mermaid
912351956,NW,NWS67,NT,Post,2018,Mermaid
912351957,NW,NWS75,NT,Post,2018,Mermaid
912351958,NW,NWS75,NT,Post,2018,Mermaid
912351959,NW,NWS82,NT,Post,2018,Mermaid
912351960,NW,NWS82,NT,Post,2018,Mermaid
912351961,NW,NWS96,NTZ,Post,2018,Clerke
912351962,NW,NWS96,NTZ,Post,2018,Clerke
912351963,NW,NWS97,NTZ,Post,2018,Clerke
912351964,NW,NWS97,NTZ,Post,2018,Clerke
912351965,NW,NWS87,NTZ,Post,2018,Clerke
912351966,NW,NWS87,NTZ,Post,2018,Clerke
912351967,NW,NWS50,NTZ,Post,2018,Imperieuse
912351968,NW,NWS50,NTZ,Post,2018,Imperieuse
912351969,NW,NWS51,NTZ,Post,2018,Imperieuse
912351970,NW,NWS51,NTZ,Post,2018,Imperieuse
912351971,NW,NWS55,NTZ,Post,2018,Imperieuse
912351972,NW,NWS55,NTZ,Post,2018,Imperieuse
912351973,NW,NWS57,NTZ,Post,2018,Imperieuse
912351974,NW,NWS57,NTZ,Post,2018,Imperieuse
912351975,NW,NWS60,NTZ,Post,2018,Imperieuse
912351976,NW,NWS60,NTZ,Post,2018,Imperieuse
912351977,NW,WA83,0,Post,2018,Kimberley
912351978,NW,WA83,0,Post,2018,Kimberley
912351979,NW,NWS163,RZ,Post,2018,Kimberley
912351980,NW,NWS163,RZ,Post,2018,Kimberley
912351981,NW,WA87,0,Post,2018,Kimberley
912351982,NW,WA87,0,Post,2018,Kimberley
912351983,NW,NWS164,RZ,Post,2018,Kimberley
912351984,NW,NWS164,RZ,Post,2018,Kimberley
912351985,NW,NWS165,RZ,Post,2018,Kimberley
912351986,NW,WA86,0,Post,2018,Kimberley
912351987,NW,WA86,0,Post,2018,Kimberley
912351988,NW,NWS33,0,Post,2018,Scott
912351989,NW,NWS33,0,Post,2018,Scott
912351990,NW,NWS169,RZ,Post,2018,Kimberley
912351991,NW,NWS169,RZ,Post,2018,Kimberley
912351992,NW,NWS171,RZ,Post,2018,Kimberley
912351993,NW,NWS171,RZ,Post,2018,Kimberley
912351994,NW,NWS172,0,Post,2018,Scott
912351995,NW,NWS172,0,Post,2018,Scott
912351996,NW,NWS28,0,Post,2018,Scott
912351997,NW,NWS28,0,Post,2018,Scott
912351998,NW,NWS29,0,Post,2018,Scott
912351999,NW,NWS29,0,Post,2018,Scott
912352000,NW,NWS36,0,Post,2018,Scott
912352001,NW,NWS36,0,Post,2018,Scott
912352002,NW,NWS41,0,Post,2018,Scott
912352003,NW,NWS41,0,Post,2018,Scott
912352004,NW,NWS39,0,Post,2018,Scott
912352005,NW,NWS39,0,Post,2018,Scott
912352006,NW,NWS174,0,Post,2018,Scott
912352007,NW,NWS174,0,Post,2018,Scott
912352008,NW,NWS177,0,Post,2018,Seringapatam
912352009,NW,NWS177,0,Post,2018,Seringapatam
912352010,NW,NWS31,0,Post,2018,Scott
912352011,NW,NWS31,0,Post,2018,Scott
912352012,NW,NWS21,NTZ,Post,2018,Ashmore
912352013,NW,NWS21,NTZ,Post,2018,Ashmore
912352014,NW,NWS20,NTZ,Post,2018,Ashmore
912352015,NW,NWS20,NTZ,Post,2018,Ashmore
912352016,NW,NWS178,NTZ,Post,2018,Ashmore
912352017,NW,NWS178,NTZ,Post,2018,Ashmore
912352018,NW,NWS181,NTZ,Post,2018,Ashmore
912352019,NW,NWS181,NTZ,Post,2018,Ashmore
912352020,NW,NWS185,NTZ,Post,2018,Ashmore
912352021,NW,NWS185,NTZ,Post,2018,Ashmore
912352022,NW,NWS184,NTZ,Post,2018,Ashmore
912352023,NW,NWS184,NTZ,Post,2018,Ashmore
912352024,NW,NWS25,RZ,Post,2018,Ashmore
912352025,NW,NWS14,NTZ,Post,2018,Ashmore
912352026,NW,NWS14,NTZ,Post,2018,Ashmore
912352027,NW,NWS11,0,Post,2019,Hibernia
912352028,NW,NWS9,0,Post,2019,Hibernia
912352029,NW,NWS9,0,Post,2019,Hibernia
912352030,NW,NWS16,RZ,Post,2018,Ashmore
912352031,NW,NWS16,RZ,Post,2018,Ashmore
912352032,NW,NWS23,NTZ,Post,2018,Ashmore
912352033,NW,NWS23,NTZ,Post,2018,Ashmore
912352034,NW,NWS12,0,Post,2019,Hibernia
912352035,NW,NWS12,0,Post,2019,Hibernia
912352036,NW,NWS30,0,Post,2018,Scott
912352037,NW,NWS30,0,Post,2018,Scott
912352038,NW,NWS4,0,Post,2019,Hibernia
912352039,NW,NWS4,0,Post,2019,Hibernia
912352040,NW,NWS3,0,Post,2019,Hibernia
912352041,NW,NWS3,0,Post,2019,Hibernia
912352042,NW,NWS189,NT,Post,2019,Cartier
912352043,NW,NWS189,NT,Post,2019,Cartier
912352044,NW,NWS192,NT,Post,2019,Cartier
912352045,NW,NWS192,NT,Post,2019,Cartier
912352046,NW,NWS199,RZ,Post,2019,Kimberley
912352047,NW,NWS199,RZ,Post,2019,Kimberley
912352048,NW,NWS198,RZ,Post,2019,Kimberley
912352049,NW,NWS198,RZ,Post,2019,Kimberley
912352050,NW,NWS195,0,Post,2019,Browse
912352051,NW,NWS195,0,Post,2019,Browse
912352052,NW,NWS201,RZ,Post,2019,Kimberley
912352053,NW,NWS201,RZ,Post,2019,Kimberley
912352054,NW,NWS194,0,Post,2019,Browse
912352055,NW,NWS194,0,Post,2019,Browse
912352056,NW,NWS193,NT,Post,2019,Cartier
912352057,NW,NWS193,NT,Post,2019,Cartier
912352058,NW,NWS188,NT,Post,2019,Cartier
912352059,NW,NWS188,NT,Post,2019,Cartier
912352060,NW,NWS37,0,Post,2018,Scott
912352061,NW,NWS37,0,Post,2018,Scott
912352062,NW,NWS175,0,Post,2018,Scott
912352063,NW,NWS19,RZ,Post,2018,Ashmore
912352064,NW,NWS11,0,Post,2019,Hibernia
912352065,NW,NWS200,RZ,Post,2019,Kimberley
912352066,NW,NWS200,RZ,Post,2019,Kimberley
912352067,NW,NWS166,RZ,Post,2018,Kimberley
912352068,NW,NWS165,RZ,Post,2018,Kimberley
912352069,NW,NWS167,NTZ,Post,2018,Kimberley
912352070,NW,NWS168,0,Post,2018,Kimberley
912352071,NW,NWS168,0,Post,2018,Kimberley
912352072,NW,NWS170,RZ,Post,2018,Kimberley
912352073,NW,NWS34,0,Post,2018,Scott
912352074,NW,NWS34,0,Post,2018,Scott
912352075,NW,NWS35,0,Post,2018,Scott
912352076,NW,NWS27,0,Post,2018,Scott
912352077,NW,NWS173,0,Post,2018,Scott
912352078,NW,NWS32,0,Post,2018,Scott
912352079,NW,NWS38,0,Post,2018,Scott
912352080,NW,NWS40,0,Post,2018,Scott
912352081,NW,NWS26,0,Post,2018,Seringapatam
912352082,NW,NWS176,0,Post,2018,Seringapatam
912352083,NW,NWS15,NTZ,Post,2018,Ashmore
912352084,NW,NWS24,NTZ,Post,2018,Ashmore
912352085,NW,NWS18,RZ,Post,2018,Ashmore
912352086,NW,NWS179,NTZ,Post,2018,Ashmore
912352087,NW,NWS180,NTZ,Post,2018,Ashmore
912352088,NW,NWS182,NTZ,Post,2018,Ashmore
912352089,NW,NWS183,NTZ,Post,2018,Ashmore
912352090,NW,NWS17,RZ,Post,2018,Ashmore
912352091,NW,NWS22,RZ,Post,2018,Ashmore
912352092,NW,NWS13,0,Post,2019,Hibernia
912352093,NW,NWS10,0,Post,2019,Hibernia
912352094,NW,NWS8,0,Post,2019,Hibernia
912352095,NW,NWS7,0,Post,2019,Hibernia
912352096,NW,NWS5,0,Post,2019,Hibernia
912352097,NW,NWS6,0,Post,2019,Hibernia
912352098,NW,NWS186,NT,Post,2019,Cartier
912352099,NW,NWS187,NT,Post,2019,Cartier
912352100,NW,NWS190,NT,Post,2019,Cartier
912352101,NW,NWS191,NT,Post,2019,Cartier
912352102,NW,NWS196,0,Post,2019,Browse
912352103,NW,NWS197,RZ,Post,2019,Kimberley
912352104,NW,NWS197,RZ,Post,2019,Kimberley
912352105,NW,NWS35,0,Post,2018,Scott
912352106,NW,NWS27,0,Post,2018,Scott
912352107,NW,NWS173,0,Post,2018,Scott
912352108,NW,NWS32,0,Post,2018,Scott
912352109,NW,NWS38,0,Post,2018,Scott
912352110,NW,NWS40,0,Post,2018,Scott
912352111,NW,NWS175,0,Post,2018,Scott
912352112,NW,NWS26,0,Post,2018,Seringapatam
912352113,NW,NWS176,0,Post,2018,Seringapatam
912352114,NW,NWS15,NTZ,Post,2018,Ashmore
912352115,NW,NWS24,NTZ,Post,2018,Ashmore
912352116,NW,NWS18,RZ,Post,2018,Ashmore
912352117,NW,NWS179,NTZ,Post,2018,Ashmore
912352118,NW,NWS180,NTZ,Post,2018,Ashmore
912352119,NW,NWS182,NTZ,Post,2018,Ashmore
912352120,NW,NWS183,NTZ,Post,2018,Ashmore
912352121,NW,NWS17,RZ,Post,2018,Ashmore
912352122,NW,NWS22,RZ,Post,2018,Ashmore
912352123,NW,NWS19,RZ,Post,2018,Ashmore
912352124,NW,NWS13,0,Post,2019,Hibernia
912352125,NW,NWS10,0,Post,2019,Hibernia
912352126,NW,NWS8,0,Post,2019,Hibernia
912352127,NW,NWS7,0,Post,2019,Hibernia
912352128,NW,NWS5,0,Post,2019,Hibernia
912352129,NW,NWS6,0,Post,2019,Hibernia
912352130,NW,NWS186,NT,Post,2019,Cartier
912352131,NW,NWS187,NT,Post,2019,Cartier
912352132,NW,NWS190,NT,Post,2019,Cartier
912352133,NW,NWS191,NT,Post,2019,Cartier
912352134,NW,NWS196,0,Post,2019,Browse
912340598,Ningaloo,NMP-BF1,RZ,Pre,2012,Ningaloo
912340599,Ningaloo,NMP-BF1,RZ,Pre,2012,Ningaloo
912340600,Ningaloo,NMP-BF1,RZ,Pre,2012,Ningaloo
912340606,Ningaloo,NMP-BF2,RZ,Pre,2012,Ningaloo
912340607,Ningaloo,NMP-BF2,RZ,Pre,2012,Ningaloo
912340608,Ningaloo,NMP-BF2,RZ,Pre,2012,Ningaloo
912340609,Ningaloo,NMP-BF3,NTZ,Pre,2012,Ningaloo
912340610,Ningaloo,NMP-BF3,NTZ,Pre,2012,Ningaloo
912340611,Ningaloo,NMP-BF3,NTZ,Pre,2012,Ningaloo
912340601,Ningaloo,NMP-BF4,RZ,Pre,2012,Ningaloo
912340602,Ningaloo,NMP-BF4,RZ,Pre,2012,Ningaloo
912340603,Ningaloo,NMP-BF4,RZ,Pre,2012,Ningaloo
912340567,Ningaloo,NMP-C1,RZ,Pre,2012,Ningaloo
912340568,Ningaloo,NMP-C1,RZ,Pre,2012,Ningaloo
912340569,Ningaloo,NMP-C1,RZ,Pre,2012,Ningaloo
912340564,Ningaloo,NMP-C3,NTZ,Pre,2012,Ningaloo
912340565,Ningaloo,NMP-C3,NTZ,Pre,2012,Ningaloo
912340566,Ningaloo,NMP-C3,NTZ,Pre,2012,Ningaloo
912340574,Ningaloo,NMP-C4,RZ,Pre,2012,Ningaloo
912340575,Ningaloo,NMP-C4,RZ,Pre,2012,Ningaloo
912340576,Ningaloo,NMP-C4,RZ,Pre,2012,Ningaloo
912340589,Ningaloo,NMP-P2,NTZ,Pre,2012,Ningaloo
912340590,Ningaloo,NMP-P2,NTZ,Pre,2012,Ningaloo
912340591,Ningaloo,NMP-P2,NTZ,Pre,2012,Ningaloo
912340579,Ningaloo,NMP-S1,NTZ,Pre,2012,Ningaloo
912340580,Ningaloo,NMP-S1,NTZ,Pre,2012,Ningaloo
912340581,Ningaloo,NMP-S1,NTZ,Pre,2012,Ningaloo
912340582,Ningaloo,NMP-S2,RZ,Pre,2012,Ningaloo
912340583,Ningaloo,NMP-S2,RZ,Pre,2012,Ningaloo
912340584,Ningaloo,NMP-S2,RZ,Pre,2012,Ningaloo
912340570,Ningaloo,NMP-S3,NTZ,Pre,2012,Ningaloo
912340571,Ningaloo,NMP-S3,NTZ,Pre,2012,Ningaloo
912340559,Ningaloo,NMP1,NTZ,Pre,2012,Ningaloo
912340560,Ningaloo,NMP1,NTZ,Pre,2012,Ningaloo
912340585,Ningaloo,NMP11,RZ,Pre,2012,Ningaloo
912340586,Ningaloo,NMP11,RZ,Pre,2012,Ningaloo
912340577,Ningaloo,NMP19,NTZ,Pre,2012,Ningaloo
912340578,Ningaloo,NMP19,NTZ,Pre,2012,Ningaloo
912340562,Ningaloo,NMP2,NTZ,Pre,2012,Ningaloo
912340563,Ningaloo,NMP2,NTZ,Pre,2012,Ningaloo
912340604,Ningaloo,NMP20,RZ,Pre,2012,Ningaloo
912340605,Ningaloo,NMP20,RZ,Pre,2012,Ningaloo
912340587,Ningaloo,NMP24,RZ,Pre,2012,Ningaloo
912340588,Ningaloo,NMP24,RZ,Pre,2012,Ningaloo
912340592,Ningaloo,NMP25,RZ,Pre,2012,Ningaloo
912340593,Ningaloo,NMP25,RZ,Pre,2012,Ningaloo
912340594,Ningaloo,NMP26,RZ,Pre,2012,Ningaloo
912340595,Ningaloo,NMP26,RZ,Pre,2012,Ningaloo
912340596,Ningaloo,NMP27,RZ,Pre,2012,Ningaloo
912340597,Ningaloo,NMP27,RZ,Pre,2012,Ningaloo
912340572,Ningaloo,NMP6,NTZ,Pre,2012,Ningaloo
912340573,Ningaloo,NMP6,NTZ,Pre,2012,Ningaloo
912340561,Ningaloo,NMP9,NTZ,Pre,2012,Ningaloo
912344900,Ningaloo,NMP-BF1,RZ,Pre,2015,Ningaloo
912344949,Ningaloo,NMP-BF1,RZ,Pre,2015,Ningaloo
912344966,Ningaloo,NMP-BF1,RZ,Pre,2015,Ningaloo
912344898,Ningaloo,NMP-BF2,RZ,Pre,2015,Ningaloo
912344945,Ningaloo,NMP-BF2,RZ,Pre,2015,Ningaloo
912344963,Ningaloo,NMP-BF2,RZ,Pre,2015,Ningaloo
912344902,Ningaloo,NMP-BF3,NTZ,Pre,2015,Ningaloo
912344946,Ningaloo,NMP-BF3,NTZ,Pre,2015,Ningaloo
912344968,Ningaloo,NMP-BF3,NTZ,Pre,2015,Ningaloo
912344901,Ningaloo,NMP-BF4,RZ,Pre,2015,Ningaloo
912344947,Ningaloo,NMP-BF4,RZ,Pre,2015,Ningaloo
912344967,Ningaloo,NMP-BF4,RZ,Pre,2015,Ningaloo
912344903,Ningaloo,NMP-C1,RZ,Pre,2015,Ningaloo
912344950,Ningaloo,NMP-C1,RZ,Pre,2015,Ningaloo
912344969,Ningaloo,NMP-C1,RZ,Pre,2015,Ningaloo
912344904,Ningaloo,NMP-C3,NTZ,Pre,2015,Ningaloo
912344938,Ningaloo,NMP-C3,NTZ,Pre,2015,Ningaloo
912344959,Ningaloo,NMP-C3,NTZ,Pre,2015,Ningaloo
912344883,Ningaloo,NMP-C4,RZ,Pre,2015,Ningaloo
912344910,Ningaloo,NMP-C4,RZ,Pre,2015,Ningaloo
912344954,Ningaloo,NMP-C4,RZ,Pre,2015,Ningaloo
912344880,Ningaloo,NMP-P2,NTZ,Pre,2015,Ningaloo
912344937,Ningaloo,NMP-P2,NTZ,Pre,2015,Ningaloo
912344962,Ningaloo,NMP-P2,NTZ,Pre,2015,Ningaloo
912344887,Ningaloo,NMP-S1,NTZ,Pre,2015,Ningaloo
912344929,Ningaloo,NMP-S1,NTZ,Pre,2015,Ningaloo
912344957,Ningaloo,NMP-S1,NTZ,Pre,2015,Ningaloo
912344888,Ningaloo,NMP-S2,RZ,Pre,2015,Ningaloo
912344930,Ningaloo,NMP-S2,RZ,Pre,2015,Ningaloo
912344935,Ningaloo,NMP-S2,RZ,Pre,2015,Ningaloo
912344890,Ningaloo,NMP-S3,NTZ,Pre,2015,Ningaloo
912344914,Ningaloo,NMP-S3,NTZ,Pre,2015,Ningaloo
912344921,Ningaloo,NMP-S3,NTZ,Pre,2015,Ningaloo
912344879,Ningaloo,NMP-S4,NTZ,Pre,2015,Ningaloo
912344908,Ningaloo,NMP-S4,NTZ,Pre,2015,Ningaloo
912344961,Ningaloo,NMP-S4,NTZ,Pre,2015,Ningaloo
912344916,Ningaloo,NMP1,NTZ,Pre,2015,Ningaloo
912344922,Ningaloo,NMP1,NTZ,Pre,2015,Ningaloo
912344932,Ningaloo,NMP1,NTZ,Pre,2015,Ningaloo
912344971,Ningaloo,NMP1,NTZ,Pre,2015,Ningaloo
912344878,Ningaloo,NMP10,RZ,Pre,2015,Ningaloo
912344936,Ningaloo,NMP10,RZ,Pre,2015,Ningaloo
912344877,Ningaloo,NMP11,RZ,Pre,2015,Ningaloo
912344909,Ningaloo,NMP11,RZ,Pre,2015,Ningaloo
912344942,Ningaloo,NMP13,RZ,Pre,2015,Ningaloo
912344953,Ningaloo,NMP13,RZ,Pre,2015,Ningaloo
912344928,Ningaloo,NMP14,RZ,Pre,2015,Ningaloo
912344882,Ningaloo,NMP19,NTZ,Pre,2015,Ningaloo
912344912,Ningaloo,NMP19,NTZ,Pre,2015,Ningaloo
912344895,Ningaloo,NMP2,NTZ,Pre,2015,Ningaloo
912344896,Ningaloo,NMP2,NTZ,Pre,2015,Ningaloo
912344924,Ningaloo,NMP2,NTZ,Pre,2015,Ningaloo
912344881,Ningaloo,NMP20,RZ,Pre,2015,Ningaloo
912344911,Ningaloo,NMP20,RZ,Pre,2015,Ningaloo
912344926,Ningaloo,NMP20,RZ,Pre,2015,Ningaloo
912344934,Ningaloo,NMP21,NTZ,Pre,2015,Ningaloo
912344958,Ningaloo,NMP21,NTZ,Pre,2015,Ningaloo
912344941,Ningaloo,NMP24,RZ,Pre,2015,Ningaloo
912344952,Ningaloo,NMP24,RZ,Pre,2015,Ningaloo
912344885,Ningaloo,NMP25,RZ,Pre,2015,Ningaloo
912344918,Ningaloo,NMP25,RZ,Pre,2015,Ningaloo
912344884,Ningaloo,NMP26,RZ,Pre,2015,Ningaloo
912344927,Ningaloo,NMP26,RZ,Pre,2015,Ningaloo
912344955,Ningaloo,NMP26,RZ,Pre,2015,Ningaloo
912344886,Ningaloo,NMP27,RZ,Pre,2015,Ningaloo
912344919,Ningaloo,NMP27,RZ,Pre,2015,Ningaloo
912344956,Ningaloo,NMP27,RZ,Pre,2015,Ningaloo
912344889,Ningaloo,NMP28,RZ,Pre,2015,Ningaloo
912344913,Ningaloo,NMP28,RZ,Pre,2015,Ningaloo
912344920,Ningaloo,NMP28,RZ,Pre,2015,Ningaloo
912344905,Ningaloo,NMP29,NTZ,Pre,2015,Ningaloo
912344939,Ningaloo,NMP29,NTZ,Pre,2015,Ningaloo
912344960,Ningaloo,NMP29,NTZ,Pre,2015,Ningaloo
912344891,Ningaloo,NMP30,NTZ,Pre,2015,Ningaloo
912344915,Ningaloo,NMP30,NTZ,Pre,2015,Ningaloo
912344931,Ningaloo,NMP30,NTZ,Pre,2015,Ningaloo
912344970,Ningaloo,NMP30,NTZ,Pre,2015,Ningaloo
912344892,Ningaloo,NMP31,RZ,Pre,2015,Ningaloo
912344917,Ningaloo,NMP31,RZ,Pre,2015,Ningaloo
912344933,Ningaloo,NMP31,RZ,Pre,2015,Ningaloo
912344906,Ningaloo,NMP32,NTZ,Pre,2015,Ningaloo
912344907,Ningaloo,NMP32,NTZ,Pre,2015,Ningaloo
912344972,Ningaloo,NMP32,NTZ,Pre,2015,Ningaloo
912344940,Ningaloo,NMP6,NTZ,Pre,2015,Ningaloo
912344951,Ningaloo,NMP6,NTZ,Pre,2015,Ningaloo
912344897,Ningaloo,NMP8,RZ,Pre,2015,Ningaloo
912344925,Ningaloo,NMP8,RZ,Pre,2015,Ningaloo
912344893,Ningaloo,NMP9,NTZ,Pre,2015,Ningaloo
912344894,Ningaloo,NMP9,NTZ,Pre,2015,Ningaloo
912344923,Ningaloo,NMP9,NTZ,Pre,2015,Ningaloo
912349632,Ningaloo,NMP-BF1,RZ,Post,2017,Ningaloo
912349644,Ningaloo,NMP-BF1,RZ,Post,2017,Ningaloo
912349662,Ningaloo,NMP-BF1,RZ,Post,2017,Ningaloo
912349635,Ningaloo,NMP-BF2,RZ,Post,2017,Ningaloo
912349647,Ningaloo,NMP-BF2,RZ,Post,2017,Ningaloo
912349664,Ningaloo,NMP-BF2,RZ,Post,2017,Ningaloo
912349634,Ningaloo,NMP-BF3,NTZ,Post,2017,Ningaloo
912349646,Ningaloo,NMP-BF3,NTZ,Post,2017,Ningaloo
912349663,Ningaloo,NMP-BF3,NTZ,Post,2017,Ningaloo
912349633,Ningaloo,NMP-BF4,RZ,Post,2017,Ningaloo
912349645,Ningaloo,NMP-BF4,RZ,Post,2017,Ningaloo
912349656,Ningaloo,NMP-BF4,RZ,Post,2017,Ningaloo
912349637,Ningaloo,NMP-C1,RZ,Post,2017,Ningaloo
912349650,Ningaloo,NMP-C1,RZ,Post,2017,Ningaloo
912349666,Ningaloo,NMP-C1,RZ,Post,2017,Ningaloo
912349625,Ningaloo,NMP-C3,NTZ,Post,2017,Ningaloo
912349676,Ningaloo,NMP-C3,NTZ,Post,2017,Ningaloo
912349685,Ningaloo,NMP-C3,NTZ,Post,2017,Ningaloo
912349638,Ningaloo,NMP-C4,RZ,Post,2017,Ningaloo
912349651,Ningaloo,NMP-C4,RZ,Post,2017,Ningaloo
912349658,Ningaloo,NMP-C4,RZ,Post,2017,Ningaloo
912349618,Ningaloo,NMP-P2,NTZ,Post,2017,Ningaloo
912349670,Ningaloo,NMP-P2,NTZ,Post,2017,Ningaloo
912349680,Ningaloo,NMP-P2,NTZ,Post,2017,Ningaloo
912349620,Ningaloo,NMP-S1,NTZ,Post,2017,Ningaloo
912349671,Ningaloo,NMP-S1,NTZ,Post,2017,Ningaloo
912349683,Ningaloo,NMP-S1,NTZ,Post,2017,Ningaloo
912349621,Ningaloo,NMP-S2,RZ,Post,2017,Ningaloo
912349672,Ningaloo,NMP-S2,RZ,Post,2017,Ningaloo
912349682,Ningaloo,NMP-S2,RZ,Post,2017,Ningaloo
912349636,Ningaloo,NMP-S3,NTZ,Post,2017,Ningaloo
912349649,Ningaloo,NMP-S3,NTZ,Post,2017,Ningaloo
912349665,Ningaloo,NMP-S3,NTZ,Post,2017,Ningaloo
912349619,Ningaloo,NMP-S4,NTZ,Post,2017,Ningaloo
912349655,Ningaloo,NMP-S4,NTZ,Post,2017,Ningaloo
912349681,Ningaloo,NMP-S4,NTZ,Post,2017,Ningaloo
912349630,Ningaloo,NMP1,NTZ,Post,2017,Ningaloo
912349631,Ningaloo,NMP1,NTZ,Post,2017,Ningaloo
912349643,Ningaloo,NMP1,NTZ,Post,2017,Ningaloo
912349617,Ningaloo,NMP10,RZ,Post,2017,Ningaloo
912349653,Ningaloo,NMP10,RZ,Post,2017,Ningaloo
912349654,Ningaloo,NMP10,RZ,Post,2017,Ningaloo
912349616,Ningaloo,NMP11,RZ,Post,2017,Ningaloo
912349669,Ningaloo,NMP11,RZ,Post,2017,Ningaloo
912349624,Ningaloo,NMP13,RZ,Post,2017,Ningaloo
912349675,Ningaloo,NMP13,RZ,Post,2017,Ningaloo
912349667,Ningaloo,NMP14,RZ,Post,2017,Ningaloo
912349668,Ningaloo,NMP14,RZ,Post,2017,Ningaloo
912349629,Ningaloo,NMP19,NTZ,Post,2017,Ningaloo
912349642,Ningaloo,NMP19,NTZ,Post,2017,Ningaloo
912349661,Ningaloo,NMP19,NTZ,Post,2017,Ningaloo
912349628,Ningaloo,NMP2,NTZ,Post,2017,Ningaloo
912349641,Ningaloo,NMP2,NTZ,Post,2017,Ningaloo
912349660,Ningaloo,NMP2,NTZ,Post,2017,Ningaloo
912349622,Ningaloo,NMP20,RZ,Post,2017,Ningaloo
912349673,Ningaloo,NMP20,RZ,Post,2017,Ningaloo
912349639,Ningaloo,NMP24,RZ,Post,2017,Ningaloo
912349652,Ningaloo,NMP24,RZ,Post,2017,Ningaloo
912349678,Ningaloo,NMP27,RZ,Post,2017,Ningaloo
912349687,Ningaloo,NMP27,RZ,Post,2017,Ningaloo
912349623,Ningaloo,NMP28,RZ,Post,2017,Ningaloo
912349674,Ningaloo,NMP28,RZ,Post,2017,Ningaloo
912349684,Ningaloo,NMP28,RZ,Post,2017,Ningaloo
912349626,Ningaloo,NMP29,NTZ,Post,2017,Ningaloo
912349677,Ningaloo,NMP29,NTZ,Post,2017,Ningaloo
912349686,Ningaloo,NMP29,NTZ,Post,2017,Ningaloo
912349648,Ningaloo,NMP6,NTZ,Post,2017,Ningaloo
912349657,Ningaloo,NMP6,NTZ,Post,2017,Ningaloo
912349679,Ningaloo,NMP8,RZ,Post,2017,Ningaloo
912349688,Ningaloo,NMP8,RZ,Post,2017,Ningaloo
912349627,Ningaloo,NMP9,NTZ,Post,2017,Ningaloo
912349640,Ningaloo,NMP9,NTZ,Post,2017,Ningaloo
912349659,Ningaloo,NMP9,NTZ,Post,2017,Ningaloo
912352640,Ningaloo,NMP-BF1,RZ,Post,2019,Ningaloo
912352641,Ningaloo,NMP-BF1,RZ,Post,2019,Ningaloo
912352676,Ningaloo,NMP-BF1,RZ,Post,2019,Ningaloo
912352710,Ningaloo,NMP-BF1,RZ,Post,2019,Ningaloo
912352642,Ningaloo,NMP-BF2,RZ,Post,2019,Ningaloo
912352643,Ningaloo,NMP-BF2,RZ,Post,2019,Ningaloo
912352677,Ningaloo,NMP-BF2,RZ,Post,2019,Ningaloo
912352711,Ningaloo,NMP-BF2,RZ,Post,2019,Ningaloo
912352644,Ningaloo,NMP-BF3,NTZ,Post,2019,Ningaloo
912352645,Ningaloo,NMP-BF3,NTZ,Post,2019,Ningaloo
912352678,Ningaloo,NMP-BF3,NTZ,Post,2019,Ningaloo
912352712,Ningaloo,NMP-BF3,NTZ,Post,2019,Ningaloo
912352646,Ningaloo,NMP-BF4,RZ,Post,2019,Ningaloo
912352647,Ningaloo,NMP-BF4,RZ,Post,2019,Ningaloo
912352679,Ningaloo,NMP-BF4,RZ,Post,2019,Ningaloo
912352713,Ningaloo,NMP-BF4,RZ,Post,2019,Ningaloo
912352665,Ningaloo,NMP-C1,RZ,Post,2019,Ningaloo
912352667,Ningaloo,NMP-C1,RZ,Post,2019,Ningaloo
912352701,Ningaloo,NMP-C1,RZ,Post,2019,Ningaloo
912352668,Ningaloo,NMP-C3,NTZ,Post,2019,Ningaloo
912352687,Ningaloo,NMP-C3,NTZ,Post,2019,Ningaloo
912352702,Ningaloo,NMP-C3,NTZ,Post,2019,Ningaloo
912352648,Ningaloo,NMP-C4,RZ,Post,2019,Ningaloo
912352649,Ningaloo,NMP-C4,RZ,Post,2019,Ningaloo
912352680,Ningaloo,NMP-C4,RZ,Post,2019,Ningaloo
912352653,Ningaloo,NMP-P2,NTZ,Post,2019,Ningaloo
912352654,Ningaloo,NMP-P2,NTZ,Post,2019,Ningaloo
912352703,Ningaloo,NMP-P2,NTZ,Post,2019,Ningaloo
912352681,Ningaloo,NMP-S1,NTZ,Post,2019,Ningaloo
912352688,Ningaloo,NMP-S1,NTZ,Post,2019,Ningaloo
912352704,Ningaloo,NMP-S1,NTZ,Post,2019,Ningaloo
912352682,Ningaloo,NMP-S2,RZ,Post,2019,Ningaloo
912352689,Ningaloo,NMP-S2,RZ,Post,2019,Ningaloo
912352705,Ningaloo,NMP-S2,RZ,Post,2019,Ningaloo
912352669,Ningaloo,NMP-S3,NTZ,Post,2019,Ningaloo
912352690,Ningaloo,NMP-S3,NTZ,Post,2019,Ningaloo
912352706,Ningaloo,NMP-S3,NTZ,Post,2019,Ningaloo
912352655,Ningaloo,NMP-S4,NTZ,Post,2019,Ningaloo
912352666,Ningaloo,NMP-S4,NTZ,Post,2019,Ningaloo
912352707,Ningaloo,NMP-S4,NTZ,Post,2019,Ningaloo
912352633,Ningaloo,NMP1,NTZ,Post,2019,Ningaloo
912352670,Ningaloo,NMP1,NTZ,Post,2019,Ningaloo
912352650,Ningaloo,NMP10,RZ,Post,2019,Ningaloo
912352651,Ningaloo,NMP10,RZ,Post,2019,Ningaloo
912352692,Ningaloo,NMP10,RZ,Post,2019,Ningaloo
912352656,Ningaloo,NMP11,RZ,Post,2019,Ningaloo
912352683,Ningaloo,NMP11,RZ,Post,2019,Ningaloo
912352693,Ningaloo,NMP11,RZ,Post,2019,Ningaloo
912352657,Ningaloo,NMP13,RZ,Post,2019,Ningaloo
912352694,Ningaloo,NMP13,RZ,Post,2019,Ningaloo
912352634,Ningaloo,NMP19,NTZ,Post,2019,Ningaloo
912352671,Ningaloo,NMP19,NTZ,Post,2019,Ningaloo
912352635,Ningaloo,NMP2,NTZ,Post,2019,Ningaloo
912352672,Ningaloo,NMP2,NTZ,Post,2019,Ningaloo
912352691,Ningaloo,NMP2,NTZ,Post,2019,Ningaloo
912352708,Ningaloo,NMP2,NTZ,Post,2019,Ningaloo
912352658,Ningaloo,NMP20,RZ,Post,2019,Ningaloo
912352659,Ningaloo,NMP20,RZ,Post,2019,Ningaloo
912352695,Ningaloo,NMP20,RZ,Post,2019,Ningaloo
912352636,Ningaloo,NMP21,NTZ,Post,2019,Ningaloo
912352673,Ningaloo,NMP21,NTZ,Post,2019,Ningaloo
912352660,Ningaloo,NMP24,RZ,Post,2019,Ningaloo
912352661,Ningaloo,NMP24,RZ,Post,2019,Ningaloo
912352696,Ningaloo,NMP24,RZ,Post,2019,Ningaloo
912352662,Ningaloo,NMP28,RZ,Post,2019,Ningaloo
912352684,Ningaloo,NMP28,RZ,Post,2019,Ningaloo
912352697,Ningaloo,NMP28,RZ,Post,2019,Ningaloo
912352663,Ningaloo,NMP29,NTZ,Post,2019,Ningaloo
912352685,Ningaloo,NMP29,NTZ,Post,2019,Ningaloo
912352698,Ningaloo,NMP29,NTZ,Post,2019,Ningaloo
912352664,Ningaloo,NMP31,RZ,Post,2019,Ningaloo
912352686,Ningaloo,NMP31,RZ,Post,2019,Ningaloo
912352699,Ningaloo,NMP31,RZ,Post,2019,Ningaloo
912352637,Ningaloo,NMP6,NTZ,Post,2019,Ningaloo
912352674,Ningaloo,NMP6,NTZ,Post,2019,Ningaloo
912352652,Ningaloo,NMP8,RZ,Post,2019,Ningaloo
912352700,Ningaloo,NMP8,RZ,Post,2019,Ningaloo
912352638,Ningaloo,NMP9,NTZ,Post,2019,Ningaloo
912352639,Ningaloo,NMP9,NTZ,Post,2019,Ningaloo
912352675,Ningaloo,NMP9,NTZ,Post,2019,Ningaloo
912352709,Ningaloo,NMP9,NTZ,Post,2019,Ningaloo