"RLS_category_2","label","freq","mean_cover_present","rank.freq","rank.cover","new.label"
"Foliose/Plate corals","Montipora hispida",20,25.2533237558,111,1,"Montipora hispida"
"Encrusting corals","Montipora spongodes",1,8,379,2,"Montipora spongodes"
"Branching corals","Isopora brueggemanni",98,6.20120313552041,22,3,"Isopora brueggemanni"
"Foliose/Plate corals","Porites monticulosa",1,6.060606061,393,4,"Porites monticulosa"
"Sub-massive corals","Porites rus",88,5.85990459956818,29,5,"Porites rus"
"Branching corals","Porites cylindrica",136,5.85436397314706,16,6,"Porites cylindrica"
"Foliose/Plate corals","Turbinaria mesenterina",8,5.625,196,7,"Turbinaria mesenterina"
"Branching Acropora","Acropora abrolhosensis",19,5.54977413536842,112,8,"Acropora abrolhosensis"
"Tabular Acropora corals","Acropora valenciennesi",2,5.5,286,9,"Acropora valenciennesi"
"Branching Acropora","Acropora muricata",141,5.4032733311844,14,10,"Acropora muricata"
"Sub-massive corals","Galaxea astreata",35,5.15527618185714,70,11,"Galaxea astreata"
"Encrusting corals","Echinopora pacificus",13,5.04345597161538,147,12,"Echinopora pacificus"
"Branching Acropora","Acropora microphthalma",13,5.04142011846154,145,13,"Acropora microphthalma"
"Branching corals","Seriatopora dendritica",1,5,395,14,"Seriatopora dendritica"
"Columnar corals","Isopora palifera",246,4.72871195,6,15,"Isopora palifera"
"Bottlebrush Acropora corals","Acropora elseyi",16,4.7226322676875,124,16,"Acropora elseyi"
"Foliose/Plate corals","Astreopora Solid plates",2,4.581632653,291,17,"Astreopora Solid plates"
"Tabular Acropora corals","Acropora spicifera",25,4.56100250628,90,18,"Acropora spicifera"
"Massive corals","Porites Hemispherical",220,4.55154782575,7,19,"Porites Hemispherical"
"Sub-massive corals","Pachyseris rugosa",11,4.35736285909091,164,20,"Pachyseris rugosa"
"Columnar corals","Montipora Columnar or digitate",4,4.334606678,240,21,"Montipora Columnar or digitate"
"Sub-massive corals","Porites annae",25,4.32238827776,92,22,"Porites annae"
"Encrusting corals","Isopora Encrusting",19,4.15288220552632,116,23,"Isopora Encrusting"
"Tabular Acropora corals","Acropora sukarnoi",1,4.12371134,338,24,"Acropora sukarnoi"
"Stony corals","Echinopora",2,4.0816326535,294,25,"Echinopora"
"Branching Acropora","Acropora lovelli",1,4,336,26,"Acropora lovelli"
"Encrusting corals","Alveopora spongiosa",1,4,340,27,"Alveopora spongiosa"
"Sub-massive corals","Pavona venosa",2,3.9901960785,311,28,"Pavona venosa"
"Branching corals","Alveopora catalai",2,3.903846154,287,29,"Alveopora catalai"
"Encrusting corals","Pavona explanulata",3,3.873015873,272,30,"Pavona explanulata"
"Tabular Acropora corals","Acropora hyacinthus",95,3.73847505487368,24,31,"Acropora hyacinthus"
"Branching Acropora","Acropora grandis",15,3.64954119473333,131,32,"Acropora grandis"
"Tabular Acropora corals","Acropora cytherea",73,3.63040590613699,36,33,"Acropora cytherea"
"Massive corals","Porites Massive",203,3.62412079159113,10,34,"Porites Massive"
"Branching Acropora","Acropora horrida",5,3.608080808,222,35,"Acropora horrida"
"Sub-massive corals","Lobophyllia robusta",2,3.5204081635,305,36,"Lobophyllia robusta"
"Branching corals","Pavona cactus",2,3.5,310,37,"Pavona cactus"
"Foliose/Plate corals","Turbinaria reniformis",12,3.4175084175,158,38,"Turbinaria reniformis"
"Foliose/Plate corals","Porites lichen",162,3.39497881851852,13,39,"Porites lichen"
"Bottlebrush Acropora corals","Acropora longicyathus",48,3.34828932985417,55,40,"Acropora longicyathus"
"Sub-massive corals","Montipora meandrina",2,3.2988505745,308,41,"Montipora meandrina"
"Tabular Acropora corals","Acropora abrotanoides",31,3.26379059041935,73,42,"Acropora abrotanoides"
"Tabular Acropora corals","Acropora seriata",5,3.2,223,43,"Acropora seriata"
"Digitate corals","Acropora digitifera",96,3.19576431567708,23,44,"Acropora digitifera"
"Branching corals","Echinopora ashmorensis",21,3.17631373485714,105,45,"Echinopora ashmorensis"
"Foliose/Plate corals","Montipora aequituberculata",30,3.1594332375,77,46,"Montipora aequituberculata"
"Branching Acropora","Acropora vaughani",7,3.13749742314286,202,47,"Acropora vaughani"
"Foliose/Plate corals","Montipora crassituberculata",26,3.13665460688462,89,48,"Montipora crassituberculata"
"Branching Acropora","Acropora pulchra",22,3.04512265186364,99,49,"Acropora pulchra"
"Massive corals","Acanthastrea hillae",2,3.0252525255,282,50,"Acanthastrea hillae"
"Massive corals","Diploastrea heliopora",58,3.0166427217069,45,51,"Diploastrea heliopora"
"Encrusting corals","Isopora cuneata",3,3,266,52,"Isopora cuneata"
"Corymbose Acropora corals","Acropora chesterfieldensis",1,3,330,53,"Acropora chesterfieldensis"
"Corymbose Acropora corals","Acropora glauca",1,3,334,54,"Acropora glauca"
"Digitate corals","Acropora globiceps",1,3,335,55,"Acropora globiceps"
"Stony corals","Hydnophora grandis",1,3,367,56,"Hydnophora grandis"
"Encrusting corals","Leptastrea transversa",1,3,370,57,"Encrusting corals"
"Branching Acropora","Acropora Staghorn",93,2.9838434755914,26,58,"Acropora Staghorn"
"Tabular Acropora corals","Tabular Acropora corals",73,2.93482838010959,37,59,"Tabular Acropora corals"
"Foliose/Plate corals","Echinopora mammiformis",7,2.88223800285714,204,60,"Foliose/Plate corals"
"Hydrocoral","Millepora exaesa",260,2.84484415526923,3,61,"Millepora exaesa"
"Branching Acropora","Acropora austera",41,2.82634497858537,66,62,"Branching Acropora"
"Sub-massive corals","Pavona duerdeni",34,2.81932207994118,72,63,"Sub-massive corals"
"Encrusting corals","Montipora Encrusting",364,2.7944855870989,1,64,"Montipora Encrusting"
"Branching Acropora","Acropora intermedia",34,2.76961349132353,71,65,"Branching Acropora"
"Branching Acropora","Acropora loisetteae",7,2.74955462371429,199,66,"Branching Acropora"
"Columnar corals","Pavona clavus",12,2.73574173266667,155,67,"Columnar corals"
"Bottlebrush Acropora corals","Acropora carduus",6,2.68192231583333,214,68,"Bottlebrush Acropora corals"
"Foliose/Plate corals","Turbinaria frondens",3,2.67346938766667,279,69,"Foliose/Plate corals"
"Branching corals","Psammocora contigua",3,2.66666666666667,277,70,"Branching corals"
"Bottlebrush Acropora corals","Acropora turaki",15,2.59934813166667,133,71,"Bottlebrush Acropora corals"
"Tabular Acropora corals","Acropora papillare",7,2.58076683242857,200,72,"Tabular Acropora corals"
"Stony corals","Leptastrea",2,2.56185567,302,73,"Stony corals"
"Sub-massive corals","Pectinia paeonia",10,2.5545201835,169,74,"Sub-massive corals"
"Encrusting corals","Pavona varians",205,2.52950067820488,8,75,"Pavona varians"
"Branching Acropora","Acropora yongei",7,2.50709332071429,203,76,"Branching Acropora"
"Massive corals","Symphyllia agaricia",2,2.505050505,321,77,"Massive corals"
"Sub-massive corals","Coscinaraea Submassive",2,2.5,292,78,"Sub-massive corals"
"Foliose/Plate corals","Montipora corbettensis",2,2.5,306,79,"Foliose/Plate corals"
"Encrusting corals","Echinopora gemmacea",24,2.42809370725,93,80,"Encrusting corals"
"Foliose/Plate corals","Merulina ampliata",80,2.425209855325,32,81,"Merulina ampliata"
"Sub-massive corals","Pectinia lactuca",8,2.377551020375,193,82,"Sub-massive corals"
"Hydrocoral","Millepora dichotoma",49,2.3687019815102,54,83,"Hydrocoral"
"Corymbose Acropora corals","Acropora tenuis",76,2.36105840931579,34,84,"Acropora tenuis"
"Encrusting corals","Montipora informis",15,2.3585952802,137,85,"Encrusting corals"
"Foliose/Plate corals","Montipora Foliose",28,2.28445013828571,84,86,"Foliose/Plate corals"
"Corymbose Acropora corals","Acropora millepora",46,2.28434586723913,59,87,"Corymbose Acropora corals"
"Tabular Acropora corals","Acropora florida",47,2.27319910265957,57,88,"Tabular Acropora corals"
"Branching Acropora","Acropora Bushy arborescent",50,2.27130798698,52,89,"Branching Acropora"
"Massive corals","Platygyra lamellina",8,2.237777735,194,90,"Massive corals"
"Digitate corals","Digitate corals",5,2.2368609298,226,91,"Digitate corals"
"Foliose/Plate corals","Mycedium elephantotus",9,2.23472080288889,180,92,"Foliose/Plate corals"
"Tabular Acropora corals","Acropora paniculata",21,2.22541639304762,103,93,"Tabular Acropora corals"
"Branching corals","Seriatopora hystrix",86,2.22257679682558,31,94,"Seriatopora hystrix"
"Heliopora coerulea (blue coral)","Heliopora coerulea (blue coral)",30,2.19132204186667,76,95,"Heliopora coerulea (blue coral)"
"Sub-massive corals","Pavona bipartita",5,2.1904761904,231,96,"Sub-massive corals"
"Branching corals","Pocillopora verrucosa",249,2.16605492607631,5,97,"Pocillopora verrucosa"
"Hydrocoral","Millepora branching",13,2.15943034630769,149,98,"Hydrocoral"
"Sub-massive corals","Favia stelligera",140,2.15279605183571,15,99,"Favia stelligera"
"Branching corals","Psammocora obtusangula",2,2.112903226,318,100,"Branching corals"
"Bottlebrush Acropora corals","Acropora subglabra",8,2.10939704175,186,101,"Bottlebrush Acropora corals"
"Foliose/Plate corals","Montipora palawanensis",1,2.105263158,377,102,"Foliose/Plate corals"
"Foliose/Plate corals","Merulina scabricula",22,2.10167287295455,102,103,"Foliose/Plate corals"
"Corymbose Acropora corals","Acropora listeri",19,2.10104352584211,113,104,"Corymbose Acropora corals"
"Branching corals","Porites nigrescens",19,2.09313564573684,119,105,"Branching corals"
"Corymbose Acropora corals","Acropora latistella",26,2.08674473138462,86,106,"Corymbose Acropora corals"
"Columnar corals","Psammocora haimiana",2,2.0789473685,317,107,"Columnar corals"
"Foliose/Plate corals","Mycedium mancaoi",4,2.07892277225,245,108,"Foliose/Plate corals"
"Sub-massive corals","Montipora caliculata",17,2.06557096523529,123,109,"Sub-massive corals"
"Foliose/Plate corals","Echinopora lamellosa",94,2.05007974567021,25,110,"Echinopora lamellosa"
"Sub-massive corals","Montipora Submassive",104,2.04393643092308,20,111,"Montipora Submassive"
"Foliose/Plate corals","Pachyseris speciosa",24,2.03006312383333,95,112,"Foliose/Plate corals"
"Corymbose Acropora corals","Acropora sarmentosa",20,2.0123381794,110,113,"Corymbose Acropora corals"
"Massive corals","Turbinaria stellulata",5,2.0105263158,233,114,"Massive corals"
"Sub-massive corals","Montipora incrassata",4,2.00762729325,243,115,"Sub-massive corals"
"Branching corals","Galaxea horrescens",9,2.00224466888889,176,116,"Branching corals"
"Sub-massive corals","Montipora efflorescens",4,2,241,117,"Sub-massive corals"
"Columnar corals","Isopora Columnar or digitate",3,2,265,118,"Columnar corals"
"Foliose/Plate corals","Leptoseris yabei",3,2,267,119,"Foliose/Plate corals"
"Sub-massive corals","Lobophyllia dentatus",3,2,269,120,"Sub-massive corals"
"Corymbose Acropora corals","Acropora anthocercis",1,2,328,121,"Corymbose Acropora corals"
"Encrusting corals","Acropora Encrusting",1,2,333,122,"Encrusting corals"
"Encrusting corals","Astreopora incrustans",1,2,344,123,"Encrusting corals"
"Large-polyp stony corals (free-living)","Cycloseris patelliformis",1,2,347,124,"Large-polyp stony corals (free-living)"
"Branching corals","Hydnophora Branching",1,2,366,125,"Branching corals"
"Branching corals","Montipora digitata",1,2,376,126,"Branching corals"
"Ahermatypic corals","Tubastrea coccinea",1,2,398,127,"Ahermatypic corals"
"Hydrocoral","Millepora intricata",7,1.97815676385714,208,128,"Hydrocoral"
"Encrusting corals","Montipora monasteriata",23,1.96689723321739,98,129,"Encrusting corals"
"Tabular Acropora corals","Acropora clathrata",14,1.95534025435714,139,130,"Tabular Acropora corals"
"Branching corals","Porites rugosa",1,1.941747573,394,131,"Branching corals"
"Corymbose Acropora corals","Corymbose Acropora corals",277,1.92440390471841,2,132,"Corymbose Acropora corals"
"Massive corals","Platygyra sinensis",12,1.91430328933333,156,133,"Massive corals"
"Columnar corals","Coscinaraea exesa",10,1.9075268817,166,134,"Columnar corals"
"Stony corals","New species record",10,1.899009901,168,135,"Stony corals"
"Stony corals","Coral Species",57,1.87298240103509,47,136,"Coral Species"
"Foliose/Plate corals","Montipora Solid plates",19,1.86792720352632,117,137,"Foliose/Plate corals"
"Hydrocoral","Millepora tenera",12,1.84106529208333,153,138,"Hydrocoral"
"Massive corals","Physogyra lichtensteini",11,1.84073057027273,165,139,"Massive corals"
"Encrusting corals","Porites vaughani",52,1.80458809232692,51,140,"Encrusting corals"
"Encrusting corals","Montipora grisea",87,1.76366258396552,30,141,"Montipora grisea"
"Corymbose Acropora corals","Acropora divaricata",23,1.75530289130435,96,142,"Corymbose Acropora corals"
"Encrusting corals","Montipora undata",15,1.75302552986667,138,143,"Encrusting corals"
"Corymbose Acropora corals","Acropora nasuta",63,1.73449971628571,40,144,"Acropora nasuta"
"Branching corals","Echinopora horrida",21,1.71438803071429,106,145,"Branching corals"
"Branching corals","Pocillopora eydouxi",30,1.70431451766667,78,146,"Branching corals"
"Corymbose Acropora corals","Acropora cerealis",120,1.69504667824167,18,147,"Acropora cerealis"
"Sub-massive corals","Lobophyllia hemprichii",59,1.69205354357627,44,148,"Lobophyllia hemprichii"
"Branching corals","Pocillopora meandrina",45,1.68558040344444,63,149,"Branching corals"
"Branching corals","Pocillopora damicornis",99,1.68133729533333,21,150,"Pocillopora damicornis"
"Columnar corals","Goniopora Columnar or digitate",10,1.6721172865,167,151,"Columnar corals"
"Foliose/Plate corals","Podabacia crustacea",6,1.66835016833333,219,152,"Foliose/Plate corals"
"Corymbose Acropora corals","Acropora secale",36,1.66351536077778,69,153,"Corymbose Acropora corals"
"Sub-massive corals","Goniopora Submassive",21,1.66196808047619,107,154,"Sub-massive corals"
"Branching corals","Montipora stellata",3,1.65695792866667,270,155,"Branching corals"
"Branching corals","Seriatopora caliendrum",65,1.65367251766154,39,156,"Seriatopora caliendrum"
"Massive corals","Favia lizardensis",9,1.64236111111111,174,157,"Massive corals"
"Sub-massive corals","Isopora Submassive",11,1.63821892390909,161,158,"Sub-massive corals"
"Corymbose Acropora corals","Acropora lutkeni",14,1.62968555985714,140,159,"Corymbose Acropora corals"
"Branching Acropora","Branching Acropora",8,1.62901997925,188,160,"Branching Acropora"
"Sub-massive corals","Favites halicora",16,1.628478810875,127,161,"Sub-massive corals"
"Massive corals","Platygyra verweyi",16,1.6273331498125,130,162,"Massive corals"
"Encrusting corals","Hydnophora exesa",22,1.62551545945455,100,163,"Encrusting corals"
"Branching corals","Stylophora pistillata",204,1.61459322341667,9,164,"Stylophora pistillata"
"Large-polyp stony corals (free-living)","Fungia",88,1.61305489673864,28,165,"Fungia"
"Sub-massive corals","Goniastrea pectinata",176,1.60629227622727,11,166,"Goniastrea pectinata"
"Branching corals","Isopora Branching",5,1.6,230,167,"Branching corals"
"Massive corals","Goniastrea edwardsi",120,1.58659296809167,19,168,"Goniastrea edwardsi"
"Massive corals","Favites complanata",26,1.57690447803846,88,169,"Massive corals"
"Large-polyp stony corals (free-living)","Fungia fungites",5,1.561904762,229,170,"Large-polyp stony corals (free-living)"
"Corymbose Acropora corals","Acropora loripes",62,1.56113328220968,41,171,"Acropora loripes"
"Tabular Acropora corals","Acropora robusta",7,1.56073858114286,201,172,"Tabular Acropora corals"
"Massive corals","Acanthastrea hemprichii",3,1.54443712966667,254,173,"Massive corals"
"Columnar corals","Columnar corals",5,1.5402315312,225,174,"Columnar corals"
"Encrusting corals","Montipora tuberculosa",56,1.53834558707143,49,175,"Montipora tuberculosa"
"Sub-massive corals","Montipora foveolata",4,1.53125,242,176,"Sub-massive corals"
"Encrusting corals","Encrusting corals",252,1.52953960381349,4,177,"Encrusting corals"
"Massive corals","Phymastrea magnistellata",25,1.52269278376,91,178,"Massive corals"
"Corymbose Acropora corals","Acropora subulata",5,1.5217391304,224,179,"Corymbose Acropora corals"
"Corymbose Acropora corals","Acropora polystoma",30,1.52095658676667,75,180,"Corymbose Acropora corals"
"Encrusting corals","Goniopora Encrusting",4,1.51595744675,238,181,"Encrusting corals"
"Massive corals","Lobophyllia Hemispherical",2,1.5154639175,304,182,"Massive corals"
"Columnar corals","Montipora spumosa",4,1.5,244,183,"Columnar corals"
"Encrusting corals","Turbinaria Encrusting",4,1.5,251,184,"Encrusting corals"
"Massive corals","Astreopora ocellata",2,1.5,290,185,"Massive corals"
"Massive corals","Favia amicorum",2,1.5,295,186,"Massive corals"
"Stony corals","Galaxea",2,1.5,297,187,"Stony corals"
"Branching corals","Isopora elizabethensis",2,1.5,301,188,"Branching corals"
"Sub-massive corals","Platygyra yaeyamaensis",2,1.5,313,189,"Sub-massive corals"
"Ahermatypic corals","Tubastrea",2,1.5,324,190,"Ahermatypic corals"
"Digitate corals","Acropora gemmifera",53,1.49554553462264,50,191,"Digitate corals"
"Corymbose Acropora corals","Acropora verweyi",16,1.4951815884375,125,192,"Corymbose Acropora corals"
"Encrusting corals","Echinophyllia aspera",19,1.491996226,115,193,"Encrusting corals"
"Sub-massive corals","Leptoria phrygia",69,1.48780176704348,38,194,"Leptoria phrygia"
"Sub-massive corals","Cyphastrea Submassive",126,1.48565310653175,17,195,"Cyphastrea Submassive"
"Massive corals","Goniopora tenuidens",11,1.46653749727273,160,196,"Massive corals"
"Foliose/Plate corals","Oxypora lacera",13,1.45683154069231,151,197,"Foliose/Plate corals"
"Sub-massive corals","Sub-massive corals",168,1.45626316888095,12,198,"Sub-massive corals"
"Digitate corals","Acropora monticulosa",15,1.45579975586667,132,199,"Digitate corals"
"Sub-massive corals","Favites pentagona",7,1.42857142857143,205,200,"Sub-massive corals"
"Encrusting corals","Leptastrea purpurea",7,1.42857142857143,207,201,"Encrusting corals"
"Sub-massive corals","Favites abdita",43,1.4110227812093,64,202,"Sub-massive corals"
"Branching corals","Hydnophora rigida",22,1.40705816572727,101,203,"Branching corals"
"Encrusting corals","Psammocora nierstraszi",5,1.4,232,204,"Encrusting corals"
"Corymbose Acropora corals","Acropora selago",8,1.377551020375,185,205,"Corymbose Acropora corals"
"Large-polyp stony corals (free-living)","Ctenactis",14,1.37614640378571,141,206,"Large-polyp stony corals (free-living)"
"Digitate corals","Acropora samoensis",13,1.375739645,146,207,"Digitate corals"
"Sub-massive corals","Stylocoeniella guentheri",8,1.375,195,208,"Sub-massive corals"
"Massive corals","Astreopora myriophthalma",90,1.36949487004444,27,209,"Astreopora myriophthalma"
"Corymbose Acropora corals","Acropora valida",42,1.36035183954762,65,210,"Corymbose Acropora corals"
"Massive corals","Goniastrea retiformis",58,1.35813108465517,46,211,"Goniastrea retiformis"
"Organ-pipe coral (Tubipora)","Organ-pipe coral (Tubipora)",11,1.35641784018182,163,212,"Organ-pipe coral (Tubipora)"
"Massive corals","Goniopora Hemispherical",17,1.34385980547059,122,213,"Massive corals"
"Hydrocoral","Millepora",6,1.335016835,216,214,"Hydrocoral"
"Massive corals","Astreopora listeri",3,1.33333333333333,258,215,"Massive corals"
"Sub-massive corals","Lobophyllia corymbosa",3,1.33333333333333,268,216,"Sub-massive corals"
"Encrusting corals","Echinophyllia Encrusting",3,1.33003300333333,260,217,"Encrusting corals"
"Massive corals","Favia",24,1.3239606135,94,218,"Massive corals"
"Sub-massive corals","Astreopora gracilis",16,1.32001155625,126,219,"Sub-massive corals"
"Columnar corals","Pavona maldivensis",19,1.31901215078947,118,220,"Columnar corals"
"Massive corals","Favia pallida",48,1.29322822810417,56,221,"Massive corals"
"Sub-massive corals","Leptastrea Submassive",60,1.29233989606667,43,222,"Leptastrea Submassive"
"Corymbose Acropora corals","Acropora aculeus",7,1.28860028857143,197,223,"Corymbose Acropora corals"
"Sub-massive corals","Montipora nodosa",11,1.28345078218182,162,224,"Sub-massive corals"
"Encrusting corals","Leptastrea Encrusting",46,1.28335322493478,60,225,"Encrusting corals"
"Bottlebrush Acropora corals","Bottlebrush Acropora corals",15,1.28186155133333,134,226,"Bottlebrush Acropora corals"
"Massive corals","Coeloseris mayeri",26,1.27309394484615,87,227,"Massive corals"
"Encrusting corals","Leptastrea pruinosa",8,1.258585293,191,228,"Encrusting corals"
"Encrusting corals","Montipora danae",8,1.258330265,192,229,"Encrusting corals"
"Sub-massive corals","Favites russelli",11,1.25632952909091,159,230,"Sub-massive corals"
"Branching corals","Stylophora subseriata",4,1.255050505,250,231,"Branching corals"
"Foliose/Plate corals","Montipora foliosa",7,1.25461251228571,209,232,"Foliose/Plate corals"
"Digitate corals","Acropora Digitate",30,1.25129679153333,74,233,"Digitate corals"
"Digitate corals","Acropora humilis",60,1.25117950713333,42,234,"Acropora humilis"
"Tabular Acropora corals","Acropora donei",4,1.25,234,235,"Tabular Acropora corals"
"Stony corals","Porites",7,1.241500858,211,236,"Stony corals"
"Massive corals","Goniastrea Hemispherical",14,1.23703699171429,142,237,"Massive corals"
"Massive corals","Goniastrea australensis",9,1.23456790122222,178,238,"Massive corals"
"Massive corals","Symphyllia recta",29,1.23185242062069,82,239,"Massive corals"
"Massive corals","Favia speciosa",8,1.22605665675,190,240,"Massive corals"
"Encrusting corals","Echinopora Encrusting",9,1.22250747855556,173,241,"Encrusting corals"
"Encrusting corals","Galaxea fascicularis",45,1.22232450691111,62,242,"Encrusting corals"
"Sub-massive corals","Coscinaraea columna",37,1.22133344335135,67,243,"Sub-massive corals"
"Sub-massive corals","Astreopora Submassive",9,1.22033860822222,172,244,"Sub-massive corals"
"Encrusting corals","Astreopora Encrusting",9,1.21821036111111,171,245,"Encrusting corals"
"Branching corals","Pocillopora",37,1.21217578845946,68,246,"Branching corals"
"Massive corals","Platygyra daedalea",21,1.20027266590476,108,247,"Massive corals"
"Massive corals","Favites flexuosa",5,1.2,227,248,"Massive corals"
"Sub-massive corals","Montipora hoffmeisteri",12,1.193689766,154,249,"Sub-massive corals"
"Sub-massive corals","Cyphastrea serailia",15,1.1929678316,135,250,"Sub-massive corals"
"Massive corals","Favia favus",15,1.19098467673333,136,251,"Massive corals"
"Sub-massive corals","Porites Submassive",47,1.18847661010638,58,252,"Sub-massive corals"
"Branching corals","Seriatopora",10,1.1824615282,170,253,"Branching corals"
"Corymbose Acropora corals","Acropora granulosa",7,1.17924229542857,198,254,"Corymbose Acropora corals"
"Encrusting corals","Montipora verrucosa",6,1.17712209816667,217,255,"Encrusting corals"
"Stony corals","Stony corals",21,1.17464600285714,109,256,"Stony corals"
"Massive corals","Platygyra pini",16,1.1738157906875,129,257,"Massive corals"
"Encrusting corals","Cyphastrea Encrusting",74,1.17290167217568,35,258,"Cyphastrea Encrusting"
"Corymbose Acropora corals","Acropora caroliniana",6,1.17006802716667,215,259,"Corymbose Acropora corals"
"Massive corals","Symphyllia",6,1.1637608845,221,260,"Massive corals"
"Stony corals","Acropora",77,1.15770798536364,33,261,"Acropora"
"Sub-massive corals","Cyphastrea microphthalma",19,1.15321604994737,114,262,"Sub-massive corals"
"Foliose/Plate corals","Solid plate corals",14,1.14807426728571,144,263,"Foliose/Plate corals"
"Sub-massive corals","Favites Submassive",28,1.14407590828571,83,264,"Sub-massive corals"
"Branching corals","Seriatopora aculeata",7,1.13765571171429,212,265,"Branching corals"
"Massive corals","Favia matthaii",29,1.13625850824138,80,266,"Massive corals"
"Sub-massive corals","Platygyra contorta",9,1.11335578,181,267,"Sub-massive corals"
"Massive corals","Astrea annuligera",8,1.112910754375,187,268,"Massive corals"
"Massive corals","Goniastrea aspera",18,1.11131201438889,120,269,"Massive corals"
"Branching corals","Porites Branching",9,1.11059017344444,182,270,"Branching corals"
"Massive corals","Cyphastrea Hemispherical",23,1.10420155443478,97,271,"Massive corals"
"Massive corals","Favia rotumana",8,1.10173160175,189,272,"Massive corals"
"Encrusting corals","Psammocora profundacella",9,1.09727309733333,183,273,"Encrusting corals"
"Massive corals","Massive corals",57,1.08983274191228,48,274,"Massive corals"
"Sub-massive corals","Platygyra Submassive",12,1.08237317408333,157,275,"Sub-massive corals"
"Massive corals","Favia Hemispherical",45,1.08194294222222,61,276,"Massive corals"
"Foliose/Plate corals","Foliose/Plate corals",17,1.07795630329412,121,277,"Foliose/Plate corals"
"Sub-massive corals","Goniastrea Submassive",27,1.07467094696296,85,278,"Sub-massive corals"
"Foliose/Plate corals","Pavona decussata",7,1.070456754,210,279,"Foliose/Plate corals"
"Encrusting corals","Porites Encrusting",14,1.06912621892857,143,280,"Encrusting corals"
"Ahermatypic corals","Tubastrea micranthus",1,1.063829787,399,281,"Ahermatypic corals"
"Encrusting corals","Favites Encrusting",29,1.06248546465517,81,282,"Encrusting corals"
"Sub-massive corals","Gardineroseris planulata",16,1.0597012771875,128,283,"Sub-massive corals"
"Massive corals","Favia veroni",1,1.052631579,358,284,"Massive corals"
"Sub-massive corals","Lobophyllia",2,1.043478261,303,285,"Sub-massive corals"
"Stony corals","Montipora",1,1.041666667,375,286,"Stony corals"
"Foliose/Plate corals","Oxypora",1,1.041666667,383,287,"Foliose/Plate corals"
"Corymbose Acropora corals","Acropora spathulata",2,1.0369653985,284,288,"Corymbose Acropora corals"
"Corymbose Acropora corals","Acropora nana",1,1.030927835,337,289,"Corymbose Acropora corals"
"Massive corals","Alveopora Hemispherical",1,1.030927835,339,290,"Massive corals"
"Sub-massive corals","Echinopora Submassive",1,1.030927835,352,291,"Sub-massive corals"
"Large-polyp stony corals (free-living)","Fungia granulosa",1,1.030927835,360,292,"Large-polyp stony corals (free-living)"
"Large-polyp stony corals (free-living)","Halomitra pileus",1,1.030927835,365,293,"Large-polyp stony corals (free-living)"
"Foliose/Plate corals","Porites Foliose",2,1.0263157895,314,294,"Foliose/Plate corals"
"Massive corals","Astrea curta",29,1.02551970096552,79,295,"Massive corals"
"Encrusting corals","Acanthastrea Encrusting",1,1.020408163,327,296,"Encrusting corals"
"Massive corals","Galaxea Hemispherical",1,1.020408163,362,297,"Massive corals"
"Sub-massive corals","Montipora venosa",2,1.0154639175,309,298,"Sub-massive corals"
"Sub-massive corals","Astreopora cucullata",2,1.0152545865,289,299,"Sub-massive corals"
"Sub-massive corals","Favia Submassive",49,1.01490418214286,53,300,"Sub-massive corals"
"Massive corals","Platygyra Hemispherical",4,1.012123746,249,301,"Massive corals"
"Stony corals","Goniopora",7,1.01056154242857,206,302,"Stony corals"
"Encrusting corals","Pachyseris Encrusting",3,1.01016972433333,271,303,"Encrusting corals"
"Encrusting corals","Platygyra Encrusting",3,1.01016972433333,275,304,"Encrusting corals"
"Foliose/Plate corals","Acropora efflorescens",1,1.01010101,332,305,"Foliose/Plate corals"
"Stony corals","Echinophyllia",1,1.01010101,349,306,"Stony corals"
"Foliose/Plate corals","Pachyseris Foliose",1,1.01010101,387,307,"Foliose/Plate corals"
"Sub-massive corals","Pachyseris Submassive",1,1.01010101,388,308,"Sub-massive corals"
"Large-polyp stony corals (free-living)","Ctenactis echinata",2,1.0052535865,293,309,"Large-polyp stony corals (free-living)"
"Stony corals","Phymastrea",2,1.005050505,312,310,"Stony corals"
"Sub-massive corals","Symphyllia Submassive",7,1.00288600285714,213,311,"Sub-massive corals"
"Branching corals","Branching corals",21,1.00199141952381,104,312,"Branching corals"
"Encrusting corals","Galaxea Encrusting",3,1.00106837633333,263,313,"Encrusting corals"
"Encrusting corals","Psammocora Encrusting",2,1.00010001,316,314,"Encrusting corals"
"Massive corals","Oulophyllia crispa",6,1,218,315,"Massive corals"
"Large-polyp stony corals (free-living)","Ctenactis crassa",4,1,235,316,"Large-polyp stony corals (free-living)"
"Massive corals","Leptastrea inaequalis",4,1,239,317,"Massive corals"
"Massive corals","Acanthastrea brevis",3,1,252,318,"Massive corals"
"Massive corals","Acanthastrea Hemispherical",3,1,253,319,"Massive corals"
"Sub-massive corals","Acanthastrea Submassive",3,1,255,320,"Sub-massive corals"
"Tabular Acropora corals","Acropora Arborescent table",3,1,256,321,"Tabular Acropora corals"
"Tabular Acropora corals","Acropora microclados",3,1,257,322,"Tabular Acropora corals"
"Stony corals","Cyphastrea",3,1,259,323,"Stony corals"
"Stony corals","Isopora",3,1,264,324,"Stony corals"
"Encrusting corals","Pavona minuta",3,1,273,325,"Encrusting corals"
"Massive corals","Platygyra ryukyuensis",3,1,276,326,"Massive corals"
"Sub-massive corals","Psammocora Submassive",3,1,278,327,"Sub-massive corals"
"Foliose/Plate corals","Turbinaria peltata",3,1,280,328,"Foliose/Plate corals"
"Foliose/Plate corals","Turbinaria Solid plates",3,1,281,329,"Foliose/Plate corals"
"Tabular Acropora corals","Acropora Perforated plate",2,1,283,330,"Tabular Acropora corals"
"Bottlebrush Acropora corals","Acropora striata",2,1,285,331,"Bottlebrush Acropora corals"
"Branching corals","Anacropora Branching",2,1,288,332,"Branching corals"
"Sub-massive corals","Galaxea Submassive",2,1,298,333,"Sub-massive corals"
"Large-polyp stony corals (free-living)","Heliofungia actiniformis",2,1,299,334,"Large-polyp stony corals (free-living)"
"Encrusting corals","Montipora floweri",2,1,307,335,"Encrusting corals"
"Stony corals","Stylophora",2,1,319,336,"Stony corals"
"Branching corals","Stylophora Branching",2,1,320,337,"Branching corals"
"Massive corals","Symphyllia Hemispherical",2,1,322,338,"Massive corals"
"Massive corals","Symphyllia radians",2,1,323,339,"Massive corals"
"Foliose/Plate corals","Turbinaria Foliose",2,1,325,340,"Foliose/Plate corals"
"Corymbose Acropora corals","Acropora bushyensis",1,1,329,341,"Corymbose Acropora corals"
"Bottlebrush Acropora corals","Acropora echinata",1,1,331,342,"Bottlebrush Acropora corals"
"Foliose/Plate corals","Astreopora expansa",1,1,342,343,"Foliose/Plate corals"
"Encrusting corals","Coscinaraea Encrusting",1,1,346,344,"Encrusting corals"
"Branching corals","Cyphastrea Branching",1,1,348,345,"Branching corals"
"Massive corals","Favia helianthoides",1,1,354,346,"Massive corals"
"Massive corals","Favia laxa",1,1,355,347,"Massive corals"
"Massive corals","Favia rotundata",1,1,357,348,"Massive corals"
"Large-polyp stony corals (free-living)","Fungia paumotensis",1,1,361,349,"Large-polyp stony corals (free-living)"
"Encrusting corals","Goniopora fruticosa",1,1,363,350,"Encrusting corals"
"Encrusting corals","Goniopora somaliensis",1,1,364,351,"Encrusting corals"
"Massive corals","Leptastrea bottae",1,1,369,352,"Massive corals"
"Stony corals","Leptoseris",1,1,371,353,"Stony corals"
"Foliose/Plate corals","Leptoseris scabra",1,1,373,354,"Foliose/Plate corals"
"Sub-massive corals","Lobophyllia pachysepta",1,1,374,355,"Sub-massive corals"
"Foliose/Plate corals","Montipora peltiformis",1,1,378,356,"Foliose/Plate corals"
"Sub-massive corals","Moseleya latistellata",1,1,380,357,"Sub-massive corals"
"Massive corals","Oulophyllia",1,1,381,358,"Massive corals"
"Massive corals","Oulophyllia bennettae",1,1,382,359,"Massive corals"
"Foliose/Plate corals","Oxypora crassispinosa",1,1,384,360,"Foliose/Plate corals"
"Encrusting corals","Oxypora Encrusting",1,1,385,361,"Encrusting corals"
"Stony corals","Pachyseris",1,1,386,362,"Stony corals"
"Foliose/Plate corals","Pectinia alcicornis",1,1,389,363,"Foliose/Plate corals"
"Encrusting corals","Pectinia Encrusting",1,1,390,364,"Encrusting corals"
"Massive corals","Plesiastrea versipora",1,1,391,365,"Massive corals"
"Branching corals","Pocillopora danae",1,1,392,366,"Branching corals"
"Encrusting corals","Stylocoeniella Encrusting",1,1,396,367,"Encrusting corals"
"Massive corals","Symphyllia hemispherica",1,1,397,368,"Massive corals"
"Encrusting corals","Turbinaria irregularis",1,1,400,369,"Encrusting corals"
"Massive corals","Acanthastrea echinata",8,0.99876237625,184,370,"Massive corals"
"Encrusting corals","Leptoseris mycetoseroides",13,0.998536522769231,148,371,"Encrusting corals"
"Sub-massive corals","Cyphastrea chalcidicum",4,0.99762329175,236,372,"Sub-massive corals"
"Foliose/Plate corals","Porites Solid plates",2,0.995049505,315,373,"Foliose/Plate corals"
"Encrusting corals","Montipora turgescens",13,0.994438310153846,150,374,"Encrusting corals"
"Sub-massive corals","Phymastrea valenciennesi",3,0.993982208333333,274,375,"Sub-massive corals"
"Sub-massive corals","Favites",9,0.992975686222222,175,376,"Sub-massive corals"
"Sub-massive corals","Pavona Submassive",4,0.9903846155,246,377,"Sub-massive corals"
"Sub-massive corals","Euphyllia ancora",3,0.990291262,261,378,"Sub-massive corals"
"Stony corals","Acanthastrea",1,0.99009901,326,379,"Stony corals"
"Sub-massive corals","Alveopora Submassive",1,0.99009901,341,380,"Sub-massive corals"
"Branching Pocillopora","Branching Pocillopora",1,0.99009901,345,381,"Branching Pocillopora"
"Massive corals","Platygyra",4,0.988095238,248,382,"Massive corals"
"Large-polyp stony corals (free-living)","Fungia horrida",3,0.987493987333333,262,383,"Large-polyp stony corals (free-living)"
"Large-polyp stony corals (free-living)","Herpolitha limax",12,0.986127016666667,152,384,"Large-polyp stony corals (free-living)"
"Branching corals","Pectinia teres",4,0.9856199905,247,385,"Branching corals"
"Massive corals","Montipora Hemispherical",9,0.983360386777778,179,386,"Massive corals"
"Large-polyp stony corals (free-living)","Fungia scutaria",4,0.98324328225,237,387,"Large-polyp stony corals (free-living)"
"Stony corals","Goniastrea",9,0.981554452222222,177,388,"Stony corals"
"Massive corals","Hydnophora microconos",2,0.980769231,300,389,"Massive corals"
"Encrusting corals","Leptoseris Encrusting",1,0.980392157,372,390,"Encrusting corals"
"Sub-massive corals","Echinophyllia orpheensis",1,0.970873786,350,391,"Sub-massive corals"
"Large-polyp stony corals (free-living)","Fungia concinna",5,0.9701654782,228,392,"Large-polyp stony corals (free-living)"
"Massive corals","Favia maritima",1,0.961538462,356,393,"Massive corals"
"Large-polyp stony corals (free-living)","Fungia danai",1,0.952380952,359,394,"Large-polyp stony corals (free-living)"
"Branching corals","Isopora cylindrica",1,0.952380952,368,395,"Branching corals"
"Large-polyp stony corals (free-living)","Sandalolitha robusta",6,0.937869592166667,220,396,"Large-polyp stony corals (free-living)"
"Sub-massive corals","Euphyllia glabrescens",1,0.884955752,353,397,"Sub-massive corals"
"Massive corals","Astreopora Hemispherical",1,0.833333333,343,398,"Massive corals"
"Massive corals","Favites Hemispherical",2,0.75,296,399,"Massive corals"
"Foliose/Plate corals","Echinopora Foliose",1,0.5,351,400,"Foliose/Plate corals"
